Crm Cd Desc,Vict Sex,Vict Age Group,Weapon Category,Crime Count,Crime %
ARSON,M,35-49,No weapon / unknown,228,15.58
ARSON,M,50-64,No weapon / unknown,178,12.17
ARSON,F,35-49,No weapon / unknown,130,8.89
ARSON,F,50-64,No weapon / unknown,121,8.27
ARSON,M,25-34,No weapon / unknown,97,6.63
ARSON,F,25-34,No weapon / unknown,90,6.15
ARSON,M,35-49,Other weapon,79,5.4
ARSON,M,50-64,Other weapon,79,5.4
ARSON,M,65+,No weapon / unknown,61,4.17
ARSON,F,65+,No weapon / unknown,53,3.62
ARSON,F,35-49,Other weapon,49,3.35
ARSON,F,50-64,Other weapon,36,2.46
ARSON,M,25-34,Other weapon,35,2.39
ARSON,F,25-34,Other weapon,34,2.32
ARSON,M,21-24,No weapon / unknown,29,1.98
ARSON,M,65+,Other weapon,26,1.78
ARSON,X,18-20,No weapon / unknown,24,1.64
ARSON,F,65+,Other weapon,18,1.23
ARSON,X,21-24,No weapon / unknown,16,1.09
ARSON,F,21-24,No weapon / unknown,11,0.75
ARSON,F,21-24,Other weapon,10,0.68
ARSON,M,18-20,No weapon / unknown,10,0.68
ARSON,M,21-24,Other weapon,6,0.41
ARSON,F,18-20,No weapon / unknown,5,0.34
ARSON,M,18-20,Other weapon,5,0.34
ARSON,X,21-24,Other weapon,5,0.34
ARSON,F,25-34,Personal weapons,4,0.27
ARSON,X,35-49,No weapon / unknown,4,0.27
ARSON,F,18-20,Other weapon,3,0.21
ARSON,M,2-9,No weapon / unknown,3,0.21
ARSON,M,10-12,No weapon / unknown,2,0.14
ARSON,M,13-17,No weapon / unknown,2,0.14
ARSON,M,25-34,Personal weapons,2,0.14
ARSON,F,2-9,Other weapon,1,0.07
ARSON,F,10-12,No weapon / unknown,1,0.07
ARSON,F,13-17,No weapon / unknown,1,0.07
ARSON,F,13-17,Other weapon,1,0.07
ARSON,M,13-17,Other weapon,1,0.07
ARSON,M,65+,Personal weapons,1,0.07
ARSON,X,50-64,No weapon / unknown,1,0.07
ARSON,X,65+,No weapon / unknown,1,0.07
ASSAULT WITH DEADLY WEAPON ON POLICE OFFICER,M,25-34,Other weapon,55,21.24
ASSAULT WITH DEADLY WEAPON ON POLICE OFFICER,M,35-49,Other weapon,55,21.24
ASSAULT WITH DEADLY WEAPON ON POLICE OFFICER,X,21-24,Other weapon,35,13.51
ASSAULT WITH DEADLY WEAPON ON POLICE OFFICER,M,21-24,Other weapon,17,6.56
ASSAULT WITH DEADLY WEAPON ON POLICE OFFICER,X,18-20,Other weapon,15,5.79
ASSAULT WITH DEADLY WEAPON ON POLICE OFFICER,M,50-64,Other weapon,14,5.41
ASSAULT WITH DEADLY WEAPON ON POLICE OFFICER,X,21-24,Personal weapons,7,2.7
ASSAULT WITH DEADLY WEAPON ON POLICE OFFICER,F,35-49,Other weapon,6,2.32
ASSAULT WITH DEADLY WEAPON ON POLICE OFFICER,M,25-34,Knife / sharp object,6,2.32
ASSAULT WITH DEADLY WEAPON ON POLICE OFFICER,M,25-34,Personal weapons,6,2.32
ASSAULT WITH DEADLY WEAPON ON POLICE OFFICER,M,35-49,Firearm,4,1.54
ASSAULT WITH DEADLY WEAPON ON POLICE OFFICER,M,35-49,Knife / sharp object,4,1.54
ASSAULT WITH DEADLY WEAPON ON POLICE OFFICER,M,35-49,Personal weapons,4,1.54
ASSAULT WITH DEADLY WEAPON ON POLICE OFFICER,M,25-34,Firearm,3,1.16
ASSAULT WITH DEADLY WEAPON ON POLICE OFFICER,M,50-64,Firearm,3,1.16
ASSAULT WITH DEADLY WEAPON ON POLICE OFFICER,X,21-24,Firearm,3,1.16
ASSAULT WITH DEADLY WEAPON ON POLICE OFFICER,F,21-24,Other weapon,2,0.77
ASSAULT WITH DEADLY WEAPON ON POLICE OFFICER,F,25-34,Other weapon,2,0.77
ASSAULT WITH DEADLY WEAPON ON POLICE OFFICER,F,50-64,Other weapon,2,0.77
ASSAULT WITH DEADLY WEAPON ON POLICE OFFICER,M,2-9,Other weapon,2,0.77
ASSAULT WITH DEADLY WEAPON ON POLICE OFFICER,M,25-34,Blunt object,2,0.77
ASSAULT WITH DEADLY WEAPON ON POLICE OFFICER,X,10-12,Personal weapons,2,0.77
ASSAULT WITH DEADLY WEAPON ON POLICE OFFICER,F,25-34,Knife / sharp object,1,0.39
ASSAULT WITH DEADLY WEAPON ON POLICE OFFICER,F,25-34,Personal weapons,1,0.39
ASSAULT WITH DEADLY WEAPON ON POLICE OFFICER,M,2-9,Firearm,1,0.39
ASSAULT WITH DEADLY WEAPON ON POLICE OFFICER,M,21-24,Personal weapons,1,0.39
ASSAULT WITH DEADLY WEAPON ON POLICE OFFICER,M,50-64,Blunt object,1,0.39
ASSAULT WITH DEADLY WEAPON ON POLICE OFFICER,X,18-20,Personal weapons,1,0.39
ASSAULT WITH DEADLY WEAPON ON POLICE OFFICER,X,21-24,Blunt object,1,0.39
ASSAULT WITH DEADLY WEAPON ON POLICE OFFICER,X,21-24,Knife / sharp object,1,0.39
ASSAULT WITH DEADLY WEAPON ON POLICE OFFICER,X,25-34,Personal weapons,1,0.39
ASSAULT WITH DEADLY WEAPON ON POLICE OFFICER,X,35-49,Other weapon,1,0.39
"ASSAULT WITH DEADLY WEAPON, AGGRAVATED ASSAULT",M,35-49,Other weapon,5233,10.16
"ASSAULT WITH DEADLY WEAPON, AGGRAVATED ASSAULT",M,25-34,Other weapon,4387,8.52
"ASSAULT WITH DEADLY WEAPON, AGGRAVATED ASSAULT",M,50-64,Other weapon,3574,6.94
"ASSAULT WITH DEADLY WEAPON, AGGRAVATED ASSAULT",M,25-34,Firearm,2686,5.22
"ASSAULT WITH DEADLY WEAPON, AGGRAVATED ASSAULT",M,35-49,Firearm,2356,4.58
"ASSAULT WITH DEADLY WEAPON, AGGRAVATED ASSAULT",F,35-49,Other weapon,1981,3.85
"ASSAULT WITH DEADLY WEAPON, AGGRAVATED ASSAULT",F,25-34,Other weapon,1807,3.51
"ASSAULT WITH DEADLY WEAPON, AGGRAVATED ASSAULT",M,35-49,Knife / sharp object,1719,3.34
"ASSAULT WITH DEADLY WEAPON, AGGRAVATED ASSAULT",M,25-34,Knife / sharp object,1650,3.2
"ASSAULT WITH DEADLY WEAPON, AGGRAVATED ASSAULT",F,50-64,Other weapon,1323,2.57
"ASSAULT WITH DEADLY WEAPON, AGGRAVATED ASSAULT",M,35-49,Personal weapons,1307,2.54
"ASSAULT WITH DEADLY WEAPON, AGGRAVATED ASSAULT",M,21-24,Other weapon,1291,2.51
"ASSAULT WITH DEADLY WEAPON, AGGRAVATED ASSAULT",M,25-34,Personal weapons,1227,2.38
"ASSAULT WITH DEADLY WEAPON, AGGRAVATED ASSAULT",M,50-64,Knife / sharp object,1059,2.06
"ASSAULT WITH DEADLY WEAPON, AGGRAVATED ASSAULT",M,50-64,Firearm,1035,2.01
"ASSAULT WITH DEADLY WEAPON, AGGRAVATED ASSAULT",M,21-24,Firearm,1024,1.99
"ASSAULT WITH DEADLY WEAPON, AGGRAVATED ASSAULT",M,50-64,Personal weapons,982,1.91
"ASSAULT WITH DEADLY WEAPON, AGGRAVATED ASSAULT",M,65+,Other weapon,949,1.84
"ASSAULT WITH DEADLY WEAPON, AGGRAVATED ASSAULT",F,25-34,Firearm,854,1.66
"ASSAULT WITH DEADLY WEAPON, AGGRAVATED ASSAULT",F,35-49,Firearm,742,1.44
"ASSAULT WITH DEADLY WEAPON, AGGRAVATED ASSAULT",M,18-20,Firearm,724,1.41
"ASSAULT WITH DEADLY WEAPON, AGGRAVATED ASSAULT",M,18-20,Other weapon,683,1.33
"ASSAULT WITH DEADLY WEAPON, AGGRAVATED ASSAULT",F,21-24,Other weapon,620,1.2
"ASSAULT WITH DEADLY WEAPON, AGGRAVATED ASSAULT",F,25-34,Personal weapons,542,1.05
"ASSAULT WITH DEADLY WEAPON, AGGRAVATED ASSAULT",F,35-49,Personal weapons,532,1.03
"ASSAULT WITH DEADLY WEAPON, AGGRAVATED ASSAULT",F,35-49,Knife / sharp object,495,0.96
"ASSAULT WITH DEADLY WEAPON, AGGRAVATED ASSAULT",M,21-24,Knife / sharp object,487,0.95
"ASSAULT WITH DEADLY WEAPON, AGGRAVATED ASSAULT",M,13-17,Firearm,460,0.89
"ASSAULT WITH DEADLY WEAPON, AGGRAVATED ASSAULT",M,35-49,Blunt object,460,0.89
"ASSAULT WITH DEADLY WEAPON, AGGRAVATED ASSAULT",F,25-34,Knife / sharp object,439,0.85
"ASSAULT WITH DEADLY WEAPON, AGGRAVATED ASSAULT",F,21-24,Firearm,422,0.82
"ASSAULT WITH DEADLY WEAPON, AGGRAVATED ASSAULT",M,65+,Personal weapons,411,0.8
"ASSAULT WITH DEADLY WEAPON, AGGRAVATED ASSAULT",F,50-64,Personal weapons,406,0.79
"ASSAULT WITH DEADLY WEAPON, AGGRAVATED ASSAULT",F,65+,Other weapon,391,0.76
"ASSAULT WITH DEADLY WEAPON, AGGRAVATED ASSAULT",M,13-17,Other weapon,388,0.75
"ASSAULT WITH DEADLY WEAPON, AGGRAVATED ASSAULT",M,25-34,Blunt object,372,0.72
"ASSAULT WITH DEADLY WEAPON, AGGRAVATED ASSAULT",F,18-20,Other weapon,369,0.72
"ASSAULT WITH DEADLY WEAPON, AGGRAVATED ASSAULT",M,21-24,Personal weapons,365,0.71
"ASSAULT WITH DEADLY WEAPON, AGGRAVATED ASSAULT",F,50-64,Knife / sharp object,342,0.66
"ASSAULT WITH DEADLY WEAPON, AGGRAVATED ASSAULT",F,50-64,Firearm,338,0.66
"ASSAULT WITH DEADLY WEAPON, AGGRAVATED ASSAULT",M,50-64,Blunt object,322,0.63
"ASSAULT WITH DEADLY WEAPON, AGGRAVATED ASSAULT",F,18-20,Firearm,258,0.5
"ASSAULT WITH DEADLY WEAPON, AGGRAVATED ASSAULT",F,21-24,Personal weapons,254,0.49
"ASSAULT WITH DEADLY WEAPON, AGGRAVATED ASSAULT",M,18-20,Knife / sharp object,247,0.48
"ASSAULT WITH DEADLY WEAPON, AGGRAVATED ASSAULT",F,65+,Personal weapons,239,0.46
"ASSAULT WITH DEADLY WEAPON, AGGRAVATED ASSAULT",M,13-17,Personal weapons,232,0.45
"ASSAULT WITH DEADLY WEAPON, AGGRAVATED ASSAULT",M,65+,Knife / sharp object,231,0.45
"ASSAULT WITH DEADLY WEAPON, AGGRAVATED ASSAULT",M,18-20,Personal weapons,195,0.38
"ASSAULT WITH DEADLY WEAPON, AGGRAVATED ASSAULT",M,65+,Firearm,189,0.37
"ASSAULT WITH DEADLY WEAPON, AGGRAVATED ASSAULT",F,13-17,Other weapon,184,0.36
"ASSAULT WITH DEADLY WEAPON, AGGRAVATED ASSAULT",F,13-17,Firearm,165,0.32
"ASSAULT WITH DEADLY WEAPON, AGGRAVATED ASSAULT",F,21-24,Knife / sharp object,165,0.32
"ASSAULT WITH DEADLY WEAPON, AGGRAVATED ASSAULT",M,13-17,Knife / sharp object,153,0.3
"ASSAULT WITH DEADLY WEAPON, AGGRAVATED ASSAULT",F,35-49,Blunt object,144,0.28
"ASSAULT WITH DEADLY WEAPON, AGGRAVATED ASSAULT",F,18-20,Personal weapons,139,0.27
"ASSAULT WITH DEADLY WEAPON, AGGRAVATED ASSAULT",F,13-17,Personal weapons,124,0.24
"ASSAULT WITH DEADLY WEAPON, AGGRAVATED ASSAULT",M,21-24,Blunt object,116,0.23
"ASSAULT WITH DEADLY WEAPON, AGGRAVATED ASSAULT",F,25-34,Blunt object,114,0.22
"ASSAULT WITH DEADLY WEAPON, AGGRAVATED ASSAULT",F,18-20,Knife / sharp object,110,0.21
"ASSAULT WITH DEADLY WEAPON, AGGRAVATED ASSAULT",M,65+,Blunt object,86,0.17
"ASSAULT WITH DEADLY WEAPON, AGGRAVATED ASSAULT",M,2-9,Other weapon,78,0.15
"ASSAULT WITH DEADLY WEAPON, AGGRAVATED ASSAULT",F,50-64,Blunt object,77,0.15
"ASSAULT WITH DEADLY WEAPON, AGGRAVATED ASSAULT",F,65+,Firearm,73,0.14
"ASSAULT WITH DEADLY WEAPON, AGGRAVATED ASSAULT",F,65+,Knife / sharp object,63,0.12
"ASSAULT WITH DEADLY WEAPON, AGGRAVATED ASSAULT",F,13-17,Knife / sharp object,62,0.12
"ASSAULT WITH DEADLY WEAPON, AGGRAVATED ASSAULT",F,2-9,Other weapon,57,0.11
"ASSAULT WITH DEADLY WEAPON, AGGRAVATED ASSAULT",X,21-24,Firearm,57,0.11
"ASSAULT WITH DEADLY WEAPON, AGGRAVATED ASSAULT",M,18-20,Blunt object,54,0.1
"ASSAULT WITH DEADLY WEAPON, AGGRAVATED ASSAULT",F,2-9,Firearm,52,0.1
"ASSAULT WITH DEADLY WEAPON, AGGRAVATED ASSAULT",M,2-9,Firearm,51,0.1
"ASSAULT WITH DEADLY WEAPON, AGGRAVATED ASSAULT",X,25-34,Other weapon,49,0.1
"ASSAULT WITH DEADLY WEAPON, AGGRAVATED ASSAULT",M,10-12,Other weapon,45,0.09
"ASSAULT WITH DEADLY WEAPON, AGGRAVATED ASSAULT",M,10-12,Firearm,43,0.08
"ASSAULT WITH DEADLY WEAPON, AGGRAVATED ASSAULT",X,35-49,Other weapon,42,0.08
"ASSAULT WITH DEADLY WEAPON, AGGRAVATED ASSAULT",F,21-24,Blunt object,40,0.08
"ASSAULT WITH DEADLY WEAPON, AGGRAVATED ASSAULT",X,18-20,Firearm,40,0.08
"ASSAULT WITH DEADLY WEAPON, AGGRAVATED ASSAULT",X,25-34,Firearm,36,0.07
"ASSAULT WITH DEADLY WEAPON, AGGRAVATED ASSAULT",F,10-12,Other weapon,31,0.06
"ASSAULT WITH DEADLY WEAPON, AGGRAVATED ASSAULT",M,13-17,Blunt object,30,0.06
"ASSAULT WITH DEADLY WEAPON, AGGRAVATED ASSAULT",X,35-49,Firearm,30,0.06
"ASSAULT WITH DEADLY WEAPON, AGGRAVATED ASSAULT",X,21-24,Other weapon,28,0.05
"ASSAULT WITH DEADLY WEAPON, AGGRAVATED ASSAULT",M,10-12,Personal weapons,24,0.05
"ASSAULT WITH DEADLY WEAPON, AGGRAVATED ASSAULT",F,10-12,Personal weapons,22,0.04
"ASSAULT WITH DEADLY WEAPON, AGGRAVATED ASSAULT",F,10-12,Firearm,21,0.04
"ASSAULT WITH DEADLY WEAPON, AGGRAVATED ASSAULT",X,50-64,Firearm,18,0.03
"ASSAULT WITH DEADLY WEAPON, AGGRAVATED ASSAULT",X,2-9,Firearm,16,0.03
"ASSAULT WITH DEADLY WEAPON, AGGRAVATED ASSAULT",X,2-9,Other weapon,16,0.03
"ASSAULT WITH DEADLY WEAPON, AGGRAVATED ASSAULT",X,13-17,Firearm,16,0.03
"ASSAULT WITH DEADLY WEAPON, AGGRAVATED ASSAULT",F,18-20,Blunt object,15,0.03
"ASSAULT WITH DEADLY WEAPON, AGGRAVATED ASSAULT",F,13-17,Blunt object,14,0.03
"ASSAULT WITH DEADLY WEAPON, AGGRAVATED ASSAULT",F,65+,Blunt object,14,0.03
"ASSAULT WITH DEADLY WEAPON, AGGRAVATED ASSAULT",X,18-20,Other weapon,14,0.03
"ASSAULT WITH DEADLY WEAPON, AGGRAVATED ASSAULT",X,10-12,Other weapon,13,0.03
"ASSAULT WITH DEADLY WEAPON, AGGRAVATED ASSAULT",X,50-64,Other weapon,13,0.03
"ASSAULT WITH DEADLY WEAPON, AGGRAVATED ASSAULT",X,25-34,Knife / sharp object,11,0.02
"ASSAULT WITH DEADLY WEAPON, AGGRAVATED ASSAULT",M,2-9,Knife / sharp object,10,0.02
"ASSAULT WITH DEADLY WEAPON, AGGRAVATED ASSAULT",X,21-24,Knife / sharp object,10,0.02
"ASSAULT WITH DEADLY WEAPON, AGGRAVATED ASSAULT",X,50-64,Knife / sharp object,10,0.02
"ASSAULT WITH DEADLY WEAPON, AGGRAVATED ASSAULT",X,65+,Other weapon,10,0.02
"ASSAULT WITH DEADLY WEAPON, AGGRAVATED ASSAULT",M,10-12,Knife / sharp object,9,0.02
"ASSAULT WITH DEADLY WEAPON, AGGRAVATED ASSAULT",F,10-12,Knife / sharp object,8,0.02
"ASSAULT WITH DEADLY WEAPON, AGGRAVATED ASSAULT",X,13-17,Other weapon,8,0.02
"ASSAULT WITH DEADLY WEAPON, AGGRAVATED ASSAULT",X,21-24,Personal weapons,6,0.01
"ASSAULT WITH DEADLY WEAPON, AGGRAVATED ASSAULT",X,35-49,Knife / sharp object,6,0.01
"ASSAULT WITH DEADLY WEAPON, AGGRAVATED ASSAULT",X,35-49,Personal weapons,6,0.01
"ASSAULT WITH DEADLY WEAPON, AGGRAVATED ASSAULT",F,2-9,Knife / sharp object,5,0.01
"ASSAULT WITH DEADLY WEAPON, AGGRAVATED ASSAULT",F,2-9,Personal weapons,5,0.01
"ASSAULT WITH DEADLY WEAPON, AGGRAVATED ASSAULT",M,2-9,Personal weapons,5,0.01
"ASSAULT WITH DEADLY WEAPON, AGGRAVATED ASSAULT",X,65+,Knife / sharp object,4,0.01
"ASSAULT WITH DEADLY WEAPON, AGGRAVATED ASSAULT",X,18-20,Knife / sharp object,3,0.01
"ASSAULT WITH DEADLY WEAPON, AGGRAVATED ASSAULT",M,2-9,Blunt object,2,0.0
"ASSAULT WITH DEADLY WEAPON, AGGRAVATED ASSAULT",M,10-12,Blunt object,2,0.0
"ASSAULT WITH DEADLY WEAPON, AGGRAVATED ASSAULT",X,10-12,Firearm,2,0.0
"ASSAULT WITH DEADLY WEAPON, AGGRAVATED ASSAULT",X,18-20,Personal weapons,2,0.0
"ASSAULT WITH DEADLY WEAPON, AGGRAVATED ASSAULT",X,25-34,Personal weapons,2,0.0
"ASSAULT WITH DEADLY WEAPON, AGGRAVATED ASSAULT",X,35-49,Blunt object,2,0.0
"ASSAULT WITH DEADLY WEAPON, AGGRAVATED ASSAULT",F,10-12,Blunt object,1,0.0
"ASSAULT WITH DEADLY WEAPON, AGGRAVATED ASSAULT",M,35-49,No weapon / unknown,1,0.0
"ASSAULT WITH DEADLY WEAPON, AGGRAVATED ASSAULT",X,2-9,Knife / sharp object,1,0.0
"ASSAULT WITH DEADLY WEAPON, AGGRAVATED ASSAULT",X,10-12,Knife / sharp object,1,0.0
"ASSAULT WITH DEADLY WEAPON, AGGRAVATED ASSAULT",X,21-24,Blunt object,1,0.0
"ASSAULT WITH DEADLY WEAPON, AGGRAVATED ASSAULT",X,25-34,Blunt object,1,0.0
"ASSAULT WITH DEADLY WEAPON, AGGRAVATED ASSAULT",X,50-64,Blunt object,1,0.0
"ASSAULT WITH DEADLY WEAPON, AGGRAVATED ASSAULT",X,65+,Blunt object,1,0.0
"ASSAULT WITH DEADLY WEAPON, AGGRAVATED ASSAULT",X,65+,Firearm,1,0.0
"ASSAULT WITH DEADLY WEAPON, AGGRAVATED ASSAULT",X,65+,Personal weapons,1,0.0
ATTEMPTED ROBBERY,M,35-49,Personal weapons,330,7.84
ATTEMPTED ROBBERY,M,35-49,Other weapon,237,5.63
ATTEMPTED ROBBERY,M,25-34,Personal weapons,228,5.42
ATTEMPTED ROBBERY,M,50-64,Personal weapons,216,5.13
ATTEMPTED ROBBERY,F,35-49,Personal weapons,203,4.82
ATTEMPTED ROBBERY,M,35-49,Firearm,193,4.58
ATTEMPTED ROBBERY,M,25-34,Other weapon,192,4.56
ATTEMPTED ROBBERY,M,50-64,Other weapon,175,4.16
ATTEMPTED ROBBERY,M,25-34,Firearm,171,4.06
ATTEMPTED ROBBERY,F,50-64,Personal weapons,164,3.9
ATTEMPTED ROBBERY,F,25-34,Personal weapons,153,3.63
ATTEMPTED ROBBERY,M,35-49,Knife / sharp object,132,3.14
ATTEMPTED ROBBERY,M,25-34,Knife / sharp object,117,2.78
ATTEMPTED ROBBERY,M,50-64,Knife / sharp object,98,2.33
ATTEMPTED ROBBERY,M,50-64,Firearm,90,2.14
ATTEMPTED ROBBERY,M,21-24,Personal weapons,81,1.92
ATTEMPTED ROBBERY,M,21-24,Firearm,78,1.85
ATTEMPTED ROBBERY,M,65+,Personal weapons,74,1.76
ATTEMPTED ROBBERY,F,35-49,Other weapon,70,1.66
ATTEMPTED ROBBERY,M,13-17,Personal weapons,65,1.54
ATTEMPTED ROBBERY,F,65+,Personal weapons,64,1.52
ATTEMPTED ROBBERY,F,21-24,Personal weapons,61,1.45
ATTEMPTED ROBBERY,M,21-24,Other weapon,61,1.45
ATTEMPTED ROBBERY,F,25-34,Other weapon,52,1.24
ATTEMPTED ROBBERY,F,25-34,Firearm,49,1.16
ATTEMPTED ROBBERY,M,18-20,Personal weapons,46,1.09
ATTEMPTED ROBBERY,F,50-64,Other weapon,45,1.07
ATTEMPTED ROBBERY,F,35-49,Firearm,44,1.05
ATTEMPTED ROBBERY,M,21-24,Knife / sharp object,42,1.0
ATTEMPTED ROBBERY,M,65+,Other weapon,42,1.0
ATTEMPTED ROBBERY,M,18-20,Firearm,38,0.9
ATTEMPTED ROBBERY,F,18-20,Personal weapons,35,0.83
ATTEMPTED ROBBERY,M,18-20,Other weapon,34,0.81
ATTEMPTED ROBBERY,F,35-49,Knife / sharp object,32,0.76
ATTEMPTED ROBBERY,M,13-17,Other weapon,30,0.71
ATTEMPTED ROBBERY,F,13-17,Personal weapons,27,0.64
ATTEMPTED ROBBERY,F,50-64,Knife / sharp object,25,0.59
ATTEMPTED ROBBERY,M,18-20,Knife / sharp object,25,0.59
ATTEMPTED ROBBERY,M,65+,Firearm,25,0.59
ATTEMPTED ROBBERY,F,25-34,Knife / sharp object,24,0.57
ATTEMPTED ROBBERY,M,13-17,Firearm,24,0.57
ATTEMPTED ROBBERY,M,13-17,Knife / sharp object,22,0.52
ATTEMPTED ROBBERY,F,21-24,Other weapon,20,0.48
ATTEMPTED ROBBERY,F,50-64,Firearm,20,0.48
ATTEMPTED ROBBERY,M,65+,Knife / sharp object,20,0.48
ATTEMPTED ROBBERY,M,35-49,Blunt object,17,0.4
ATTEMPTED ROBBERY,M,50-64,Blunt object,16,0.38
ATTEMPTED ROBBERY,M,25-34,Blunt object,15,0.36
ATTEMPTED ROBBERY,F,21-24,Firearm,14,0.33
ATTEMPTED ROBBERY,X,21-24,Personal weapons,14,0.33
ATTEMPTED ROBBERY,F,18-20,Other weapon,12,0.29
ATTEMPTED ROBBERY,F,18-20,Firearm,11,0.26
ATTEMPTED ROBBERY,F,65+,Other weapon,11,0.26
ATTEMPTED ROBBERY,X,18-20,Other weapon,11,0.26
ATTEMPTED ROBBERY,F,18-20,Knife / sharp object,10,0.24
ATTEMPTED ROBBERY,F,65+,Knife / sharp object,10,0.24
ATTEMPTED ROBBERY,F,13-17,Firearm,8,0.19
ATTEMPTED ROBBERY,X,21-24,Other weapon,8,0.19
ATTEMPTED ROBBERY,F,13-17,Other weapon,7,0.17
ATTEMPTED ROBBERY,X,18-20,Personal weapons,7,0.17
ATTEMPTED ROBBERY,X,21-24,Firearm,7,0.17
ATTEMPTED ROBBERY,F,65+,Firearm,6,0.14
ATTEMPTED ROBBERY,M,10-12,Personal weapons,5,0.12
ATTEMPTED ROBBERY,X,21-24,Knife / sharp object,5,0.12
ATTEMPTED ROBBERY,F,10-12,Personal weapons,4,0.1
ATTEMPTED ROBBERY,F,21-24,Knife / sharp object,4,0.1
ATTEMPTED ROBBERY,M,10-12,Other weapon,4,0.1
ATTEMPTED ROBBERY,M,21-24,Blunt object,4,0.1
ATTEMPTED ROBBERY,F,13-17,Knife / sharp object,3,0.07
ATTEMPTED ROBBERY,F,21-24,Blunt object,3,0.07
ATTEMPTED ROBBERY,F,35-49,Blunt object,3,0.07
ATTEMPTED ROBBERY,M,2-9,Personal weapons,2,0.05
ATTEMPTED ROBBERY,M,65+,Blunt object,2,0.05
ATTEMPTED ROBBERY,X,18-20,Firearm,2,0.05
ATTEMPTED ROBBERY,X,35-49,Personal weapons,2,0.05
ATTEMPTED ROBBERY,F,2-9,Personal weapons,1,0.02
ATTEMPTED ROBBERY,F,25-34,Blunt object,1,0.02
ATTEMPTED ROBBERY,F,50-64,Blunt object,1,0.02
ATTEMPTED ROBBERY,M,2-9,Other weapon,1,0.02
ATTEMPTED ROBBERY,M,10-12,Firearm,1,0.02
ATTEMPTED ROBBERY,M,10-12,Knife / sharp object,1,0.02
ATTEMPTED ROBBERY,X,21-24,Blunt object,1,0.02
ATTEMPTED ROBBERY,X,25-34,Blunt object,1,0.02
ATTEMPTED ROBBERY,X,25-34,Personal weapons,1,0.02
BATTERY - SIMPLE ASSAULT,M,35-49,Personal weapons,9494,12.85
BATTERY - SIMPLE ASSAULT,M,25-34,Personal weapons,8591,11.63
BATTERY - SIMPLE ASSAULT,F,35-49,Personal weapons,8411,11.39
BATTERY - SIMPLE ASSAULT,M,50-64,Personal weapons,8041,10.88
BATTERY - SIMPLE ASSAULT,F,25-34,Personal weapons,7599,10.29
BATTERY - SIMPLE ASSAULT,F,50-64,Personal weapons,6367,8.62
BATTERY - SIMPLE ASSAULT,M,65+,Personal weapons,3079,4.17
BATTERY - SIMPLE ASSAULT,M,21-24,Personal weapons,2777,3.76
BATTERY - SIMPLE ASSAULT,F,21-24,Personal weapons,2709,3.67
BATTERY - SIMPLE ASSAULT,F,65+,Personal weapons,2588,3.5
BATTERY - SIMPLE ASSAULT,F,13-17,Personal weapons,1679,2.27
BATTERY - SIMPLE ASSAULT,F,18-20,Personal weapons,1594,2.16
BATTERY - SIMPLE ASSAULT,M,18-20,Personal weapons,1337,1.81
BATTERY - SIMPLE ASSAULT,M,13-17,Personal weapons,1333,1.8
BATTERY - SIMPLE ASSAULT,M,35-49,Other weapon,1077,1.46
BATTERY - SIMPLE ASSAULT,F,35-49,Other weapon,1002,1.36
BATTERY - SIMPLE ASSAULT,M,50-64,Other weapon,952,1.29
BATTERY - SIMPLE ASSAULT,F,50-64,Other weapon,839,1.14
BATTERY - SIMPLE ASSAULT,M,25-34,Other weapon,809,1.1
BATTERY - SIMPLE ASSAULT,F,25-34,Other weapon,730,0.99
BATTERY - SIMPLE ASSAULT,M,65+,Other weapon,346,0.47
BATTERY - SIMPLE ASSAULT,F,65+,Other weapon,308,0.42
BATTERY - SIMPLE ASSAULT,F,10-12,Personal weapons,303,0.41
BATTERY - SIMPLE ASSAULT,M,10-12,Personal weapons,284,0.38
BATTERY - SIMPLE ASSAULT,M,21-24,Other weapon,235,0.32
BATTERY - SIMPLE ASSAULT,F,21-24,Other weapon,221,0.3
BATTERY - SIMPLE ASSAULT,F,18-20,Other weapon,128,0.17
BATTERY - SIMPLE ASSAULT,M,2-9,Personal weapons,127,0.17
BATTERY - SIMPLE ASSAULT,F,2-9,Personal weapons,104,0.14
BATTERY - SIMPLE ASSAULT,M,18-20,Other weapon,91,0.12
BATTERY - SIMPLE ASSAULT,F,13-17,Other weapon,62,0.08
BATTERY - SIMPLE ASSAULT,M,13-17,Other weapon,61,0.08
BATTERY - SIMPLE ASSAULT,X,25-34,Personal weapons,60,0.08
BATTERY - SIMPLE ASSAULT,X,35-49,Personal weapons,58,0.08
BATTERY - SIMPLE ASSAULT,X,50-64,Personal weapons,43,0.06
BATTERY - SIMPLE ASSAULT,X,21-24,Personal weapons,32,0.04
BATTERY - SIMPLE ASSAULT,M,35-49,Blunt object,31,0.04
BATTERY - SIMPLE ASSAULT,X,13-17,Personal weapons,27,0.04
BATTERY - SIMPLE ASSAULT,F,50-64,Blunt object,26,0.04
BATTERY - SIMPLE ASSAULT,M,50-64,Blunt object,26,0.04
BATTERY - SIMPLE ASSAULT,F,35-49,Blunt object,25,0.03
BATTERY - SIMPLE ASSAULT,M,10-12,Other weapon,23,0.03
BATTERY - SIMPLE ASSAULT,M,2-9,Other weapon,20,0.03
BATTERY - SIMPLE ASSAULT,X,18-20,Personal weapons,20,0.03
BATTERY - SIMPLE ASSAULT,M,25-34,Blunt object,19,0.03
BATTERY - SIMPLE ASSAULT,F,25-34,Blunt object,17,0.02
BATTERY - SIMPLE ASSAULT,F,10-12,Other weapon,15,0.02
BATTERY - SIMPLE ASSAULT,F,2-9,Other weapon,14,0.02
BATTERY - SIMPLE ASSAULT,X,65+,Personal weapons,11,0.01
BATTERY - SIMPLE ASSAULT,M,35-49,Firearm,10,0.01
BATTERY - SIMPLE ASSAULT,F,21-24,Blunt object,9,0.01
BATTERY - SIMPLE ASSAULT,F,65+,Blunt object,9,0.01
BATTERY - SIMPLE ASSAULT,X,25-34,Other weapon,8,0.01
BATTERY - SIMPLE ASSAULT,M,65+,Blunt object,7,0.01
BATTERY - SIMPLE ASSAULT,F,50-64,Knife / sharp object,6,0.01
BATTERY - SIMPLE ASSAULT,F,35-49,Firearm,5,0.01
BATTERY - SIMPLE ASSAULT,M,25-34,Firearm,5,0.01
BATTERY - SIMPLE ASSAULT,M,50-64,Firearm,5,0.01
BATTERY - SIMPLE ASSAULT,M,21-24,Blunt object,4,0.01
BATTERY - SIMPLE ASSAULT,M,25-34,Knife / sharp object,4,0.01
BATTERY - SIMPLE ASSAULT,M,35-49,Knife / sharp object,4,0.01
BATTERY - SIMPLE ASSAULT,M,50-64,Knife / sharp object,4,0.01
BATTERY - SIMPLE ASSAULT,X,10-12,Personal weapons,4,0.01
BATTERY - SIMPLE ASSAULT,X,50-64,Other weapon,4,0.01
BATTERY - SIMPLE ASSAULT,F,25-34,Knife / sharp object,3,0.0
BATTERY - SIMPLE ASSAULT,M,18-20,Blunt object,3,0.0
BATTERY - SIMPLE ASSAULT,M,18-20,Firearm,3,0.0
BATTERY - SIMPLE ASSAULT,X,35-49,Other weapon,3,0.0
BATTERY - SIMPLE ASSAULT,F,2-9,Firearm,2,0.0
BATTERY - SIMPLE ASSAULT,F,13-17,Knife / sharp object,2,0.0
BATTERY - SIMPLE ASSAULT,F,18-20,Blunt object,2,0.0
BATTERY - SIMPLE ASSAULT,F,25-34,Firearm,2,0.0
BATTERY - SIMPLE ASSAULT,F,35-49,Knife / sharp object,2,0.0
BATTERY - SIMPLE ASSAULT,F,50-64,Firearm,2,0.0
BATTERY - SIMPLE ASSAULT,M,10-12,Firearm,2,0.0
BATTERY - SIMPLE ASSAULT,M,13-17,Blunt object,2,0.0
BATTERY - SIMPLE ASSAULT,M,13-17,Knife / sharp object,2,0.0
BATTERY - SIMPLE ASSAULT,M,18-20,Knife / sharp object,2,0.0
BATTERY - SIMPLE ASSAULT,M,21-24,Knife / sharp object,2,0.0
BATTERY - SIMPLE ASSAULT,X,2-9,Personal weapons,2,0.0
BATTERY - SIMPLE ASSAULT,X,21-24,Other weapon,2,0.0
BATTERY - SIMPLE ASSAULT,X,65+,Other weapon,2,0.0
BATTERY - SIMPLE ASSAULT,F,13-17,Blunt object,1,0.0
BATTERY - SIMPLE ASSAULT,F,21-24,Firearm,1,0.0
BATTERY - SIMPLE ASSAULT,F,35-49,No weapon / unknown,1,0.0
BATTERY ON A FIREFIGHTER,M,35-49,Personal weapons,59,34.1
BATTERY ON A FIREFIGHTER,M,25-34,Personal weapons,57,32.95
BATTERY ON A FIREFIGHTER,M,50-64,Personal weapons,18,10.4
BATTERY ON A FIREFIGHTER,M,35-49,Other weapon,12,6.94
BATTERY ON A FIREFIGHTER,M,25-34,Other weapon,9,5.2
BATTERY ON A FIREFIGHTER,M,21-24,Personal weapons,6,3.47
BATTERY ON A FIREFIGHTER,F,25-34,Personal weapons,2,1.16
BATTERY ON A FIREFIGHTER,F,35-49,Personal weapons,2,1.16
BATTERY ON A FIREFIGHTER,M,50-64,Other weapon,2,1.16
BATTERY ON A FIREFIGHTER,X,21-24,Other weapon,2,1.16
BATTERY ON A FIREFIGHTER,M,21-24,Blunt object,1,0.58
BATTERY ON A FIREFIGHTER,M,21-24,Other weapon,1,0.58
BATTERY ON A FIREFIGHTER,X,21-24,Personal weapons,1,0.58
BATTERY ON A FIREFIGHTER,X,35-49,Other weapon,1,0.58
BATTERY POLICE (SIMPLE),M,25-34,Personal weapons,161,22.97
BATTERY POLICE (SIMPLE),M,35-49,Personal weapons,131,18.69
BATTERY POLICE (SIMPLE),X,21-24,Personal weapons,74,10.56
BATTERY POLICE (SIMPLE),X,18-20,Personal weapons,56,7.99
BATTERY POLICE (SIMPLE),F,25-34,Personal weapons,44,6.28
BATTERY POLICE (SIMPLE),M,50-64,Personal weapons,44,6.28
BATTERY POLICE (SIMPLE),M,21-24,Personal weapons,37,5.28
BATTERY POLICE (SIMPLE),F,35-49,Personal weapons,23,3.28
BATTERY POLICE (SIMPLE),M,25-34,Other weapon,19,2.71
BATTERY POLICE (SIMPLE),M,35-49,Other weapon,14,2.0
BATTERY POLICE (SIMPLE),X,18-20,Other weapon,12,1.71
BATTERY POLICE (SIMPLE),M,50-64,Other weapon,11,1.57
BATTERY POLICE (SIMPLE),X,21-24,Other weapon,11,1.57
BATTERY POLICE (SIMPLE),F,21-24,Personal weapons,9,1.28
BATTERY POLICE (SIMPLE),M,18-20,Personal weapons,9,1.28
BATTERY POLICE (SIMPLE),M,21-24,Other weapon,7,1.0
BATTERY POLICE (SIMPLE),M,18-20,Other weapon,6,0.86
BATTERY POLICE (SIMPLE),X,35-49,Personal weapons,6,0.86
BATTERY POLICE (SIMPLE),X,25-34,Personal weapons,5,0.71
BATTERY POLICE (SIMPLE),F,18-20,Personal weapons,3,0.43
BATTERY POLICE (SIMPLE),F,25-34,Other weapon,3,0.43
BATTERY POLICE (SIMPLE),M,2-9,Personal weapons,3,0.43
BATTERY POLICE (SIMPLE),F,35-49,Other weapon,2,0.29
BATTERY POLICE (SIMPLE),X,35-49,Other weapon,2,0.29
BATTERY POLICE (SIMPLE),X,50-64,Personal weapons,2,0.29
BATTERY POLICE (SIMPLE),F,21-24,Other weapon,1,0.14
BATTERY POLICE (SIMPLE),F,50-64,Other weapon,1,0.14
BATTERY POLICE (SIMPLE),F,50-64,Personal weapons,1,0.14
BATTERY POLICE (SIMPLE),F,65+,Other weapon,1,0.14
BATTERY POLICE (SIMPLE),M,18-20,Knife / sharp object,1,0.14
BATTERY POLICE (SIMPLE),X,25-34,Other weapon,1,0.14
BATTERY POLICE (SIMPLE),X,65+,Personal weapons,1,0.14
BATTERY WITH SEXUAL CONTACT,F,25-34,Personal weapons,925,22.44
BATTERY WITH SEXUAL CONTACT,F,35-49,Personal weapons,736,17.85
BATTERY WITH SEXUAL CONTACT,F,13-17,Personal weapons,554,13.44
BATTERY WITH SEXUAL CONTACT,F,21-24,Personal weapons,483,11.71
BATTERY WITH SEXUAL CONTACT,F,50-64,Personal weapons,356,8.63
BATTERY WITH SEXUAL CONTACT,F,18-20,Personal weapons,334,8.1
BATTERY WITH SEXUAL CONTACT,F,65+,Personal weapons,130,3.15
BATTERY WITH SEXUAL CONTACT,F,10-12,Personal weapons,87,2.11
BATTERY WITH SEXUAL CONTACT,M,25-34,Personal weapons,86,2.09
BATTERY WITH SEXUAL CONTACT,M,35-49,Personal weapons,70,1.7
BATTERY WITH SEXUAL CONTACT,M,13-17,Personal weapons,55,1.33
BATTERY WITH SEXUAL CONTACT,M,21-24,Personal weapons,44,1.07
BATTERY WITH SEXUAL CONTACT,F,2-9,Personal weapons,43,1.04
BATTERY WITH SEXUAL CONTACT,M,50-64,Personal weapons,35,0.85
BATTERY WITH SEXUAL CONTACT,M,18-20,Personal weapons,30,0.73
BATTERY WITH SEXUAL CONTACT,F,35-49,Other weapon,25,0.61
BATTERY WITH SEXUAL CONTACT,F,25-34,Other weapon,24,0.58
BATTERY WITH SEXUAL CONTACT,M,10-12,Personal weapons,17,0.41
BATTERY WITH SEXUAL CONTACT,F,13-17,Other weapon,13,0.32
BATTERY WITH SEXUAL CONTACT,M,2-9,Personal weapons,11,0.27
BATTERY WITH SEXUAL CONTACT,F,21-24,Other weapon,10,0.24
BATTERY WITH SEXUAL CONTACT,M,65+,Personal weapons,10,0.24
BATTERY WITH SEXUAL CONTACT,M,25-34,Other weapon,8,0.19
BATTERY WITH SEXUAL CONTACT,F,18-20,Other weapon,5,0.12
BATTERY WITH SEXUAL CONTACT,F,50-64,Other weapon,5,0.12
BATTERY WITH SEXUAL CONTACT,M,35-49,Other weapon,3,0.07
BATTERY WITH SEXUAL CONTACT,F,10-12,Other weapon,2,0.05
BATTERY WITH SEXUAL CONTACT,F,25-34,Firearm,2,0.05
BATTERY WITH SEXUAL CONTACT,M,50-64,Other weapon,2,0.05
BATTERY WITH SEXUAL CONTACT,X,18-20,Personal weapons,2,0.05
BATTERY WITH SEXUAL CONTACT,X,21-24,Personal weapons,2,0.05
BATTERY WITH SEXUAL CONTACT,X,25-34,Personal weapons,2,0.05
BATTERY WITH SEXUAL CONTACT,F,2-9,Other weapon,1,0.02
BATTERY WITH SEXUAL CONTACT,F,25-34,Knife / sharp object,1,0.02
BATTERY WITH SEXUAL CONTACT,F,35-49,Knife / sharp object,1,0.02
BATTERY WITH SEXUAL CONTACT,F,50-64,Knife / sharp object,1,0.02
BATTERY WITH SEXUAL CONTACT,F,65+,Other weapon,1,0.02
BATTERY WITH SEXUAL CONTACT,M,13-17,Other weapon,1,0.02
BATTERY WITH SEXUAL CONTACT,M,18-20,Other weapon,1,0.02
BATTERY WITH SEXUAL CONTACT,M,21-24,Other weapon,1,0.02
BATTERY WITH SEXUAL CONTACT,X,10-12,Personal weapons,1,0.02
BATTERY WITH SEXUAL CONTACT,X,13-17,Personal weapons,1,0.02
BATTERY WITH SEXUAL CONTACT,X,25-34,Other weapon,1,0.02
BATTERY WITH SEXUAL CONTACT,X,35-49,Personal weapons,1,0.02
"BEASTIALITY, CRIME AGAINST NATURE SEXUAL ASSLT WITH ANIM",F,25-34,No weapon / unknown,1,25.0
"BEASTIALITY, CRIME AGAINST NATURE SEXUAL ASSLT WITH ANIM",F,35-49,No weapon / unknown,1,25.0
"BEASTIALITY, CRIME AGAINST NATURE SEXUAL ASSLT WITH ANIM",M,35-49,No weapon / unknown,1,25.0
"BEASTIALITY, CRIME AGAINST NATURE SEXUAL ASSLT WITH ANIM",M,50-64,No weapon / unknown,1,25.0
BIGAMY,F,25-34,No weapon / unknown,2,50.0
BIGAMY,F,35-49,No weapon / unknown,1,25.0
BIGAMY,M,18-20,No weapon / unknown,1,25.0
BIKE - ATTEMPTED STOLEN,F,25-34,No weapon / unknown,1,20.0
BIKE - ATTEMPTED STOLEN,F,50-64,No weapon / unknown,1,20.0
BIKE - ATTEMPTED STOLEN,M,25-34,No weapon / unknown,1,20.0
BIKE - ATTEMPTED STOLEN,M,35-49,No weapon / unknown,1,20.0
BIKE - ATTEMPTED STOLEN,M,50-64,No weapon / unknown,1,20.0
BIKE - STOLEN,M,25-34,No weapon / unknown,1748,22.04
BIKE - STOLEN,M,35-49,No weapon / unknown,1656,20.88
BIKE - STOLEN,F,25-34,No weapon / unknown,910,11.48
BIKE - STOLEN,F,35-49,No weapon / unknown,714,9.0
BIKE - STOLEN,M,50-64,No weapon / unknown,701,8.84
BIKE - STOLEN,M,21-24,No weapon / unknown,585,7.38
BIKE - STOLEN,M,18-20,No weapon / unknown,359,4.53
BIKE - STOLEN,F,21-24,No weapon / unknown,319,4.02
BIKE - STOLEN,F,50-64,No weapon / unknown,264,3.33
BIKE - STOLEN,M,65+,No weapon / unknown,224,2.82
BIKE - STOLEN,F,18-20,No weapon / unknown,200,2.52
BIKE - STOLEN,M,13-17,No weapon / unknown,71,0.9
BIKE - STOLEN,F,65+,No weapon / unknown,40,0.5
BIKE - STOLEN,X,21-24,No weapon / unknown,17,0.21
BIKE - STOLEN,M,35-49,Other weapon,16,0.2
BIKE - STOLEN,X,25-34,No weapon / unknown,15,0.19
BIKE - STOLEN,X,35-49,No weapon / unknown,9,0.11
BIKE - STOLEN,M,35-49,Personal weapons,7,0.09
BIKE - STOLEN,M,50-64,Other weapon,7,0.09
BIKE - STOLEN,M,25-34,Other weapon,6,0.08
BIKE - STOLEN,X,18-20,No weapon / unknown,6,0.08
BIKE - STOLEN,F,25-34,Other weapon,5,0.06
BIKE - STOLEN,F,35-49,Other weapon,5,0.06
BIKE - STOLEN,M,25-34,Personal weapons,5,0.06
BIKE - STOLEN,F,13-17,No weapon / unknown,4,0.05
BIKE - STOLEN,M,10-12,No weapon / unknown,4,0.05
BIKE - STOLEN,M,18-20,Other weapon,4,0.05
BIKE - STOLEN,F,25-34,Personal weapons,3,0.04
BIKE - STOLEN,M,21-24,Other weapon,3,0.04
BIKE - STOLEN,M,50-64,Personal weapons,3,0.04
BIKE - STOLEN,M,2-9,No weapon / unknown,2,0.03
BIKE - STOLEN,M,13-17,Other weapon,2,0.03
BIKE - STOLEN,M,21-24,Personal weapons,2,0.03
BIKE - STOLEN,M,65+,Personal weapons,2,0.03
BIKE - STOLEN,F,2-9,No weapon / unknown,1,0.01
BIKE - STOLEN,F,10-12,No weapon / unknown,1,0.01
BIKE - STOLEN,F,21-24,Other weapon,1,0.01
BIKE - STOLEN,F,35-49,Knife / sharp object,1,0.01
BIKE - STOLEN,F,35-49,Personal weapons,1,0.01
BIKE - STOLEN,F,50-64,Other weapon,1,0.01
BIKE - STOLEN,F,65+,Other weapon,1,0.01
BIKE - STOLEN,M,13-17,Personal weapons,1,0.01
BIKE - STOLEN,M,18-20,Personal weapons,1,0.01
BIKE - STOLEN,M,35-49,Knife / sharp object,1,0.01
BIKE - STOLEN,X,13-17,No weapon / unknown,1,0.01
BIKE - STOLEN,X,50-64,No weapon / unknown,1,0.01
BLOCKING DOOR INDUCTION CENTER,M,50-64,No weapon / unknown,2,33.33
BLOCKING DOOR INDUCTION CENTER,F,35-49,No weapon / unknown,1,16.67
BLOCKING DOOR INDUCTION CENTER,F,50-64,No weapon / unknown,1,16.67
BLOCKING DOOR INDUCTION CENTER,M,35-49,No weapon / unknown,1,16.67
BLOCKING DOOR INDUCTION CENTER,M,65+,No weapon / unknown,1,16.67
BOMB SCARE,M,35-49,Other weapon,26,21.85
BOMB SCARE,F,50-64,Other weapon,15,12.61
BOMB SCARE,M,50-64,Other weapon,14,11.76
BOMB SCARE,X,21-24,Other weapon,13,10.92
BOMB SCARE,M,25-34,Other weapon,11,9.24
BOMB SCARE,F,25-34,Other weapon,10,8.4
BOMB SCARE,F,35-49,Other weapon,7,5.88
BOMB SCARE,X,18-20,Other weapon,6,5.04
BOMB SCARE,M,21-24,Other weapon,5,4.2
BOMB SCARE,F,21-24,Other weapon,3,2.52
BOMB SCARE,M,13-17,Other weapon,2,1.68
BOMB SCARE,M,18-20,Other weapon,2,1.68
BOMB SCARE,M,65+,Other weapon,2,1.68
BOMB SCARE,F,18-20,Other weapon,1,0.84
BOMB SCARE,M,2-9,Other weapon,1,0.84
BOMB SCARE,M,10-12,Other weapon,1,0.84
BRANDISH WEAPON,M,35-49,Knife / sharp object,1140,8.04
BRANDISH WEAPON,M,25-34,Knife / sharp object,1034,7.29
BRANDISH WEAPON,M,35-49,Other weapon,913,6.44
BRANDISH WEAPON,M,50-64,Knife / sharp object,805,5.68
BRANDISH WEAPON,M,35-49,Firearm,771,5.44
BRANDISH WEAPON,M,25-34,Other weapon,730,5.15
BRANDISH WEAPON,M,25-34,Firearm,716,5.05
BRANDISH WEAPON,M,50-64,Other weapon,650,4.59
BRANDISH WEAPON,F,35-49,Knife / sharp object,560,3.95
BRANDISH WEAPON,F,35-49,Other weapon,474,3.34
BRANDISH WEAPON,F,25-34,Knife / sharp object,440,3.1
BRANDISH WEAPON,F,25-34,Other weapon,411,2.9
BRANDISH WEAPON,F,35-49,Firearm,392,2.77
BRANDISH WEAPON,M,50-64,Firearm,377,2.66
BRANDISH WEAPON,F,25-34,Firearm,355,2.5
BRANDISH WEAPON,F,50-64,Knife / sharp object,338,2.38
BRANDISH WEAPON,M,21-24,Knife / sharp object,295,2.08
BRANDISH WEAPON,F,50-64,Other weapon,291,2.05
BRANDISH WEAPON,M,21-24,Firearm,252,1.78
BRANDISH WEAPON,M,21-24,Other weapon,214,1.51
BRANDISH WEAPON,M,65+,Knife / sharp object,204,1.44
BRANDISH WEAPON,F,21-24,Firearm,154,1.09
BRANDISH WEAPON,M,65+,Other weapon,146,1.03
BRANDISH WEAPON,F,50-64,Firearm,144,1.02
BRANDISH WEAPON,F,21-24,Knife / sharp object,138,0.97
BRANDISH WEAPON,F,21-24,Other weapon,137,0.97
BRANDISH WEAPON,M,18-20,Knife / sharp object,124,0.87
BRANDISH WEAPON,M,18-20,Firearm,107,0.75
BRANDISH WEAPON,F,25-34,Personal weapons,103,0.73
BRANDISH WEAPON,M,13-17,Knife / sharp object,101,0.71
BRANDISH WEAPON,M,18-20,Other weapon,100,0.71
BRANDISH WEAPON,M,13-17,Firearm,90,0.63
BRANDISH WEAPON,F,65+,Knife / sharp object,89,0.63
BRANDISH WEAPON,M,65+,Firearm,84,0.59
BRANDISH WEAPON,F,18-20,Knife / sharp object,79,0.56
BRANDISH WEAPON,F,65+,Other weapon,77,0.54
BRANDISH WEAPON,M,35-49,Personal weapons,72,0.51
BRANDISH WEAPON,F,35-49,Personal weapons,68,0.48
BRANDISH WEAPON,M,25-34,Personal weapons,68,0.48
BRANDISH WEAPON,F,18-20,Firearm,63,0.44
BRANDISH WEAPON,M,13-17,Other weapon,52,0.37
BRANDISH WEAPON,M,35-49,Blunt object,52,0.37
BRANDISH WEAPON,F,13-17,Knife / sharp object,48,0.34
BRANDISH WEAPON,M,50-64,Personal weapons,43,0.3
BRANDISH WEAPON,F,18-20,Other weapon,41,0.29
BRANDISH WEAPON,F,13-17,Firearm,40,0.28
BRANDISH WEAPON,F,35-49,Blunt object,37,0.26
BRANDISH WEAPON,F,13-17,Other weapon,34,0.24
BRANDISH WEAPON,F,50-64,Personal weapons,34,0.24
BRANDISH WEAPON,M,50-64,Blunt object,34,0.24
BRANDISH WEAPON,M,25-34,Blunt object,31,0.22
BRANDISH WEAPON,F,21-24,Personal weapons,24,0.17
BRANDISH WEAPON,F,25-34,Blunt object,23,0.16
BRANDISH WEAPON,F,65+,Firearm,23,0.16
BRANDISH WEAPON,F,18-20,Personal weapons,21,0.15
BRANDISH WEAPON,M,10-12,Firearm,21,0.15
BRANDISH WEAPON,M,21-24,Personal weapons,21,0.15
BRANDISH WEAPON,M,65+,Personal weapons,20,0.14
BRANDISH WEAPON,F,50-64,Blunt object,19,0.13
BRANDISH WEAPON,M,10-12,Knife / sharp object,17,0.12
BRANDISH WEAPON,M,10-12,Other weapon,17,0.12
BRANDISH WEAPON,M,2-9,Knife / sharp object,14,0.1
BRANDISH WEAPON,F,10-12,Knife / sharp object,11,0.08
BRANDISH WEAPON,M,18-20,Personal weapons,11,0.08
BRANDISH WEAPON,M,2-9,Firearm,10,0.07
BRANDISH WEAPON,M,21-24,Blunt object,10,0.07
BRANDISH WEAPON,F,10-12,Firearm,8,0.06
BRANDISH WEAPON,M,13-17,Personal weapons,8,0.06
BRANDISH WEAPON,X,21-24,Firearm,8,0.06
BRANDISH WEAPON,F,65+,Personal weapons,7,0.05
BRANDISH WEAPON,M,13-17,Blunt object,7,0.05
BRANDISH WEAPON,F,2-9,Knife / sharp object,6,0.04
BRANDISH WEAPON,F,2-9,Other weapon,6,0.04
BRANDISH WEAPON,F,10-12,Other weapon,6,0.04
BRANDISH WEAPON,F,13-17,Personal weapons,6,0.04
BRANDISH WEAPON,M,18-20,Blunt object,6,0.04
BRANDISH WEAPON,M,65+,Blunt object,6,0.04
BRANDISH WEAPON,X,25-34,Knife / sharp object,6,0.04
BRANDISH WEAPON,F,2-9,Firearm,5,0.04
BRANDISH WEAPON,F,65+,Blunt object,5,0.04
BRANDISH WEAPON,X,25-34,Firearm,5,0.04
BRANDISH WEAPON,X,35-49,Knife / sharp object,5,0.04
BRANDISH WEAPON,F,18-20,Blunt object,4,0.03
BRANDISH WEAPON,F,21-24,Blunt object,4,0.03
BRANDISH WEAPON,M,2-9,Other weapon,4,0.03
BRANDISH WEAPON,X,18-20,Other weapon,4,0.03
BRANDISH WEAPON,X,21-24,Other weapon,4,0.03
BRANDISH WEAPON,X,65+,Other weapon,4,0.03
BRANDISH WEAPON,F,13-17,Blunt object,3,0.02
BRANDISH WEAPON,X,10-12,Other weapon,3,0.02
BRANDISH WEAPON,X,18-20,Firearm,3,0.02
BRANDISH WEAPON,X,35-49,Firearm,3,0.02
BRANDISH WEAPON,X,13-17,Firearm,2,0.01
BRANDISH WEAPON,X,13-17,Knife / sharp object,2,0.01
BRANDISH WEAPON,X,13-17,Other weapon,2,0.01
BRANDISH WEAPON,X,21-24,Knife / sharp object,2,0.01
BRANDISH WEAPON,X,25-34,Other weapon,2,0.01
BRANDISH WEAPON,X,50-64,Firearm,2,0.01
BRANDISH WEAPON,X,50-64,Knife / sharp object,2,0.01
BRANDISH WEAPON,X,50-64,Other weapon,2,0.01
BRANDISH WEAPON,F,2-9,Personal weapons,1,0.01
BRANDISH WEAPON,F,10-12,Blunt object,1,0.01
BRANDISH WEAPON,F,10-12,Personal weapons,1,0.01
BRANDISH WEAPON,M,2-9,Blunt object,1,0.01
BRANDISH WEAPON,X,2-9,Knife / sharp object,1,0.01
BRANDISH WEAPON,X,18-20,Personal weapons,1,0.01
BRANDISH WEAPON,X,35-49,Other weapon,1,0.01
BRANDISH WEAPON,X,35-49,Personal weapons,1,0.01
BRANDISH WEAPON,X,65+,Blunt object,1,0.01
BRIBERY,F,21-24,No weapon / unknown,2,40.0
BRIBERY,M,25-34,No weapon / unknown,1,20.0
BRIBERY,M,35-49,No weapon / unknown,1,20.0
BRIBERY,M,50-64,No weapon / unknown,1,20.0
"BUNCO, ATTEMPT",F,35-49,No weapon / unknown,38,13.33
"BUNCO, ATTEMPT",F,65+,No weapon / unknown,35,12.28
"BUNCO, ATTEMPT",M,25-34,No weapon / unknown,33,11.58
"BUNCO, ATTEMPT",M,65+,No weapon / unknown,29,10.18
"BUNCO, ATTEMPT",M,35-49,No weapon / unknown,28,9.82
"BUNCO, ATTEMPT",F,25-34,No weapon / unknown,27,9.47
"BUNCO, ATTEMPT",M,50-64,No weapon / unknown,25,8.77
"BUNCO, ATTEMPT",F,50-64,No weapon / unknown,20,7.02
"BUNCO, ATTEMPT",F,21-24,No weapon / unknown,17,5.96
"BUNCO, ATTEMPT",F,18-20,No weapon / unknown,10,3.51
"BUNCO, ATTEMPT",M,21-24,No weapon / unknown,10,3.51
"BUNCO, ATTEMPT",M,18-20,No weapon / unknown,5,1.75
"BUNCO, ATTEMPT",F,50-64,Other weapon,2,0.7
"BUNCO, ATTEMPT",X,21-24,No weapon / unknown,2,0.7
"BUNCO, ATTEMPT",F,13-17,No weapon / unknown,1,0.35
"BUNCO, ATTEMPT",M,13-17,No weapon / unknown,1,0.35
"BUNCO, ATTEMPT",M,25-34,Other weapon,1,0.35
"BUNCO, ATTEMPT",M,65+,Other weapon,1,0.35
"BUNCO, GRAND THEFT",F,65+,No weapon / unknown,803,13.71
"BUNCO, GRAND THEFT",F,25-34,No weapon / unknown,670,11.44
"BUNCO, GRAND THEFT",M,65+,No weapon / unknown,657,11.22
"BUNCO, GRAND THEFT",M,35-49,No weapon / unknown,617,10.53
"BUNCO, GRAND THEFT",F,35-49,No weapon / unknown,602,10.28
"BUNCO, GRAND THEFT",F,50-64,No weapon / unknown,591,10.09
"BUNCO, GRAND THEFT",M,50-64,No weapon / unknown,533,9.1
"BUNCO, GRAND THEFT",M,25-34,No weapon / unknown,525,8.96
"BUNCO, GRAND THEFT",F,21-24,No weapon / unknown,275,4.7
"BUNCO, GRAND THEFT",M,21-24,No weapon / unknown,261,4.46
"BUNCO, GRAND THEFT",F,18-20,No weapon / unknown,131,2.24
"BUNCO, GRAND THEFT",M,18-20,No weapon / unknown,97,1.66
"BUNCO, GRAND THEFT",X,21-24,No weapon / unknown,15,0.26
"BUNCO, GRAND THEFT",M,13-17,No weapon / unknown,13,0.22
"BUNCO, GRAND THEFT",F,13-17,No weapon / unknown,11,0.19
"BUNCO, GRAND THEFT",F,65+,Other weapon,5,0.09
"BUNCO, GRAND THEFT",X,18-20,No weapon / unknown,5,0.09
"BUNCO, GRAND THEFT",F,50-64,Other weapon,4,0.07
"BUNCO, GRAND THEFT",M,25-34,Other weapon,4,0.07
"BUNCO, GRAND THEFT",M,35-49,Other weapon,4,0.07
"BUNCO, GRAND THEFT",M,65+,Personal weapons,4,0.07
"BUNCO, GRAND THEFT",M,50-64,Personal weapons,3,0.05
"BUNCO, GRAND THEFT",F,18-20,Other weapon,2,0.03
"BUNCO, GRAND THEFT",F,25-34,Other weapon,2,0.03
"BUNCO, GRAND THEFT",F,35-49,Other weapon,2,0.03
"BUNCO, GRAND THEFT",F,35-49,Personal weapons,2,0.03
"BUNCO, GRAND THEFT",M,18-20,Other weapon,2,0.03
"BUNCO, GRAND THEFT",X,25-34,No weapon / unknown,2,0.03
"BUNCO, GRAND THEFT",F,18-20,Personal weapons,1,0.02
"BUNCO, GRAND THEFT",F,25-34,Personal weapons,1,0.02
"BUNCO, GRAND THEFT",F,50-64,Firearm,1,0.02
"BUNCO, GRAND THEFT",F,65+,Personal weapons,1,0.02
"BUNCO, GRAND THEFT",M,2-9,No weapon / unknown,1,0.02
"BUNCO, GRAND THEFT",M,10-12,No weapon / unknown,1,0.02
"BUNCO, GRAND THEFT",M,13-17,Firearm,1,0.02
"BUNCO, GRAND THEFT",M,21-24,Other weapon,1,0.02
"BUNCO, GRAND THEFT",M,25-34,Firearm,1,0.02
"BUNCO, GRAND THEFT",M,25-34,Personal weapons,1,0.02
"BUNCO, GRAND THEFT",M,50-64,Firearm,1,0.02
"BUNCO, GRAND THEFT",M,50-64,Other weapon,1,0.02
"BUNCO, GRAND THEFT",M,65+,Other weapon,1,0.02
"BUNCO, GRAND THEFT",X,35-49,No weapon / unknown,1,0.02
"BUNCO, GRAND THEFT",X,65+,No weapon / unknown,1,0.02
"BUNCO, PETTY THEFT",F,25-34,No weapon / unknown,227,12.05
"BUNCO, PETTY THEFT",F,35-49,No weapon / unknown,213,11.31
"BUNCO, PETTY THEFT",M,35-49,No weapon / unknown,196,10.4
"BUNCO, PETTY THEFT",M,25-34,No weapon / unknown,194,10.3
"BUNCO, PETTY THEFT",F,50-64,No weapon / unknown,172,9.13
"BUNCO, PETTY THEFT",M,50-64,No weapon / unknown,162,8.6
"BUNCO, PETTY THEFT",F,65+,No weapon / unknown,159,8.44
"BUNCO, PETTY THEFT",M,21-24,No weapon / unknown,129,6.85
"BUNCO, PETTY THEFT",F,21-24,No weapon / unknown,118,6.26
"BUNCO, PETTY THEFT",M,65+,No weapon / unknown,114,6.05
"BUNCO, PETTY THEFT",M,18-20,No weapon / unknown,66,3.5
"BUNCO, PETTY THEFT",F,18-20,No weapon / unknown,63,3.34
"BUNCO, PETTY THEFT",M,13-17,No weapon / unknown,27,1.43
"BUNCO, PETTY THEFT",F,13-17,No weapon / unknown,14,0.74
"BUNCO, PETTY THEFT",X,21-24,No weapon / unknown,4,0.21
"BUNCO, PETTY THEFT",F,25-34,Other weapon,3,0.16
"BUNCO, PETTY THEFT",X,18-20,No weapon / unknown,3,0.16
"BUNCO, PETTY THEFT",M,18-20,Other weapon,2,0.11
"BUNCO, PETTY THEFT",M,21-24,Other weapon,2,0.11
"BUNCO, PETTY THEFT",M,25-34,Firearm,2,0.11
"BUNCO, PETTY THEFT",F,2-9,No weapon / unknown,1,0.05
"BUNCO, PETTY THEFT",F,21-24,Personal weapons,1,0.05
"BUNCO, PETTY THEFT",F,35-49,Personal weapons,1,0.05
"BUNCO, PETTY THEFT",F,50-64,Other weapon,1,0.05
"BUNCO, PETTY THEFT",F,65+,Other weapon,1,0.05
"BUNCO, PETTY THEFT",F,65+,Personal weapons,1,0.05
"BUNCO, PETTY THEFT",M,25-34,Other weapon,1,0.05
"BUNCO, PETTY THEFT",M,35-49,Other weapon,1,0.05
"BUNCO, PETTY THEFT",M,35-49,Personal weapons,1,0.05
"BUNCO, PETTY THEFT",M,50-64,Other weapon,1,0.05
"BUNCO, PETTY THEFT",M,50-64,Personal weapons,1,0.05
"BUNCO, PETTY THEFT",M,65+,Personal weapons,1,0.05
"BUNCO, PETTY THEFT",X,25-34,No weapon / unknown,1,0.05
"BUNCO, PETTY THEFT",X,65+,No weapon / unknown,1,0.05
BURGLARY,M,35-49,No weapon / unknown,7105,17.87
BURGLARY,M,50-64,No weapon / unknown,5373,13.51
BURGLARY,F,35-49,No weapon / unknown,4012,10.09
BURGLARY,M,25-34,No weapon / unknown,3741,9.41
BURGLARY,F,50-64,No weapon / unknown,3332,8.38
BURGLARY,M,65+,No weapon / unknown,3156,7.94
BURGLARY,F,25-34,No weapon / unknown,2884,7.25
BURGLARY,F,65+,No weapon / unknown,2533,6.37
BURGLARY,M,35-49,Other weapon,924,2.32
BURGLARY,M,21-24,No weapon / unknown,682,1.72
BURGLARY,F,21-24,No weapon / unknown,660,1.66
BURGLARY,M,50-64,Other weapon,642,1.61
BURGLARY,X,21-24,No weapon / unknown,523,1.32
BURGLARY,F,35-49,Other weapon,447,1.12
BURGLARY,M,25-34,Other weapon,425,1.07
BURGLARY,F,50-64,Other weapon,378,0.95
BURGLARY,M,65+,Other weapon,360,0.91
BURGLARY,F,25-34,Other weapon,303,0.76
BURGLARY,F,65+,Other weapon,298,0.75
BURGLARY,X,18-20,No weapon / unknown,293,0.74
BURGLARY,M,18-20,No weapon / unknown,279,0.7
BURGLARY,F,18-20,No weapon / unknown,189,0.48
BURGLARY,M,35-49,Personal weapons,127,0.32
BURGLARY,F,35-49,Personal weapons,107,0.27
BURGLARY,F,25-34,Personal weapons,102,0.26
BURGLARY,M,50-64,Personal weapons,96,0.24
BURGLARY,F,21-24,Other weapon,72,0.18
BURGLARY,M,25-34,Personal weapons,69,0.17
BURGLARY,M,21-24,Other weapon,64,0.16
BURGLARY,F,50-64,Personal weapons,56,0.14
BURGLARY,M,65+,Personal weapons,54,0.14
BURGLARY,F,65+,Personal weapons,52,0.13
BURGLARY,M,13-17,No weapon / unknown,30,0.08
BURGLARY,X,21-24,Other weapon,29,0.07
BURGLARY,F,13-17,No weapon / unknown,28,0.07
BURGLARY,X,35-49,No weapon / unknown,27,0.07
BURGLARY,F,21-24,Personal weapons,25,0.06
BURGLARY,F,18-20,Other weapon,20,0.05
BURGLARY,X,50-64,No weapon / unknown,20,0.05
BURGLARY,M,18-20,Other weapon,18,0.05
BURGLARY,M,21-24,Personal weapons,18,0.05
BURGLARY,X,25-34,No weapon / unknown,16,0.04
BURGLARY,X,18-20,Other weapon,14,0.04
BURGLARY,X,35-49,Other weapon,12,0.03
BURGLARY,F,18-20,Personal weapons,8,0.02
BURGLARY,M,2-9,No weapon / unknown,8,0.02
BURGLARY,M,25-34,Firearm,7,0.02
BURGLARY,F,2-9,No weapon / unknown,6,0.02
BURGLARY,F,13-17,Personal weapons,6,0.02
BURGLARY,F,25-34,Firearm,6,0.02
BURGLARY,F,65+,Firearm,6,0.02
BURGLARY,M,10-12,No weapon / unknown,6,0.02
BURGLARY,X,65+,No weapon / unknown,6,0.02
BURGLARY,F,35-49,Knife / sharp object,5,0.01
BURGLARY,M,18-20,Personal weapons,5,0.01
BURGLARY,M,50-64,Firearm,5,0.01
BURGLARY,X,2-9,No weapon / unknown,5,0.01
BURGLARY,X,18-20,Personal weapons,5,0.01
BURGLARY,F,25-34,Knife / sharp object,4,0.01
BURGLARY,F,50-64,Blunt object,4,0.01
BURGLARY,F,65+,Knife / sharp object,4,0.01
BURGLARY,M,25-34,Blunt object,4,0.01
BURGLARY,M,50-64,Knife / sharp object,4,0.01
BURGLARY,X,21-24,Personal weapons,4,0.01
BURGLARY,X,25-34,Other weapon,4,0.01
BURGLARY,F,35-49,Blunt object,3,0.01
BURGLARY,F,35-49,Firearm,3,0.01
BURGLARY,M,25-34,Knife / sharp object,3,0.01
BURGLARY,M,35-49,Firearm,3,0.01
BURGLARY,X,10-12,No weapon / unknown,3,0.01
BURGLARY,X,50-64,Other weapon,3,0.01
BURGLARY,F,10-12,No weapon / unknown,2,0.01
BURGLARY,F,21-24,Firearm,2,0.01
BURGLARY,F,50-64,Firearm,2,0.01
BURGLARY,M,2-9,Other weapon,2,0.01
BURGLARY,M,13-17,Personal weapons,2,0.01
BURGLARY,M,35-49,Blunt object,2,0.01
BURGLARY,M,50-64,Blunt object,2,0.01
BURGLARY,M,65+,Firearm,2,0.01
BURGLARY,X,65+,Other weapon,2,0.01
BURGLARY,F,2-9,Other weapon,1,0.0
BURGLARY,F,10-12,Personal weapons,1,0.0
BURGLARY,F,13-17,Firearm,1,0.0
BURGLARY,F,13-17,Knife / sharp object,1,0.0
BURGLARY,F,13-17,Other weapon,1,0.0
BURGLARY,F,18-20,Knife / sharp object,1,0.0
BURGLARY,F,21-24,Knife / sharp object,1,0.0
BURGLARY,F,25-34,Blunt object,1,0.0
BURGLARY,F,50-64,Knife / sharp object,1,0.0
BURGLARY,F,65+,Blunt object,1,0.0
BURGLARY,M,18-20,Blunt object,1,0.0
BURGLARY,M,18-20,Knife / sharp object,1,0.0
BURGLARY,M,21-24,Knife / sharp object,1,0.0
BURGLARY,X,18-20,Blunt object,1,0.0
BURGLARY,X,21-24,Knife / sharp object,1,0.0
BURGLARY,X,65+,Personal weapons,1,0.0
BURGLARY FROM VEHICLE,M,25-34,No weapon / unknown,11650,18.93
BURGLARY FROM VEHICLE,M,35-49,No weapon / unknown,10925,17.75
BURGLARY FROM VEHICLE,F,25-34,No weapon / unknown,9654,15.68
BURGLARY FROM VEHICLE,F,35-49,No weapon / unknown,7482,12.15
BURGLARY FROM VEHICLE,M,50-64,No weapon / unknown,5211,8.47
BURGLARY FROM VEHICLE,F,50-64,No weapon / unknown,3563,5.79
BURGLARY FROM VEHICLE,M,21-24,No weapon / unknown,2792,4.54
BURGLARY FROM VEHICLE,F,21-24,No weapon / unknown,2620,4.26
BURGLARY FROM VEHICLE,M,65+,No weapon / unknown,1612,2.62
BURGLARY FROM VEHICLE,F,65+,No weapon / unknown,1124,1.83
BURGLARY FROM VEHICLE,M,18-20,No weapon / unknown,676,1.1
BURGLARY FROM VEHICLE,F,18-20,No weapon / unknown,637,1.03
BURGLARY FROM VEHICLE,M,25-34,Other weapon,617,1.0
BURGLARY FROM VEHICLE,M,35-49,Other weapon,588,0.96
BURGLARY FROM VEHICLE,F,25-34,Other weapon,482,0.78
BURGLARY FROM VEHICLE,F,35-49,Other weapon,380,0.62
BURGLARY FROM VEHICLE,M,50-64,Other weapon,316,0.51
BURGLARY FROM VEHICLE,F,50-64,Other weapon,177,0.29
BURGLARY FROM VEHICLE,M,21-24,Other weapon,170,0.28
BURGLARY FROM VEHICLE,F,21-24,Other weapon,135,0.22
BURGLARY FROM VEHICLE,X,21-24,No weapon / unknown,93,0.15
BURGLARY FROM VEHICLE,M,65+,Other weapon,85,0.14
BURGLARY FROM VEHICLE,X,25-34,No weapon / unknown,76,0.12
BURGLARY FROM VEHICLE,F,65+,Other weapon,65,0.11
BURGLARY FROM VEHICLE,X,18-20,No weapon / unknown,48,0.08
BURGLARY FROM VEHICLE,M,18-20,Other weapon,39,0.06
BURGLARY FROM VEHICLE,F,18-20,Other weapon,38,0.06
BURGLARY FROM VEHICLE,X,35-49,No weapon / unknown,36,0.06
BURGLARY FROM VEHICLE,M,25-34,Personal weapons,28,0.05
BURGLARY FROM VEHICLE,F,13-17,No weapon / unknown,27,0.04
BURGLARY FROM VEHICLE,M,35-49,Personal weapons,26,0.04
BURGLARY FROM VEHICLE,M,13-17,No weapon / unknown,22,0.04
BURGLARY FROM VEHICLE,F,35-49,Personal weapons,18,0.03
BURGLARY FROM VEHICLE,F,25-34,Personal weapons,15,0.02
BURGLARY FROM VEHICLE,X,50-64,No weapon / unknown,11,0.02
BURGLARY FROM VEHICLE,M,2-9,No weapon / unknown,10,0.02
BURGLARY FROM VEHICLE,M,50-64,Personal weapons,10,0.02
BURGLARY FROM VEHICLE,F,50-64,Personal weapons,9,0.01
BURGLARY FROM VEHICLE,M,65+,Personal weapons,9,0.01
BURGLARY FROM VEHICLE,M,35-49,Firearm,6,0.01
BURGLARY FROM VEHICLE,F,21-24,Personal weapons,5,0.01
BURGLARY FROM VEHICLE,M,25-34,Firearm,5,0.01
BURGLARY FROM VEHICLE,F,2-9,No weapon / unknown,4,0.01
BURGLARY FROM VEHICLE,F,25-34,Firearm,4,0.01
BURGLARY FROM VEHICLE,M,21-24,Personal weapons,4,0.01
BURGLARY FROM VEHICLE,M,35-49,Knife / sharp object,4,0.01
BURGLARY FROM VEHICLE,X,18-20,Other weapon,4,0.01
BURGLARY FROM VEHICLE,X,25-34,Other weapon,4,0.01
BURGLARY FROM VEHICLE,F,10-12,No weapon / unknown,3,0.0
BURGLARY FROM VEHICLE,F,65+,Personal weapons,3,0.0
BURGLARY FROM VEHICLE,M,10-12,No weapon / unknown,3,0.0
BURGLARY FROM VEHICLE,M,25-34,Blunt object,2,0.0
BURGLARY FROM VEHICLE,M,25-34,Knife / sharp object,2,0.0
BURGLARY FROM VEHICLE,X,21-24,Other weapon,2,0.0
BURGLARY FROM VEHICLE,X,65+,No weapon / unknown,2,0.0
BURGLARY FROM VEHICLE,F,13-17,Other weapon,1,0.0
BURGLARY FROM VEHICLE,F,18-20,Firearm,1,0.0
BURGLARY FROM VEHICLE,F,18-20,Personal weapons,1,0.0
BURGLARY FROM VEHICLE,F,21-24,Knife / sharp object,1,0.0
BURGLARY FROM VEHICLE,F,25-34,Knife / sharp object,1,0.0
BURGLARY FROM VEHICLE,F,35-49,Blunt object,1,0.0
BURGLARY FROM VEHICLE,F,35-49,Knife / sharp object,1,0.0
BURGLARY FROM VEHICLE,F,50-64,Blunt object,1,0.0
BURGLARY FROM VEHICLE,F,50-64,Firearm,1,0.0
BURGLARY FROM VEHICLE,F,50-64,Knife / sharp object,1,0.0
BURGLARY FROM VEHICLE,F,65+,Firearm,1,0.0
BURGLARY FROM VEHICLE,M,2-9,Other weapon,1,0.0
BURGLARY FROM VEHICLE,M,10-12,Other weapon,1,0.0
BURGLARY FROM VEHICLE,M,13-17,Other weapon,1,0.0
BURGLARY FROM VEHICLE,M,21-24,Blunt object,1,0.0
BURGLARY FROM VEHICLE,M,21-24,Firearm,1,0.0
BURGLARY FROM VEHICLE,M,35-49,Blunt object,1,0.0
BURGLARY FROM VEHICLE,M,50-64,Blunt object,1,0.0
BURGLARY FROM VEHICLE,M,50-64,Firearm,1,0.0
BURGLARY FROM VEHICLE,M,50-64,Knife / sharp object,1,0.0
BURGLARY FROM VEHICLE,X,18-20,Personal weapons,1,0.0
BURGLARY FROM VEHICLE,X,35-49,Other weapon,1,0.0
BURGLARY FROM VEHICLE,X,65+,Other weapon,1,0.0
"BURGLARY FROM VEHICLE, ATTEMPTED",M,35-49,No weapon / unknown,106,16.36
"BURGLARY FROM VEHICLE, ATTEMPTED",F,25-34,No weapon / unknown,94,14.51
"BURGLARY FROM VEHICLE, ATTEMPTED",F,35-49,No weapon / unknown,82,12.65
"BURGLARY FROM VEHICLE, ATTEMPTED",M,25-34,No weapon / unknown,79,12.19
"BURGLARY FROM VEHICLE, ATTEMPTED",M,50-64,No weapon / unknown,74,11.42
"BURGLARY FROM VEHICLE, ATTEMPTED",F,50-64,No weapon / unknown,43,6.64
"BURGLARY FROM VEHICLE, ATTEMPTED",M,21-24,No weapon / unknown,26,4.01
"BURGLARY FROM VEHICLE, ATTEMPTED",M,65+,No weapon / unknown,24,3.7
"BURGLARY FROM VEHICLE, ATTEMPTED",F,21-24,No weapon / unknown,21,3.24
"BURGLARY FROM VEHICLE, ATTEMPTED",F,65+,No weapon / unknown,18,2.78
"BURGLARY FROM VEHICLE, ATTEMPTED",M,35-49,Other weapon,10,1.54
"BURGLARY FROM VEHICLE, ATTEMPTED",M,50-64,Other weapon,9,1.39
"BURGLARY FROM VEHICLE, ATTEMPTED",M,18-20,No weapon / unknown,8,1.23
"BURGLARY FROM VEHICLE, ATTEMPTED",F,35-49,Other weapon,6,0.93
"BURGLARY FROM VEHICLE, ATTEMPTED",F,18-20,No weapon / unknown,5,0.77
"BURGLARY FROM VEHICLE, ATTEMPTED",M,25-34,Other weapon,5,0.77
"BURGLARY FROM VEHICLE, ATTEMPTED",X,21-24,No weapon / unknown,5,0.77
"BURGLARY FROM VEHICLE, ATTEMPTED",M,65+,Other weapon,3,0.46
"BURGLARY FROM VEHICLE, ATTEMPTED",X,18-20,No weapon / unknown,3,0.46
"BURGLARY FROM VEHICLE, ATTEMPTED",F,18-20,Other weapon,2,0.31
"BURGLARY FROM VEHICLE, ATTEMPTED",F,21-24,Other weapon,2,0.31
"BURGLARY FROM VEHICLE, ATTEMPTED",F,25-34,Other weapon,2,0.31
"BURGLARY FROM VEHICLE, ATTEMPTED",F,50-64,Personal weapons,2,0.31
"BURGLARY FROM VEHICLE, ATTEMPTED",F,65+,Other weapon,2,0.31
"BURGLARY FROM VEHICLE, ATTEMPTED",M,50-64,Personal weapons,2,0.31
"BURGLARY FROM VEHICLE, ATTEMPTED",M,65+,Personal weapons,2,0.31
"BURGLARY FROM VEHICLE, ATTEMPTED",X,35-49,No weapon / unknown,2,0.31
"BURGLARY FROM VEHICLE, ATTEMPTED",F,18-20,Personal weapons,1,0.15
"BURGLARY FROM VEHICLE, ATTEMPTED",F,25-34,Personal weapons,1,0.15
"BURGLARY FROM VEHICLE, ATTEMPTED",F,35-49,Personal weapons,1,0.15
"BURGLARY FROM VEHICLE, ATTEMPTED",F,50-64,Other weapon,1,0.15
"BURGLARY FROM VEHICLE, ATTEMPTED",M,13-17,No weapon / unknown,1,0.15
"BURGLARY FROM VEHICLE, ATTEMPTED",M,21-24,Other weapon,1,0.15
"BURGLARY FROM VEHICLE, ATTEMPTED",M,25-34,Firearm,1,0.15
"BURGLARY FROM VEHICLE, ATTEMPTED",M,25-34,Knife / sharp object,1,0.15
"BURGLARY FROM VEHICLE, ATTEMPTED",M,25-34,Personal weapons,1,0.15
"BURGLARY FROM VEHICLE, ATTEMPTED",M,35-49,Firearm,1,0.15
"BURGLARY FROM VEHICLE, ATTEMPTED",X,25-34,No weapon / unknown,1,0.15
"BURGLARY, ATTEMPTED",M,35-49,No weapon / unknown,423,15.13
"BURGLARY, ATTEMPTED",F,35-49,No weapon / unknown,334,11.95
"BURGLARY, ATTEMPTED",M,50-64,No weapon / unknown,305,10.91
"BURGLARY, ATTEMPTED",F,50-64,No weapon / unknown,284,10.16
"BURGLARY, ATTEMPTED",F,25-34,No weapon / unknown,254,9.09
"BURGLARY, ATTEMPTED",F,65+,No weapon / unknown,232,8.3
"BURGLARY, ATTEMPTED",M,25-34,No weapon / unknown,192,6.87
"BURGLARY, ATTEMPTED",M,65+,No weapon / unknown,186,6.65
"BURGLARY, ATTEMPTED",M,35-49,Other weapon,58,2.08
"BURGLARY, ATTEMPTED",F,21-24,No weapon / unknown,51,1.82
"BURGLARY, ATTEMPTED",F,35-49,Other weapon,39,1.4
"BURGLARY, ATTEMPTED",M,21-24,No weapon / unknown,37,1.32
"BURGLARY, ATTEMPTED",F,50-64,Other weapon,33,1.18
"BURGLARY, ATTEMPTED",M,50-64,Other weapon,33,1.18
"BURGLARY, ATTEMPTED",X,18-20,No weapon / unknown,33,1.18
"BURGLARY, ATTEMPTED",X,21-24,No weapon / unknown,32,1.14
"BURGLARY, ATTEMPTED",F,65+,Other weapon,26,0.93
"BURGLARY, ATTEMPTED",M,65+,Other weapon,26,0.93
"BURGLARY, ATTEMPTED",F,35-49,Personal weapons,25,0.89
"BURGLARY, ATTEMPTED",F,25-34,Other weapon,23,0.82
"BURGLARY, ATTEMPTED",F,25-34,Personal weapons,19,0.68
"BURGLARY, ATTEMPTED",M,25-34,Other weapon,18,0.64
"BURGLARY, ATTEMPTED",M,18-20,No weapon / unknown,17,0.61
"BURGLARY, ATTEMPTED",F,18-20,No weapon / unknown,15,0.54
"BURGLARY, ATTEMPTED",M,35-49,Personal weapons,11,0.39
"BURGLARY, ATTEMPTED",M,50-64,Personal weapons,10,0.36
"BURGLARY, ATTEMPTED",F,50-64,Personal weapons,8,0.29
"BURGLARY, ATTEMPTED",M,25-34,Personal weapons,8,0.29
"BURGLARY, ATTEMPTED",F,21-24,Other weapon,6,0.21
"BURGLARY, ATTEMPTED",F,65+,Personal weapons,6,0.21
"BURGLARY, ATTEMPTED",F,13-17,No weapon / unknown,5,0.18
"BURGLARY, ATTEMPTED",F,21-24,Personal weapons,4,0.14
"BURGLARY, ATTEMPTED",M,21-24,Other weapon,4,0.14
"BURGLARY, ATTEMPTED",M,65+,Personal weapons,4,0.14
"BURGLARY, ATTEMPTED",X,21-24,Other weapon,4,0.14
"BURGLARY, ATTEMPTED",X,35-49,No weapon / unknown,4,0.14
"BURGLARY, ATTEMPTED",M,50-64,Knife / sharp object,3,0.11
"BURGLARY, ATTEMPTED",F,35-49,Blunt object,2,0.07
"BURGLARY, ATTEMPTED",M,18-20,Other weapon,2,0.07
"BURGLARY, ATTEMPTED",M,35-49,Firearm,2,0.07
"BURGLARY, ATTEMPTED",F,18-20,Other weapon,1,0.04
"BURGLARY, ATTEMPTED",F,21-24,Knife / sharp object,1,0.04
"BURGLARY, ATTEMPTED",F,25-34,Blunt object,1,0.04
"BURGLARY, ATTEMPTED",F,25-34,Knife / sharp object,1,0.04
"BURGLARY, ATTEMPTED",F,50-64,Knife / sharp object,1,0.04
"BURGLARY, ATTEMPTED",F,65+,Knife / sharp object,1,0.04
"BURGLARY, ATTEMPTED",M,10-12,No weapon / unknown,1,0.04
"BURGLARY, ATTEMPTED",M,13-17,Other weapon,1,0.04
"BURGLARY, ATTEMPTED",M,18-20,Personal weapons,1,0.04
"BURGLARY, ATTEMPTED",M,21-24,Firearm,1,0.04
"BURGLARY, ATTEMPTED",M,25-34,Firearm,1,0.04
"BURGLARY, ATTEMPTED",M,25-34,Knife / sharp object,1,0.04
"BURGLARY, ATTEMPTED",M,35-49,Knife / sharp object,1,0.04
"BURGLARY, ATTEMPTED",X,18-20,Other weapon,1,0.04
"BURGLARY, ATTEMPTED",X,21-24,Personal weapons,1,0.04
"BURGLARY, ATTEMPTED",X,35-49,Other weapon,1,0.04
"BURGLARY, ATTEMPTED",X,65+,No weapon / unknown,1,0.04
CHILD ABANDONMENT,M,2-9,No weapon / unknown,6,33.33
CHILD ABANDONMENT,F,13-17,No weapon / unknown,5,27.78
CHILD ABANDONMENT,F,2-9,No weapon / unknown,2,11.11
CHILD ABANDONMENT,M,10-12,No weapon / unknown,2,11.11
CHILD ABANDONMENT,F,10-12,Personal weapons,1,5.56
CHILD ABANDONMENT,F,25-34,No weapon / unknown,1,5.56
CHILD ABANDONMENT,M,13-17,No weapon / unknown,1,5.56
CHILD ABUSE (PHYSICAL) - AGGRAVATED ASSAULT,F,13-17,Personal weapons,86,16.67
CHILD ABUSE (PHYSICAL) - AGGRAVATED ASSAULT,M,13-17,Personal weapons,63,12.21
CHILD ABUSE (PHYSICAL) - AGGRAVATED ASSAULT,F,13-17,Other weapon,56,10.85
CHILD ABUSE (PHYSICAL) - AGGRAVATED ASSAULT,M,2-9,Personal weapons,42,8.14
CHILD ABUSE (PHYSICAL) - AGGRAVATED ASSAULT,M,2-9,Other weapon,41,7.95
CHILD ABUSE (PHYSICAL) - AGGRAVATED ASSAULT,F,2-9,Other weapon,31,6.01
CHILD ABUSE (PHYSICAL) - AGGRAVATED ASSAULT,M,10-12,Personal weapons,31,6.01
CHILD ABUSE (PHYSICAL) - AGGRAVATED ASSAULT,M,13-17,Other weapon,28,5.43
CHILD ABUSE (PHYSICAL) - AGGRAVATED ASSAULT,F,2-9,Personal weapons,22,4.26
CHILD ABUSE (PHYSICAL) - AGGRAVATED ASSAULT,F,10-12,Personal weapons,18,3.49
CHILD ABUSE (PHYSICAL) - AGGRAVATED ASSAULT,M,10-12,Other weapon,15,2.91
CHILD ABUSE (PHYSICAL) - AGGRAVATED ASSAULT,M,13-17,Knife / sharp object,12,2.33
CHILD ABUSE (PHYSICAL) - AGGRAVATED ASSAULT,F,10-12,Other weapon,11,2.13
CHILD ABUSE (PHYSICAL) - AGGRAVATED ASSAULT,M,13-17,Blunt object,9,1.74
CHILD ABUSE (PHYSICAL) - AGGRAVATED ASSAULT,M,13-17,Firearm,9,1.74
CHILD ABUSE (PHYSICAL) - AGGRAVATED ASSAULT,F,2-9,Blunt object,5,0.97
CHILD ABUSE (PHYSICAL) - AGGRAVATED ASSAULT,F,13-17,Blunt object,5,0.97
CHILD ABUSE (PHYSICAL) - AGGRAVATED ASSAULT,F,2-9,Firearm,4,0.78
CHILD ABUSE (PHYSICAL) - AGGRAVATED ASSAULT,F,13-17,Firearm,4,0.78
CHILD ABUSE (PHYSICAL) - AGGRAVATED ASSAULT,M,2-9,Firearm,4,0.78
CHILD ABUSE (PHYSICAL) - AGGRAVATED ASSAULT,F,2-9,Knife / sharp object,3,0.58
CHILD ABUSE (PHYSICAL) - AGGRAVATED ASSAULT,F,13-17,Knife / sharp object,3,0.58
CHILD ABUSE (PHYSICAL) - AGGRAVATED ASSAULT,M,2-9,Knife / sharp object,3,0.58
CHILD ABUSE (PHYSICAL) - AGGRAVATED ASSAULT,M,18-20,Firearm,2,0.39
CHILD ABUSE (PHYSICAL) - AGGRAVATED ASSAULT,X,13-17,Other weapon,2,0.39
CHILD ABUSE (PHYSICAL) - AGGRAVATED ASSAULT,F,10-12,Blunt object,1,0.19
CHILD ABUSE (PHYSICAL) - AGGRAVATED ASSAULT,F,18-20,Firearm,1,0.19
CHILD ABUSE (PHYSICAL) - AGGRAVATED ASSAULT,F,18-20,Other weapon,1,0.19
CHILD ABUSE (PHYSICAL) - AGGRAVATED ASSAULT,F,25-34,Personal weapons,1,0.19
CHILD ABUSE (PHYSICAL) - AGGRAVATED ASSAULT,M,10-12,Blunt object,1,0.19
CHILD ABUSE (PHYSICAL) - AGGRAVATED ASSAULT,M,10-12,Firearm,1,0.19
CHILD ABUSE (PHYSICAL) - AGGRAVATED ASSAULT,M,10-12,Knife / sharp object,1,0.19
CHILD ABUSE (PHYSICAL) - SIMPLE ASSAULT,F,13-17,Personal weapons,778,22.51
CHILD ABUSE (PHYSICAL) - SIMPLE ASSAULT,M,13-17,Personal weapons,484,14.0
CHILD ABUSE (PHYSICAL) - SIMPLE ASSAULT,M,2-9,Personal weapons,482,13.95
CHILD ABUSE (PHYSICAL) - SIMPLE ASSAULT,F,2-9,Personal weapons,370,10.71
CHILD ABUSE (PHYSICAL) - SIMPLE ASSAULT,F,10-12,Personal weapons,257,7.44
CHILD ABUSE (PHYSICAL) - SIMPLE ASSAULT,M,10-12,Personal weapons,246,7.12
CHILD ABUSE (PHYSICAL) - SIMPLE ASSAULT,M,2-9,Other weapon,177,5.12
CHILD ABUSE (PHYSICAL) - SIMPLE ASSAULT,F,13-17,Other weapon,158,4.57
CHILD ABUSE (PHYSICAL) - SIMPLE ASSAULT,F,2-9,Other weapon,132,3.82
CHILD ABUSE (PHYSICAL) - SIMPLE ASSAULT,F,10-12,Other weapon,104,3.01
CHILD ABUSE (PHYSICAL) - SIMPLE ASSAULT,M,13-17,Other weapon,90,2.6
CHILD ABUSE (PHYSICAL) - SIMPLE ASSAULT,M,10-12,Other weapon,86,2.49
CHILD ABUSE (PHYSICAL) - SIMPLE ASSAULT,F,25-34,Personal weapons,10,0.29
CHILD ABUSE (PHYSICAL) - SIMPLE ASSAULT,F,35-49,Personal weapons,7,0.2
CHILD ABUSE (PHYSICAL) - SIMPLE ASSAULT,M,2-9,No weapon / unknown,6,0.17
CHILD ABUSE (PHYSICAL) - SIMPLE ASSAULT,M,18-20,Personal weapons,5,0.14
CHILD ABUSE (PHYSICAL) - SIMPLE ASSAULT,M,25-34,Personal weapons,5,0.14
CHILD ABUSE (PHYSICAL) - SIMPLE ASSAULT,F,13-17,Blunt object,4,0.12
CHILD ABUSE (PHYSICAL) - SIMPLE ASSAULT,F,21-24,Personal weapons,4,0.12
CHILD ABUSE (PHYSICAL) - SIMPLE ASSAULT,F,50-64,Personal weapons,4,0.12
CHILD ABUSE (PHYSICAL) - SIMPLE ASSAULT,M,2-9,Blunt object,4,0.12
CHILD ABUSE (PHYSICAL) - SIMPLE ASSAULT,M,10-12,Blunt object,4,0.12
CHILD ABUSE (PHYSICAL) - SIMPLE ASSAULT,F,2-9,Blunt object,3,0.09
CHILD ABUSE (PHYSICAL) - SIMPLE ASSAULT,M,35-49,Other weapon,3,0.09
CHILD ABUSE (PHYSICAL) - SIMPLE ASSAULT,X,13-17,Personal weapons,3,0.09
CHILD ABUSE (PHYSICAL) - SIMPLE ASSAULT,F,2-9,No weapon / unknown,2,0.06
CHILD ABUSE (PHYSICAL) - SIMPLE ASSAULT,F,13-17,No weapon / unknown,2,0.06
CHILD ABUSE (PHYSICAL) - SIMPLE ASSAULT,F,18-20,Personal weapons,2,0.06
CHILD ABUSE (PHYSICAL) - SIMPLE ASSAULT,F,65+,Personal weapons,2,0.06
CHILD ABUSE (PHYSICAL) - SIMPLE ASSAULT,M,13-17,No weapon / unknown,2,0.06
CHILD ABUSE (PHYSICAL) - SIMPLE ASSAULT,M,50-64,Personal weapons,2,0.06
CHILD ABUSE (PHYSICAL) - SIMPLE ASSAULT,X,2-9,Other weapon,2,0.06
CHILD ABUSE (PHYSICAL) - SIMPLE ASSAULT,F,10-12,Blunt object,1,0.03
CHILD ABUSE (PHYSICAL) - SIMPLE ASSAULT,F,13-17,Firearm,1,0.03
CHILD ABUSE (PHYSICAL) - SIMPLE ASSAULT,F,13-17,Knife / sharp object,1,0.03
CHILD ABUSE (PHYSICAL) - SIMPLE ASSAULT,F,18-20,Other weapon,1,0.03
CHILD ABUSE (PHYSICAL) - SIMPLE ASSAULT,F,21-24,Other weapon,1,0.03
CHILD ABUSE (PHYSICAL) - SIMPLE ASSAULT,F,50-64,Other weapon,1,0.03
CHILD ABUSE (PHYSICAL) - SIMPLE ASSAULT,F,65+,Other weapon,1,0.03
CHILD ABUSE (PHYSICAL) - SIMPLE ASSAULT,M,2-9,Firearm,1,0.03
CHILD ABUSE (PHYSICAL) - SIMPLE ASSAULT,M,10-12,Knife / sharp object,1,0.03
CHILD ABUSE (PHYSICAL) - SIMPLE ASSAULT,M,13-17,Blunt object,1,0.03
CHILD ABUSE (PHYSICAL) - SIMPLE ASSAULT,M,18-20,Other weapon,1,0.03
CHILD ABUSE (PHYSICAL) - SIMPLE ASSAULT,M,35-49,Personal weapons,1,0.03
CHILD ABUSE (PHYSICAL) - SIMPLE ASSAULT,M,50-64,Other weapon,1,0.03
CHILD ABUSE (PHYSICAL) - SIMPLE ASSAULT,M,65+,Other weapon,1,0.03
CHILD ABUSE (PHYSICAL) - SIMPLE ASSAULT,M,65+,Personal weapons,1,0.03
CHILD ABUSE (PHYSICAL) - SIMPLE ASSAULT,X,10-12,Other weapon,1,0.03
CHILD ANNOYING (17YRS & UNDER),F,13-17,No weapon / unknown,453,43.94
CHILD ANNOYING (17YRS & UNDER),F,10-12,No weapon / unknown,154,14.94
CHILD ANNOYING (17YRS & UNDER),F,13-17,Personal weapons,78,7.57
CHILD ANNOYING (17YRS & UNDER),F,2-9,No weapon / unknown,76,7.37
CHILD ANNOYING (17YRS & UNDER),M,13-17,No weapon / unknown,69,6.69
CHILD ANNOYING (17YRS & UNDER),F,10-12,Personal weapons,44,4.27
CHILD ANNOYING (17YRS & UNDER),M,10-12,No weapon / unknown,35,3.39
CHILD ANNOYING (17YRS & UNDER),F,13-17,Other weapon,26,2.52
CHILD ANNOYING (17YRS & UNDER),M,2-9,No weapon / unknown,23,2.23
CHILD ANNOYING (17YRS & UNDER),F,2-9,Personal weapons,21,2.04
CHILD ANNOYING (17YRS & UNDER),M,13-17,Personal weapons,8,0.78
CHILD ANNOYING (17YRS & UNDER),F,10-12,Other weapon,6,0.58
CHILD ANNOYING (17YRS & UNDER),F,35-49,No weapon / unknown,5,0.48
CHILD ANNOYING (17YRS & UNDER),M,2-9,Personal weapons,5,0.48
CHILD ANNOYING (17YRS & UNDER),M,2-9,Other weapon,4,0.39
CHILD ANNOYING (17YRS & UNDER),M,10-12,Personal weapons,4,0.39
CHILD ANNOYING (17YRS & UNDER),F,18-20,No weapon / unknown,3,0.29
CHILD ANNOYING (17YRS & UNDER),M,13-17,Other weapon,3,0.29
CHILD ANNOYING (17YRS & UNDER),F,2-9,Other weapon,2,0.19
CHILD ANNOYING (17YRS & UNDER),F,21-24,No weapon / unknown,2,0.19
CHILD ANNOYING (17YRS & UNDER),F,25-34,No weapon / unknown,2,0.19
CHILD ANNOYING (17YRS & UNDER),M,18-20,No weapon / unknown,2,0.19
CHILD ANNOYING (17YRS & UNDER),F,18-20,Personal weapons,1,0.1
CHILD ANNOYING (17YRS & UNDER),F,25-34,Personal weapons,1,0.1
CHILD ANNOYING (17YRS & UNDER),F,65+,Personal weapons,1,0.1
CHILD ANNOYING (17YRS & UNDER),M,10-12,Other weapon,1,0.1
CHILD ANNOYING (17YRS & UNDER),M,65+,No weapon / unknown,1,0.1
CHILD ANNOYING (17YRS & UNDER),X,13-17,Personal weapons,1,0.1
CHILD NEGLECT (SEE 300 W.I.C.),M,2-9,No weapon / unknown,290,30.05
CHILD NEGLECT (SEE 300 W.I.C.),F,2-9,No weapon / unknown,246,25.49
CHILD NEGLECT (SEE 300 W.I.C.),F,13-17,No weapon / unknown,90,9.33
CHILD NEGLECT (SEE 300 W.I.C.),M,13-17,No weapon / unknown,74,7.67
CHILD NEGLECT (SEE 300 W.I.C.),F,10-12,No weapon / unknown,56,5.8
CHILD NEGLECT (SEE 300 W.I.C.),M,10-12,No weapon / unknown,54,5.6
CHILD NEGLECT (SEE 300 W.I.C.),M,2-9,Personal weapons,28,2.9
CHILD NEGLECT (SEE 300 W.I.C.),F,2-9,Personal weapons,22,2.28
CHILD NEGLECT (SEE 300 W.I.C.),M,2-9,Other weapon,22,2.28
CHILD NEGLECT (SEE 300 W.I.C.),F,2-9,Other weapon,16,1.66
CHILD NEGLECT (SEE 300 W.I.C.),F,13-17,Personal weapons,10,1.04
CHILD NEGLECT (SEE 300 W.I.C.),F,2-9,Firearm,8,0.83
CHILD NEGLECT (SEE 300 W.I.C.),M,13-17,Personal weapons,5,0.52
CHILD NEGLECT (SEE 300 W.I.C.),F,10-12,Personal weapons,4,0.41
CHILD NEGLECT (SEE 300 W.I.C.),M,10-12,Personal weapons,4,0.41
CHILD NEGLECT (SEE 300 W.I.C.),F,10-12,Other weapon,3,0.31
CHILD NEGLECT (SEE 300 W.I.C.),M,10-12,Other weapon,3,0.31
CHILD NEGLECT (SEE 300 W.I.C.),F,2-9,Knife / sharp object,2,0.21
CHILD NEGLECT (SEE 300 W.I.C.),F,10-12,Firearm,2,0.21
CHILD NEGLECT (SEE 300 W.I.C.),F,13-17,Other weapon,2,0.21
CHILD NEGLECT (SEE 300 W.I.C.),F,21-24,No weapon / unknown,2,0.21
CHILD NEGLECT (SEE 300 W.I.C.),M,2-9,Firearm,2,0.21
CHILD NEGLECT (SEE 300 W.I.C.),M,10-12,Firearm,2,0.21
CHILD NEGLECT (SEE 300 W.I.C.),M,13-17,Other weapon,2,0.21
CHILD NEGLECT (SEE 300 W.I.C.),M,65+,No weapon / unknown,2,0.21
CHILD NEGLECT (SEE 300 W.I.C.),F,18-20,Firearm,1,0.1
CHILD NEGLECT (SEE 300 W.I.C.),F,18-20,No weapon / unknown,1,0.1
CHILD NEGLECT (SEE 300 W.I.C.),F,25-34,No weapon / unknown,1,0.1
CHILD NEGLECT (SEE 300 W.I.C.),F,25-34,Personal weapons,1,0.1
CHILD NEGLECT (SEE 300 W.I.C.),F,35-49,No weapon / unknown,1,0.1
CHILD NEGLECT (SEE 300 W.I.C.),F,65+,No weapon / unknown,1,0.1
CHILD NEGLECT (SEE 300 W.I.C.),M,2-9,Knife / sharp object,1,0.1
CHILD NEGLECT (SEE 300 W.I.C.),M,10-12,Knife / sharp object,1,0.1
CHILD NEGLECT (SEE 300 W.I.C.),M,13-17,Firearm,1,0.1
CHILD NEGLECT (SEE 300 W.I.C.),M,13-17,Knife / sharp object,1,0.1
CHILD NEGLECT (SEE 300 W.I.C.),M,18-20,No weapon / unknown,1,0.1
CHILD NEGLECT (SEE 300 W.I.C.),M,21-24,No weapon / unknown,1,0.1
CHILD NEGLECT (SEE 300 W.I.C.),M,35-49,No weapon / unknown,1,0.1
CHILD NEGLECT (SEE 300 W.I.C.),X,13-17,Other weapon,1,0.1
CHILD PORNOGRAPHY,F,13-17,No weapon / unknown,62,24.12
CHILD PORNOGRAPHY,M,35-49,No weapon / unknown,36,14.01
CHILD PORNOGRAPHY,M,25-34,No weapon / unknown,35,13.62
CHILD PORNOGRAPHY,M,13-17,No weapon / unknown,32,12.45
CHILD PORNOGRAPHY,F,10-12,No weapon / unknown,15,5.84
CHILD PORNOGRAPHY,M,50-64,No weapon / unknown,14,5.45
CHILD PORNOGRAPHY,M,21-24,No weapon / unknown,10,3.89
CHILD PORNOGRAPHY,M,65+,No weapon / unknown,10,3.89
CHILD PORNOGRAPHY,M,10-12,No weapon / unknown,9,3.5
CHILD PORNOGRAPHY,M,2-9,No weapon / unknown,6,2.33
CHILD PORNOGRAPHY,M,18-20,No weapon / unknown,5,1.95
CHILD PORNOGRAPHY,F,2-9,No weapon / unknown,3,1.17
CHILD PORNOGRAPHY,F,13-17,Personal weapons,3,1.17
CHILD PORNOGRAPHY,F,35-49,No weapon / unknown,3,1.17
CHILD PORNOGRAPHY,F,13-17,Other weapon,2,0.78
CHILD PORNOGRAPHY,F,25-34,No weapon / unknown,2,0.78
CHILD PORNOGRAPHY,F,50-64,No weapon / unknown,2,0.78
CHILD PORNOGRAPHY,M,10-12,Other weapon,2,0.78
CHILD PORNOGRAPHY,F,10-12,Personal weapons,1,0.39
CHILD PORNOGRAPHY,F,21-24,No weapon / unknown,1,0.39
CHILD PORNOGRAPHY,F,35-49,Other weapon,1,0.39
CHILD PORNOGRAPHY,X,13-17,No weapon / unknown,1,0.39
CHILD PORNOGRAPHY,X,18-20,No weapon / unknown,1,0.39
CHILD PORNOGRAPHY,X,21-24,No weapon / unknown,1,0.39
CHILD STEALING,M,35-49,No weapon / unknown,82,21.19
CHILD STEALING,F,25-34,No weapon / unknown,65,16.8
CHILD STEALING,F,35-49,No weapon / unknown,56,14.47
CHILD STEALING,M,25-34,No weapon / unknown,54,13.95
CHILD STEALING,M,50-64,No weapon / unknown,19,4.91
CHILD STEALING,F,21-24,No weapon / unknown,15,3.88
CHILD STEALING,F,2-9,No weapon / unknown,12,3.1
CHILD STEALING,M,2-9,No weapon / unknown,12,3.1
CHILD STEALING,F,50-64,No weapon / unknown,8,2.07
CHILD STEALING,M,21-24,No weapon / unknown,8,2.07
CHILD STEALING,F,10-12,No weapon / unknown,7,1.81
CHILD STEALING,F,18-20,No weapon / unknown,7,1.81
CHILD STEALING,M,10-12,No weapon / unknown,5,1.29
CHILD STEALING,M,65+,No weapon / unknown,5,1.29
CHILD STEALING,X,21-24,No weapon / unknown,4,1.03
CHILD STEALING,F,13-17,No weapon / unknown,3,0.78
CHILD STEALING,M,25-34,Personal weapons,3,0.78
CHILD STEALING,X,18-20,No weapon / unknown,3,0.78
CHILD STEALING,F,2-9,Personal weapons,2,0.52
CHILD STEALING,F,21-24,Personal weapons,2,0.52
CHILD STEALING,F,35-49,Other weapon,2,0.52
CHILD STEALING,F,35-49,Personal weapons,2,0.52
CHILD STEALING,M,35-49,Other weapon,2,0.52
CHILD STEALING,F,13-17,Personal weapons,1,0.26
CHILD STEALING,F,25-34,Knife / sharp object,1,0.26
CHILD STEALING,F,65+,No weapon / unknown,1,0.26
CHILD STEALING,M,2-9,Personal weapons,1,0.26
CHILD STEALING,M,13-17,No weapon / unknown,1,0.26
CHILD STEALING,M,18-20,No weapon / unknown,1,0.26
CHILD STEALING,M,25-34,Other weapon,1,0.26
CHILD STEALING,M,35-49,Personal weapons,1,0.26
CHILD STEALING,X,21-24,Personal weapons,1,0.26
CONSPIRACY,M,25-34,No weapon / unknown,3,23.08
CONSPIRACY,M,65+,No weapon / unknown,3,23.08
CONSPIRACY,M,35-49,Other weapon,2,15.38
CONSPIRACY,F,13-17,No weapon / unknown,1,7.69
CONSPIRACY,F,50-64,No weapon / unknown,1,7.69
CONSPIRACY,M,21-24,No weapon / unknown,1,7.69
CONSPIRACY,M,50-64,No weapon / unknown,1,7.69
CONSPIRACY,M,50-64,Other weapon,1,7.69
CONTEMPT OF COURT,F,35-49,No weapon / unknown,653,24.63
CONTEMPT OF COURT,F,25-34,No weapon / unknown,455,17.16
CONTEMPT OF COURT,F,50-64,No weapon / unknown,314,11.84
CONTEMPT OF COURT,M,35-49,No weapon / unknown,263,9.92
CONTEMPT OF COURT,F,65+,No weapon / unknown,158,5.96
CONTEMPT OF COURT,M,25-34,No weapon / unknown,149,5.62
CONTEMPT OF COURT,M,50-64,No weapon / unknown,131,4.94
CONTEMPT OF COURT,F,21-24,No weapon / unknown,81,3.06
CONTEMPT OF COURT,M,65+,No weapon / unknown,78,2.94
CONTEMPT OF COURT,F,35-49,Other weapon,54,2.04
CONTEMPT OF COURT,F,18-20,No weapon / unknown,43,1.62
CONTEMPT OF COURT,F,25-34,Other weapon,37,1.4
CONTEMPT OF COURT,F,50-64,Other weapon,30,1.13
CONTEMPT OF COURT,F,13-17,No weapon / unknown,23,0.87
CONTEMPT OF COURT,M,21-24,No weapon / unknown,17,0.64
CONTEMPT OF COURT,M,13-17,No weapon / unknown,16,0.6
CONTEMPT OF COURT,F,21-24,Other weapon,14,0.53
CONTEMPT OF COURT,F,65+,Other weapon,12,0.45
CONTEMPT OF COURT,M,25-34,Other weapon,12,0.45
CONTEMPT OF COURT,F,25-34,Personal weapons,11,0.41
CONTEMPT OF COURT,F,35-49,Personal weapons,10,0.38
CONTEMPT OF COURT,M,35-49,Other weapon,10,0.38
CONTEMPT OF COURT,M,2-9,No weapon / unknown,7,0.26
CONTEMPT OF COURT,M,18-20,No weapon / unknown,7,0.26
CONTEMPT OF COURT,M,50-64,Other weapon,7,0.26
CONTEMPT OF COURT,F,2-9,No weapon / unknown,6,0.23
CONTEMPT OF COURT,F,10-12,No weapon / unknown,6,0.23
CONTEMPT OF COURT,M,65+,Other weapon,6,0.23
CONTEMPT OF COURT,F,65+,Personal weapons,4,0.15
CONTEMPT OF COURT,M,10-12,No weapon / unknown,4,0.15
CONTEMPT OF COURT,M,35-49,Personal weapons,4,0.15
CONTEMPT OF COURT,M,50-64,Personal weapons,4,0.15
CONTEMPT OF COURT,F,50-64,Personal weapons,3,0.11
CONTEMPT OF COURT,M,13-17,Other weapon,3,0.11
CONTEMPT OF COURT,M,21-24,Other weapon,3,0.11
CONTEMPT OF COURT,F,35-49,Knife / sharp object,2,0.08
CONTEMPT OF COURT,M,18-20,Other weapon,2,0.08
CONTEMPT OF COURT,M,25-34,Personal weapons,2,0.08
CONTEMPT OF COURT,M,65+,Personal weapons,2,0.08
CONTEMPT OF COURT,F,13-17,Other weapon,1,0.04
CONTEMPT OF COURT,F,13-17,Personal weapons,1,0.04
CONTEMPT OF COURT,F,21-24,Personal weapons,1,0.04
CONTEMPT OF COURT,M,35-49,Firearm,1,0.04
CONTEMPT OF COURT,X,25-34,No weapon / unknown,1,0.04
CONTEMPT OF COURT,X,35-49,Other weapon,1,0.04
CONTEMPT OF COURT,X,35-49,Personal weapons,1,0.04
CONTEMPT OF COURT,X,50-64,Other weapon,1,0.04
CONTRIBUTING,F,13-17,No weapon / unknown,23,52.27
CONTRIBUTING,M,13-17,No weapon / unknown,8,18.18
CONTRIBUTING,F,10-12,No weapon / unknown,7,15.91
CONTRIBUTING,M,10-12,No weapon / unknown,2,4.55
CONTRIBUTING,F,21-24,No weapon / unknown,1,2.27
CONTRIBUTING,F,25-34,No weapon / unknown,1,2.27
CONTRIBUTING,F,35-49,No weapon / unknown,1,2.27
CONTRIBUTING,M,13-17,Personal weapons,1,2.27
COUNTERFEIT,M,35-49,No weapon / unknown,10,20.0
COUNTERFEIT,M,50-64,No weapon / unknown,10,20.0
COUNTERFEIT,M,25-34,No weapon / unknown,9,18.0
COUNTERFEIT,F,35-49,No weapon / unknown,4,8.0
COUNTERFEIT,F,50-64,No weapon / unknown,4,8.0
COUNTERFEIT,M,65+,No weapon / unknown,3,6.0
COUNTERFEIT,M,21-24,No weapon / unknown,2,4.0
COUNTERFEIT,X,18-20,No weapon / unknown,2,4.0
COUNTERFEIT,F,18-20,No weapon / unknown,1,2.0
COUNTERFEIT,F,21-24,No weapon / unknown,1,2.0
COUNTERFEIT,F,25-34,No weapon / unknown,1,2.0
COUNTERFEIT,M,13-17,No weapon / unknown,1,2.0
COUNTERFEIT,M,18-20,No weapon / unknown,1,2.0
COUNTERFEIT,X,21-24,No weapon / unknown,1,2.0
"CREDIT CARDS, FRAUD USE ($950 & UNDER",F,25-34,No weapon / unknown,16,20.51
"CREDIT CARDS, FRAUD USE ($950 & UNDER",F,35-49,No weapon / unknown,13,16.67
"CREDIT CARDS, FRAUD USE ($950 & UNDER",M,35-49,No weapon / unknown,10,12.82
"CREDIT CARDS, FRAUD USE ($950 & UNDER",M,25-34,No weapon / unknown,7,8.97
"CREDIT CARDS, FRAUD USE ($950 & UNDER",M,50-64,No weapon / unknown,7,8.97
"CREDIT CARDS, FRAUD USE ($950 & UNDER",F,50-64,No weapon / unknown,5,6.41
"CREDIT CARDS, FRAUD USE ($950 & UNDER",F,65+,No weapon / unknown,5,6.41
"CREDIT CARDS, FRAUD USE ($950 & UNDER",M,65+,No weapon / unknown,5,6.41
"CREDIT CARDS, FRAUD USE ($950 & UNDER",M,18-20,No weapon / unknown,3,3.85
"CREDIT CARDS, FRAUD USE ($950 & UNDER",M,21-24,No weapon / unknown,3,3.85
"CREDIT CARDS, FRAUD USE ($950 & UNDER",F,21-24,No weapon / unknown,2,2.56
"CREDIT CARDS, FRAUD USE ($950 & UNDER",F,35-49,Other weapon,1,1.28
"CREDIT CARDS, FRAUD USE ($950 & UNDER",X,50-64,No weapon / unknown,1,1.28
"CREDIT CARDS, FRAUD USE ($950.01 & OVER)",M,35-49,No weapon / unknown,12,16.67
"CREDIT CARDS, FRAUD USE ($950.01 & OVER)",F,35-49,No weapon / unknown,11,15.28
"CREDIT CARDS, FRAUD USE ($950.01 & OVER)",F,50-64,No weapon / unknown,10,13.89
"CREDIT CARDS, FRAUD USE ($950.01 & OVER)",M,25-34,No weapon / unknown,10,13.89
"CREDIT CARDS, FRAUD USE ($950.01 & OVER)",F,65+,No weapon / unknown,8,11.11
"CREDIT CARDS, FRAUD USE ($950.01 & OVER)",M,50-64,No weapon / unknown,7,9.72
"CREDIT CARDS, FRAUD USE ($950.01 & OVER)",F,25-34,No weapon / unknown,3,4.17
"CREDIT CARDS, FRAUD USE ($950.01 & OVER)",F,21-24,No weapon / unknown,2,2.78
"CREDIT CARDS, FRAUD USE ($950.01 & OVER)",M,18-20,No weapon / unknown,2,2.78
"CREDIT CARDS, FRAUD USE ($950.01 & OVER)",M,65+,No weapon / unknown,2,2.78
"CREDIT CARDS, FRAUD USE ($950.01 & OVER)",F,18-20,No weapon / unknown,1,1.39
"CREDIT CARDS, FRAUD USE ($950.01 & OVER)",M,13-17,No weapon / unknown,1,1.39
"CREDIT CARDS, FRAUD USE ($950.01 & OVER)",M,21-24,No weapon / unknown,1,1.39
"CREDIT CARDS, FRAUD USE ($950.01 & OVER)",X,18-20,No weapon / unknown,1,1.39
"CREDIT CARDS, FRAUD USE ($950.01 & OVER)",X,21-24,No weapon / unknown,1,1.39
CRIMINAL HOMICIDE,M,25-34,Firearm,280,18.15
CRIMINAL HOMICIDE,M,35-49,Firearm,241,15.62
CRIMINAL HOMICIDE,M,25-34,Other weapon,112,7.26
CRIMINAL HOMICIDE,M,35-49,Other weapon,106,6.87
CRIMINAL HOMICIDE,M,50-64,Firearm,98,6.35
CRIMINAL HOMICIDE,M,21-24,Firearm,74,4.8
CRIMINAL HOMICIDE,M,18-20,Firearm,56,3.63
CRIMINAL HOMICIDE,M,50-64,Other weapon,52,3.37
CRIMINAL HOMICIDE,M,21-24,Other weapon,43,2.79
CRIMINAL HOMICIDE,F,25-34,Firearm,35,2.27
CRIMINAL HOMICIDE,M,13-17,Firearm,33,2.14
CRIMINAL HOMICIDE,M,50-64,Knife / sharp object,30,1.94
CRIMINAL HOMICIDE,M,35-49,Knife / sharp object,29,1.88
CRIMINAL HOMICIDE,F,35-49,Firearm,22,1.43
CRIMINAL HOMICIDE,M,65+,Other weapon,22,1.43
CRIMINAL HOMICIDE,M,50-64,Personal weapons,19,1.23
CRIMINAL HOMICIDE,F,35-49,Other weapon,18,1.17
CRIMINAL HOMICIDE,M,25-34,Knife / sharp object,17,1.1
CRIMINAL HOMICIDE,M,35-49,Personal weapons,17,1.1
CRIMINAL HOMICIDE,F,25-34,Other weapon,16,1.04
CRIMINAL HOMICIDE,M,65+,Knife / sharp object,16,1.04
CRIMINAL HOMICIDE,M,18-20,Other weapon,14,0.91
CRIMINAL HOMICIDE,M,65+,Firearm,14,0.91
CRIMINAL HOMICIDE,F,50-64,Other weapon,12,0.78
CRIMINAL HOMICIDE,M,65+,Personal weapons,12,0.78
CRIMINAL HOMICIDE,F,18-20,Firearm,11,0.71
CRIMINAL HOMICIDE,F,35-49,Knife / sharp object,9,0.58
CRIMINAL HOMICIDE,F,50-64,Knife / sharp object,9,0.58
CRIMINAL HOMICIDE,M,13-17,Other weapon,9,0.58
CRIMINAL HOMICIDE,F,21-24,Other weapon,8,0.52
CRIMINAL HOMICIDE,M,25-34,Personal weapons,8,0.52
CRIMINAL HOMICIDE,F,50-64,Firearm,7,0.45
CRIMINAL HOMICIDE,M,21-24,Knife / sharp object,6,0.39
CRIMINAL HOMICIDE,F,21-24,Firearm,5,0.32
CRIMINAL HOMICIDE,F,25-34,Knife / sharp object,5,0.32
CRIMINAL HOMICIDE,F,35-49,Personal weapons,5,0.32
CRIMINAL HOMICIDE,F,50-64,Personal weapons,5,0.32
CRIMINAL HOMICIDE,F,65+,Knife / sharp object,5,0.32
CRIMINAL HOMICIDE,F,65+,Other weapon,5,0.32
CRIMINAL HOMICIDE,M,35-49,Blunt object,5,0.32
CRIMINAL HOMICIDE,F,65+,Firearm,4,0.26
CRIMINAL HOMICIDE,F,2-9,Personal weapons,3,0.19
CRIMINAL HOMICIDE,F,13-17,Firearm,3,0.19
CRIMINAL HOMICIDE,F,18-20,Other weapon,3,0.19
CRIMINAL HOMICIDE,F,25-34,Personal weapons,3,0.19
CRIMINAL HOMICIDE,F,50-64,Blunt object,3,0.19
CRIMINAL HOMICIDE,F,65+,Personal weapons,3,0.19
CRIMINAL HOMICIDE,M,2-9,Personal weapons,3,0.19
CRIMINAL HOMICIDE,M,13-17,Knife / sharp object,3,0.19
CRIMINAL HOMICIDE,M,18-20,Knife / sharp object,3,0.19
CRIMINAL HOMICIDE,M,21-24,Personal weapons,3,0.19
CRIMINAL HOMICIDE,F,2-9,Firearm,2,0.13
CRIMINAL HOMICIDE,F,21-24,Knife / sharp object,2,0.13
CRIMINAL HOMICIDE,M,10-12,Other weapon,2,0.13
CRIMINAL HOMICIDE,F,10-12,Personal weapons,1,0.06
CRIMINAL HOMICIDE,F,13-17,Other weapon,1,0.06
CRIMINAL HOMICIDE,F,21-24,Personal weapons,1,0.06
CRIMINAL HOMICIDE,F,50-64,No weapon / unknown,1,0.06
CRIMINAL HOMICIDE,M,2-9,Firearm,1,0.06
CRIMINAL HOMICIDE,M,2-9,Knife / sharp object,1,0.06
CRIMINAL HOMICIDE,M,2-9,Other weapon,1,0.06
CRIMINAL HOMICIDE,M,10-12,Personal weapons,1,0.06
CRIMINAL HOMICIDE,M,18-20,Personal weapons,1,0.06
CRIMINAL HOMICIDE,M,50-64,Blunt object,1,0.06
CRIMINAL HOMICIDE,M,65+,Blunt object,1,0.06
CRIMINAL HOMICIDE,X,25-34,Other weapon,1,0.06
CRIMINAL HOMICIDE,X,50-64,Other weapon,1,0.06
CRIMINAL THREATS - NO WEAPON DISPLAYED,F,35-49,Other weapon,3018,16.23
CRIMINAL THREATS - NO WEAPON DISPLAYED,M,35-49,Other weapon,2672,14.37
CRIMINAL THREATS - NO WEAPON DISPLAYED,F,25-34,Other weapon,2397,12.89
CRIMINAL THREATS - NO WEAPON DISPLAYED,M,25-34,Other weapon,1984,10.67
CRIMINAL THREATS - NO WEAPON DISPLAYED,M,50-64,Other weapon,1934,10.4
CRIMINAL THREATS - NO WEAPON DISPLAYED,F,50-64,Other weapon,1758,9.45
CRIMINAL THREATS - NO WEAPON DISPLAYED,F,21-24,Other weapon,723,3.89
CRIMINAL THREATS - NO WEAPON DISPLAYED,M,65+,Other weapon,574,3.09
CRIMINAL THREATS - NO WEAPON DISPLAYED,M,21-24,Other weapon,534,2.87
CRIMINAL THREATS - NO WEAPON DISPLAYED,F,65+,Other weapon,531,2.86
CRIMINAL THREATS - NO WEAPON DISPLAYED,F,18-20,Other weapon,322,1.73
CRIMINAL THREATS - NO WEAPON DISPLAYED,F,13-17,Other weapon,297,1.6
CRIMINAL THREATS - NO WEAPON DISPLAYED,M,13-17,Other weapon,258,1.39
CRIMINAL THREATS - NO WEAPON DISPLAYED,M,18-20,Other weapon,249,1.34
CRIMINAL THREATS - NO WEAPON DISPLAYED,M,35-49,Personal weapons,105,0.56
CRIMINAL THREATS - NO WEAPON DISPLAYED,F,35-49,Personal weapons,102,0.55
CRIMINAL THREATS - NO WEAPON DISPLAYED,M,10-12,Other weapon,79,0.42
CRIMINAL THREATS - NO WEAPON DISPLAYED,F,25-34,Personal weapons,78,0.42
CRIMINAL THREATS - NO WEAPON DISPLAYED,M,50-64,Personal weapons,73,0.39
CRIMINAL THREATS - NO WEAPON DISPLAYED,F,10-12,Other weapon,64,0.34
CRIMINAL THREATS - NO WEAPON DISPLAYED,F,50-64,Personal weapons,61,0.33
CRIMINAL THREATS - NO WEAPON DISPLAYED,M,25-34,Personal weapons,59,0.32
CRIMINAL THREATS - NO WEAPON DISPLAYED,M,25-34,Firearm,55,0.3
CRIMINAL THREATS - NO WEAPON DISPLAYED,M,35-49,Firearm,50,0.27
CRIMINAL THREATS - NO WEAPON DISPLAYED,M,50-64,Firearm,41,0.22
CRIMINAL THREATS - NO WEAPON DISPLAYED,F,2-9,Other weapon,38,0.2
CRIMINAL THREATS - NO WEAPON DISPLAYED,M,2-9,Other weapon,34,0.18
CRIMINAL THREATS - NO WEAPON DISPLAYED,F,21-24,Personal weapons,32,0.17
CRIMINAL THREATS - NO WEAPON DISPLAYED,M,21-24,Personal weapons,30,0.16
CRIMINAL THREATS - NO WEAPON DISPLAYED,X,21-24,Other weapon,28,0.15
CRIMINAL THREATS - NO WEAPON DISPLAYED,F,25-34,Firearm,25,0.13
CRIMINAL THREATS - NO WEAPON DISPLAYED,F,35-49,Firearm,23,0.12
CRIMINAL THREATS - NO WEAPON DISPLAYED,F,65+,Personal weapons,23,0.12
CRIMINAL THREATS - NO WEAPON DISPLAYED,X,25-34,Other weapon,22,0.12
CRIMINAL THREATS - NO WEAPON DISPLAYED,F,35-49,No weapon / unknown,19,0.1
CRIMINAL THREATS - NO WEAPON DISPLAYED,M,65+,Personal weapons,19,0.1
CRIMINAL THREATS - NO WEAPON DISPLAYED,X,35-49,Other weapon,19,0.1
CRIMINAL THREATS - NO WEAPON DISPLAYED,F,25-34,No weapon / unknown,16,0.09
CRIMINAL THREATS - NO WEAPON DISPLAYED,F,13-17,Personal weapons,14,0.08
CRIMINAL THREATS - NO WEAPON DISPLAYED,M,18-20,Personal weapons,12,0.06
CRIMINAL THREATS - NO WEAPON DISPLAYED,M,21-24,Firearm,11,0.06
CRIMINAL THREATS - NO WEAPON DISPLAYED,M,65+,Firearm,11,0.06
CRIMINAL THREATS - NO WEAPON DISPLAYED,X,18-20,Other weapon,11,0.06
CRIMINAL THREATS - NO WEAPON DISPLAYED,F,18-20,Firearm,10,0.05
CRIMINAL THREATS - NO WEAPON DISPLAYED,F,50-64,Firearm,10,0.05
CRIMINAL THREATS - NO WEAPON DISPLAYED,F,50-64,No weapon / unknown,10,0.05
CRIMINAL THREATS - NO WEAPON DISPLAYED,M,25-34,No weapon / unknown,10,0.05
CRIMINAL THREATS - NO WEAPON DISPLAYED,F,18-20,Personal weapons,9,0.05
CRIMINAL THREATS - NO WEAPON DISPLAYED,X,13-17,Other weapon,9,0.05
CRIMINAL THREATS - NO WEAPON DISPLAYED,F,50-64,Knife / sharp object,7,0.04
CRIMINAL THREATS - NO WEAPON DISPLAYED,M,13-17,Firearm,7,0.04
CRIMINAL THREATS - NO WEAPON DISPLAYED,M,18-20,Firearm,7,0.04
CRIMINAL THREATS - NO WEAPON DISPLAYED,M,25-34,Knife / sharp object,7,0.04
CRIMINAL THREATS - NO WEAPON DISPLAYED,M,35-49,No weapon / unknown,7,0.04
CRIMINAL THREATS - NO WEAPON DISPLAYED,F,35-49,Knife / sharp object,6,0.03
CRIMINAL THREATS - NO WEAPON DISPLAYED,M,13-17,Personal weapons,6,0.03
CRIMINAL THREATS - NO WEAPON DISPLAYED,M,21-24,Knife / sharp object,6,0.03
CRIMINAL THREATS - NO WEAPON DISPLAYED,F,21-24,Firearm,5,0.03
CRIMINAL THREATS - NO WEAPON DISPLAYED,F,25-34,Knife / sharp object,5,0.03
CRIMINAL THREATS - NO WEAPON DISPLAYED,F,65+,No weapon / unknown,5,0.03
CRIMINAL THREATS - NO WEAPON DISPLAYED,M,50-64,No weapon / unknown,5,0.03
CRIMINAL THREATS - NO WEAPON DISPLAYED,X,2-9,Other weapon,5,0.03
CRIMINAL THREATS - NO WEAPON DISPLAYED,F,21-24,No weapon / unknown,4,0.02
CRIMINAL THREATS - NO WEAPON DISPLAYED,X,50-64,Other weapon,4,0.02
CRIMINAL THREATS - NO WEAPON DISPLAYED,X,65+,Other weapon,4,0.02
CRIMINAL THREATS - NO WEAPON DISPLAYED,F,50-64,Blunt object,3,0.02
CRIMINAL THREATS - NO WEAPON DISPLAYED,M,25-34,Blunt object,3,0.02
CRIMINAL THREATS - NO WEAPON DISPLAYED,M,35-49,Knife / sharp object,3,0.02
CRIMINAL THREATS - NO WEAPON DISPLAYED,M,50-64,Knife / sharp object,3,0.02
CRIMINAL THREATS - NO WEAPON DISPLAYED,M,65+,Knife / sharp object,3,0.02
CRIMINAL THREATS - NO WEAPON DISPLAYED,F,18-20,Knife / sharp object,2,0.01
CRIMINAL THREATS - NO WEAPON DISPLAYED,M,18-20,Knife / sharp object,2,0.01
CRIMINAL THREATS - NO WEAPON DISPLAYED,M,21-24,Blunt object,2,0.01
CRIMINAL THREATS - NO WEAPON DISPLAYED,M,65+,No weapon / unknown,2,0.01
CRIMINAL THREATS - NO WEAPON DISPLAYED,F,2-9,Personal weapons,1,0.01
CRIMINAL THREATS - NO WEAPON DISPLAYED,F,10-12,Personal weapons,1,0.01
CRIMINAL THREATS - NO WEAPON DISPLAYED,F,13-17,Firearm,1,0.01
CRIMINAL THREATS - NO WEAPON DISPLAYED,F,18-20,No weapon / unknown,1,0.01
CRIMINAL THREATS - NO WEAPON DISPLAYED,F,25-34,Blunt object,1,0.01
CRIMINAL THREATS - NO WEAPON DISPLAYED,F,35-49,Blunt object,1,0.01
CRIMINAL THREATS - NO WEAPON DISPLAYED,F,65+,Firearm,1,0.01
CRIMINAL THREATS - NO WEAPON DISPLAYED,M,2-9,Personal weapons,1,0.01
CRIMINAL THREATS - NO WEAPON DISPLAYED,M,10-12,Personal weapons,1,0.01
CRIMINAL THREATS - NO WEAPON DISPLAYED,M,13-17,Knife / sharp object,1,0.01
CRIMINAL THREATS - NO WEAPON DISPLAYED,M,13-17,No weapon / unknown,1,0.01
CRIMINAL THREATS - NO WEAPON DISPLAYED,M,18-20,No weapon / unknown,1,0.01
CRIMINAL THREATS - NO WEAPON DISPLAYED,M,21-24,No weapon / unknown,1,0.01
CRIMINAL THREATS - NO WEAPON DISPLAYED,M,50-64,Blunt object,1,0.01
CRIMINAL THREATS - NO WEAPON DISPLAYED,X,10-12,Other weapon,1,0.01
CRIMINAL THREATS - NO WEAPON DISPLAYED,X,21-24,Firearm,1,0.01
CRIMINAL THREATS - NO WEAPON DISPLAYED,X,21-24,Personal weapons,1,0.01
CRIMINAL THREATS - NO WEAPON DISPLAYED,X,25-34,Firearm,1,0.01
CRIMINAL THREATS - NO WEAPON DISPLAYED,X,35-49,Personal weapons,1,0.01
CRM AGNST CHLD (13 OR UNDER) (14-15 & SUSP 10 YRS OLDER),F,2-9,Personal weapons,468,26.74
CRM AGNST CHLD (13 OR UNDER) (14-15 & SUSP 10 YRS OLDER),F,13-17,Personal weapons,448,25.6
CRM AGNST CHLD (13 OR UNDER) (14-15 & SUSP 10 YRS OLDER),F,10-12,Personal weapons,428,24.46
CRM AGNST CHLD (13 OR UNDER) (14-15 & SUSP 10 YRS OLDER),M,2-9,Personal weapons,139,7.94
CRM AGNST CHLD (13 OR UNDER) (14-15 & SUSP 10 YRS OLDER),M,13-17,Personal weapons,62,3.54
CRM AGNST CHLD (13 OR UNDER) (14-15 & SUSP 10 YRS OLDER),M,10-12,Personal weapons,50,2.86
CRM AGNST CHLD (13 OR UNDER) (14-15 & SUSP 10 YRS OLDER),F,13-17,Other weapon,38,2.17
CRM AGNST CHLD (13 OR UNDER) (14-15 & SUSP 10 YRS OLDER),F,10-12,Other weapon,34,1.94
CRM AGNST CHLD (13 OR UNDER) (14-15 & SUSP 10 YRS OLDER),F,2-9,Other weapon,19,1.09
CRM AGNST CHLD (13 OR UNDER) (14-15 & SUSP 10 YRS OLDER),M,2-9,Other weapon,11,0.63
CRM AGNST CHLD (13 OR UNDER) (14-15 & SUSP 10 YRS OLDER),M,13-17,Other weapon,11,0.63
CRM AGNST CHLD (13 OR UNDER) (14-15 & SUSP 10 YRS OLDER),F,18-20,Personal weapons,9,0.51
CRM AGNST CHLD (13 OR UNDER) (14-15 & SUSP 10 YRS OLDER),M,10-12,Other weapon,9,0.51
CRM AGNST CHLD (13 OR UNDER) (14-15 & SUSP 10 YRS OLDER),F,21-24,Personal weapons,4,0.23
CRM AGNST CHLD (13 OR UNDER) (14-15 & SUSP 10 YRS OLDER),F,25-34,Personal weapons,4,0.23
CRM AGNST CHLD (13 OR UNDER) (14-15 & SUSP 10 YRS OLDER),F,35-49,Personal weapons,4,0.23
CRM AGNST CHLD (13 OR UNDER) (14-15 & SUSP 10 YRS OLDER),F,65+,Personal weapons,2,0.11
CRM AGNST CHLD (13 OR UNDER) (14-15 & SUSP 10 YRS OLDER),F,2-9,Blunt object,1,0.06
CRM AGNST CHLD (13 OR UNDER) (14-15 & SUSP 10 YRS OLDER),F,13-17,Knife / sharp object,1,0.06
CRM AGNST CHLD (13 OR UNDER) (14-15 & SUSP 10 YRS OLDER),F,50-64,Other weapon,1,0.06
CRM AGNST CHLD (13 OR UNDER) (14-15 & SUSP 10 YRS OLDER),M,2-9,Blunt object,1,0.06
CRM AGNST CHLD (13 OR UNDER) (14-15 & SUSP 10 YRS OLDER),M,10-12,Knife / sharp object,1,0.06
CRM AGNST CHLD (13 OR UNDER) (14-15 & SUSP 10 YRS OLDER),M,18-20,Personal weapons,1,0.06
CRM AGNST CHLD (13 OR UNDER) (14-15 & SUSP 10 YRS OLDER),M,21-24,Personal weapons,1,0.06
CRM AGNST CHLD (13 OR UNDER) (14-15 & SUSP 10 YRS OLDER),M,25-34,Other weapon,1,0.06
CRM AGNST CHLD (13 OR UNDER) (14-15 & SUSP 10 YRS OLDER),M,35-49,Personal weapons,1,0.06
CRM AGNST CHLD (13 OR UNDER) (14-15 & SUSP 10 YRS OLDER),X,21-24,Personal weapons,1,0.06
CRUELTY TO ANIMALS,F,25-34,No weapon / unknown,14,10.85
CRUELTY TO ANIMALS,F,35-49,No weapon / unknown,14,10.85
CRUELTY TO ANIMALS,M,35-49,No weapon / unknown,13,10.08
CRUELTY TO ANIMALS,M,50-64,No weapon / unknown,8,6.2
CRUELTY TO ANIMALS,M,35-49,Other weapon,7,5.43
CRUELTY TO ANIMALS,F,25-34,Personal weapons,5,3.88
CRUELTY TO ANIMALS,F,50-64,No weapon / unknown,5,3.88
CRUELTY TO ANIMALS,F,21-24,Personal weapons,4,3.1
CRUELTY TO ANIMALS,F,25-34,Other weapon,4,3.1
CRUELTY TO ANIMALS,F,50-64,Personal weapons,4,3.1
CRUELTY TO ANIMALS,M,50-64,Other weapon,4,3.1
CRUELTY TO ANIMALS,M,50-64,Personal weapons,4,3.1
CRUELTY TO ANIMALS,X,21-24,No weapon / unknown,4,3.1
CRUELTY TO ANIMALS,F,35-49,Other weapon,3,2.33
CRUELTY TO ANIMALS,F,35-49,Personal weapons,3,2.33
CRUELTY TO ANIMALS,F,21-24,No weapon / unknown,2,1.55
CRUELTY TO ANIMALS,F,50-64,Other weapon,2,1.55
CRUELTY TO ANIMALS,M,21-24,No weapon / unknown,2,1.55
CRUELTY TO ANIMALS,M,25-34,No weapon / unknown,2,1.55
CRUELTY TO ANIMALS,M,25-34,Other weapon,2,1.55
CRUELTY TO ANIMALS,M,35-49,Personal weapons,2,1.55
CRUELTY TO ANIMALS,M,50-64,Firearm,2,1.55
CRUELTY TO ANIMALS,F,18-20,Firearm,1,0.78
CRUELTY TO ANIMALS,F,21-24,Blunt object,1,0.78
CRUELTY TO ANIMALS,F,21-24,Other weapon,1,0.78
CRUELTY TO ANIMALS,F,25-34,Knife / sharp object,1,0.78
CRUELTY TO ANIMALS,F,50-64,Firearm,1,0.78
CRUELTY TO ANIMALS,M,13-17,No weapon / unknown,1,0.78
CRUELTY TO ANIMALS,M,21-24,Firearm,1,0.78
CRUELTY TO ANIMALS,M,21-24,Other weapon,1,0.78
CRUELTY TO ANIMALS,M,21-24,Personal weapons,1,0.78
CRUELTY TO ANIMALS,M,25-34,Knife / sharp object,1,0.78
CRUELTY TO ANIMALS,M,25-34,Personal weapons,1,0.78
CRUELTY TO ANIMALS,M,65+,No weapon / unknown,1,0.78
CRUELTY TO ANIMALS,X,2-9,Personal weapons,1,0.78
CRUELTY TO ANIMALS,X,18-20,No weapon / unknown,1,0.78
CRUELTY TO ANIMALS,X,18-20,Other weapon,1,0.78
CRUELTY TO ANIMALS,X,18-20,Personal weapons,1,0.78
CRUELTY TO ANIMALS,X,21-24,Knife / sharp object,1,0.78
CRUELTY TO ANIMALS,X,21-24,Other weapon,1,0.78
CRUELTY TO ANIMALS,X,21-24,Personal weapons,1,0.78
"DEFRAUDING INNKEEPER/THEFT OF SERVICES, $950 & UNDER",M,50-64,No weapon / unknown,22,27.16
"DEFRAUDING INNKEEPER/THEFT OF SERVICES, $950 & UNDER",M,35-49,No weapon / unknown,15,18.52
"DEFRAUDING INNKEEPER/THEFT OF SERVICES, $950 & UNDER",F,50-64,No weapon / unknown,12,14.81
"DEFRAUDING INNKEEPER/THEFT OF SERVICES, $950 & UNDER",F,35-49,No weapon / unknown,8,9.88
"DEFRAUDING INNKEEPER/THEFT OF SERVICES, $950 & UNDER",F,25-34,No weapon / unknown,6,7.41
"DEFRAUDING INNKEEPER/THEFT OF SERVICES, $950 & UNDER",M,25-34,No weapon / unknown,6,7.41
"DEFRAUDING INNKEEPER/THEFT OF SERVICES, $950 & UNDER",M,18-20,No weapon / unknown,2,2.47
"DEFRAUDING INNKEEPER/THEFT OF SERVICES, $950 & UNDER",X,18-20,No weapon / unknown,2,2.47
"DEFRAUDING INNKEEPER/THEFT OF SERVICES, $950 & UNDER",X,21-24,No weapon / unknown,2,2.47
"DEFRAUDING INNKEEPER/THEFT OF SERVICES, $950 & UNDER",F,21-24,No weapon / unknown,1,1.23
"DEFRAUDING INNKEEPER/THEFT OF SERVICES, $950 & UNDER",F,65+,No weapon / unknown,1,1.23
"DEFRAUDING INNKEEPER/THEFT OF SERVICES, $950 & UNDER",M,21-24,No weapon / unknown,1,1.23
"DEFRAUDING INNKEEPER/THEFT OF SERVICES, $950 & UNDER",M,35-49,Other weapon,1,1.23
"DEFRAUDING INNKEEPER/THEFT OF SERVICES, $950 & UNDER",M,65+,No weapon / unknown,1,1.23
"DEFRAUDING INNKEEPER/THEFT OF SERVICES, $950 & UNDER",X,21-24,Knife / sharp object,1,1.23
"DEFRAUDING INNKEEPER/THEFT OF SERVICES, OVER $950.01",M,50-64,No weapon / unknown,4,14.29
"DEFRAUDING INNKEEPER/THEFT OF SERVICES, OVER $950.01",F,21-24,No weapon / unknown,3,10.71
"DEFRAUDING INNKEEPER/THEFT OF SERVICES, OVER $950.01",F,35-49,No weapon / unknown,3,10.71
"DEFRAUDING INNKEEPER/THEFT OF SERVICES, OVER $950.01",M,25-34,No weapon / unknown,3,10.71
"DEFRAUDING INNKEEPER/THEFT OF SERVICES, OVER $950.01",M,35-49,No weapon / unknown,3,10.71
"DEFRAUDING INNKEEPER/THEFT OF SERVICES, OVER $950.01",M,18-20,No weapon / unknown,2,7.14
"DEFRAUDING INNKEEPER/THEFT OF SERVICES, OVER $950.01",M,35-49,Other weapon,2,7.14
"DEFRAUDING INNKEEPER/THEFT OF SERVICES, OVER $950.01",F,18-20,No weapon / unknown,1,3.57
"DEFRAUDING INNKEEPER/THEFT OF SERVICES, OVER $950.01",F,25-34,No weapon / unknown,1,3.57
"DEFRAUDING INNKEEPER/THEFT OF SERVICES, OVER $950.01",F,50-64,No weapon / unknown,1,3.57
"DEFRAUDING INNKEEPER/THEFT OF SERVICES, OVER $950.01",F,65+,Other weapon,1,3.57
"DEFRAUDING INNKEEPER/THEFT OF SERVICES, OVER $950.01",M,50-64,Other weapon,1,3.57
"DEFRAUDING INNKEEPER/THEFT OF SERVICES, OVER $950.01",M,65+,Other weapon,1,3.57
"DEFRAUDING INNKEEPER/THEFT OF SERVICES, OVER $950.01",X,21-24,No weapon / unknown,1,3.57
"DEFRAUDING INNKEEPER/THEFT OF SERVICES, OVER $950.01",X,50-64,No weapon / unknown,1,3.57
DISCHARGE FIREARMS/SHOTS FIRED,M,35-49,Firearm,82,13.95
DISCHARGE FIREARMS/SHOTS FIRED,X,21-24,Firearm,78,13.27
DISCHARGE FIREARMS/SHOTS FIRED,X,18-20,Firearm,69,11.73
DISCHARGE FIREARMS/SHOTS FIRED,M,50-64,Firearm,44,7.48
DISCHARGE FIREARMS/SHOTS FIRED,M,25-34,Firearm,42,7.14
DISCHARGE FIREARMS/SHOTS FIRED,F,35-49,Firearm,38,6.46
DISCHARGE FIREARMS/SHOTS FIRED,F,25-34,Firearm,31,5.27
DISCHARGE FIREARMS/SHOTS FIRED,M,35-49,Other weapon,26,4.42
DISCHARGE FIREARMS/SHOTS FIRED,M,25-34,Other weapon,24,4.08
DISCHARGE FIREARMS/SHOTS FIRED,X,21-24,Other weapon,14,2.38
DISCHARGE FIREARMS/SHOTS FIRED,M,50-64,Other weapon,13,2.21
DISCHARGE FIREARMS/SHOTS FIRED,F,50-64,Firearm,12,2.04
DISCHARGE FIREARMS/SHOTS FIRED,M,18-20,Firearm,12,2.04
DISCHARGE FIREARMS/SHOTS FIRED,M,21-24,Firearm,11,1.87
DISCHARGE FIREARMS/SHOTS FIRED,F,35-49,Other weapon,10,1.7
DISCHARGE FIREARMS/SHOTS FIRED,F,65+,Firearm,10,1.7
DISCHARGE FIREARMS/SHOTS FIRED,F,21-24,Firearm,9,1.53
DISCHARGE FIREARMS/SHOTS FIRED,M,65+,Firearm,8,1.36
DISCHARGE FIREARMS/SHOTS FIRED,X,18-20,Other weapon,8,1.36
DISCHARGE FIREARMS/SHOTS FIRED,M,21-24,Other weapon,7,1.19
DISCHARGE FIREARMS/SHOTS FIRED,F,25-34,Other weapon,6,1.02
DISCHARGE FIREARMS/SHOTS FIRED,M,18-20,Other weapon,6,1.02
DISCHARGE FIREARMS/SHOTS FIRED,F,50-64,Other weapon,5,0.85
DISCHARGE FIREARMS/SHOTS FIRED,M,65+,Other weapon,5,0.85
DISCHARGE FIREARMS/SHOTS FIRED,M,13-17,Firearm,4,0.68
DISCHARGE FIREARMS/SHOTS FIRED,F,65+,Other weapon,3,0.51
DISCHARGE FIREARMS/SHOTS FIRED,F,13-17,Firearm,1,0.17
DISCHARGE FIREARMS/SHOTS FIRED,F,13-17,Other weapon,1,0.17
DISCHARGE FIREARMS/SHOTS FIRED,F,18-20,Firearm,1,0.17
DISCHARGE FIREARMS/SHOTS FIRED,F,21-24,Other weapon,1,0.17
DISCHARGE FIREARMS/SHOTS FIRED,M,13-17,Other weapon,1,0.17
DISCHARGE FIREARMS/SHOTS FIRED,M,21-24,No weapon / unknown,1,0.17
DISCHARGE FIREARMS/SHOTS FIRED,M,25-34,No weapon / unknown,1,0.17
DISCHARGE FIREARMS/SHOTS FIRED,M,35-49,Personal weapons,1,0.17
DISCHARGE FIREARMS/SHOTS FIRED,X,35-49,Firearm,1,0.17
DISCHARGE FIREARMS/SHOTS FIRED,X,50-64,Other weapon,1,0.17
DISCHARGE FIREARMS/SHOTS FIRED,X,65+,Firearm,1,0.17
DISHONEST EMPLOYEE - GRAND THEFT,F,25-34,No weapon / unknown,6,26.09
DISHONEST EMPLOYEE - GRAND THEFT,M,35-49,No weapon / unknown,4,17.39
DISHONEST EMPLOYEE - GRAND THEFT,M,50-64,No weapon / unknown,4,17.39
DISHONEST EMPLOYEE - GRAND THEFT,M,25-34,No weapon / unknown,3,13.04
DISHONEST EMPLOYEE - GRAND THEFT,F,35-49,No weapon / unknown,1,4.35
DISHONEST EMPLOYEE - GRAND THEFT,F,50-64,No weapon / unknown,1,4.35
DISHONEST EMPLOYEE - GRAND THEFT,F,65+,No weapon / unknown,1,4.35
DISHONEST EMPLOYEE - GRAND THEFT,M,18-20,No weapon / unknown,1,4.35
DISHONEST EMPLOYEE - GRAND THEFT,M,65+,No weapon / unknown,1,4.35
DISHONEST EMPLOYEE - GRAND THEFT,X,18-20,No weapon / unknown,1,4.35
DISHONEST EMPLOYEE - PETTY THEFT,M,50-64,No weapon / unknown,4,36.36
DISHONEST EMPLOYEE - PETTY THEFT,M,25-34,No weapon / unknown,3,27.27
DISHONEST EMPLOYEE - PETTY THEFT,F,35-49,No weapon / unknown,2,18.18
DISHONEST EMPLOYEE - PETTY THEFT,F,50-64,No weapon / unknown,1,9.09
DISHONEST EMPLOYEE - PETTY THEFT,M,35-49,No weapon / unknown,1,9.09
DISHONEST EMPLOYEE ATTEMPTED THEFT,M,50-64,No weapon / unknown,1,100.0
DISRUPT SCHOOL,M,50-64,No weapon / unknown,2,22.22
DISRUPT SCHOOL,F,10-12,No weapon / unknown,1,11.11
DISRUPT SCHOOL,F,21-24,Personal weapons,1,11.11
DISRUPT SCHOOL,F,25-34,No weapon / unknown,1,11.11
DISRUPT SCHOOL,F,35-49,No weapon / unknown,1,11.11
DISRUPT SCHOOL,M,18-20,No weapon / unknown,1,11.11
DISRUPT SCHOOL,M,25-34,No weapon / unknown,1,11.11
DISRUPT SCHOOL,M,35-49,No weapon / unknown,1,11.11
DISTURBING THE PEACE,F,35-49,No weapon / unknown,209,14.82
DISTURBING THE PEACE,M,50-64,No weapon / unknown,186,13.19
DISTURBING THE PEACE,M,35-49,No weapon / unknown,170,12.06
DISTURBING THE PEACE,F,50-64,No weapon / unknown,140,9.93
DISTURBING THE PEACE,F,25-34,No weapon / unknown,124,8.79
DISTURBING THE PEACE,M,25-34,No weapon / unknown,104,7.38
DISTURBING THE PEACE,M,65+,No weapon / unknown,59,4.18
DISTURBING THE PEACE,M,35-49,Other weapon,42,2.98
DISTURBING THE PEACE,F,65+,No weapon / unknown,38,2.7
DISTURBING THE PEACE,F,35-49,Other weapon,37,2.62
DISTURBING THE PEACE,F,21-24,No weapon / unknown,34,2.41
DISTURBING THE PEACE,F,50-64,Other weapon,30,2.13
DISTURBING THE PEACE,M,50-64,Other weapon,30,2.13
DISTURBING THE PEACE,M,25-34,Other weapon,27,1.91
DISTURBING THE PEACE,F,25-34,Other weapon,24,1.7
DISTURBING THE PEACE,M,21-24,No weapon / unknown,20,1.42
DISTURBING THE PEACE,M,65+,Other weapon,13,0.92
DISTURBING THE PEACE,F,18-20,No weapon / unknown,12,0.85
DISTURBING THE PEACE,M,13-17,No weapon / unknown,9,0.64
DISTURBING THE PEACE,M,18-20,No weapon / unknown,9,0.64
DISTURBING THE PEACE,F,13-17,No weapon / unknown,7,0.5
DISTURBING THE PEACE,F,21-24,Other weapon,7,0.5
DISTURBING THE PEACE,F,35-49,Personal weapons,6,0.43
DISTURBING THE PEACE,F,65+,Other weapon,6,0.43
DISTURBING THE PEACE,M,50-64,Personal weapons,6,0.43
DISTURBING THE PEACE,F,18-20,Other weapon,5,0.35
DISTURBING THE PEACE,M,21-24,Other weapon,4,0.28
DISTURBING THE PEACE,M,25-34,Personal weapons,4,0.28
DISTURBING THE PEACE,M,35-49,Personal weapons,4,0.28
DISTURBING THE PEACE,F,50-64,Knife / sharp object,3,0.21
DISTURBING THE PEACE,M,2-9,No weapon / unknown,3,0.21
DISTURBING THE PEACE,F,13-17,Other weapon,2,0.14
DISTURBING THE PEACE,F,13-17,Personal weapons,2,0.14
DISTURBING THE PEACE,F,25-34,Personal weapons,2,0.14
DISTURBING THE PEACE,F,35-49,Firearm,2,0.14
DISTURBING THE PEACE,F,65+,Personal weapons,2,0.14
DISTURBING THE PEACE,M,13-17,Other weapon,2,0.14
DISTURBING THE PEACE,M,21-24,Firearm,2,0.14
DISTURBING THE PEACE,M,25-34,Knife / sharp object,2,0.14
DISTURBING THE PEACE,M,35-49,Knife / sharp object,2,0.14
DISTURBING THE PEACE,X,21-24,No weapon / unknown,2,0.14
DISTURBING THE PEACE,X,25-34,No weapon / unknown,2,0.14
DISTURBING THE PEACE,F,21-24,Personal weapons,1,0.07
DISTURBING THE PEACE,F,25-34,Firearm,1,0.07
DISTURBING THE PEACE,F,35-49,Knife / sharp object,1,0.07
DISTURBING THE PEACE,F,50-64,Firearm,1,0.07
DISTURBING THE PEACE,M,10-12,No weapon / unknown,1,0.07
DISTURBING THE PEACE,M,13-17,Firearm,1,0.07
DISTURBING THE PEACE,M,18-20,Firearm,1,0.07
DISTURBING THE PEACE,M,21-24,Personal weapons,1,0.07
DISTURBING THE PEACE,M,35-49,Firearm,1,0.07
DISTURBING THE PEACE,M,50-64,Blunt object,1,0.07
DISTURBING THE PEACE,M,50-64,Firearm,1,0.07
DISTURBING THE PEACE,M,50-64,Knife / sharp object,1,0.07
DISTURBING THE PEACE,M,65+,Knife / sharp object,1,0.07
DISTURBING THE PEACE,X,2-9,No weapon / unknown,1,0.07
DISTURBING THE PEACE,X,18-20,No weapon / unknown,1,0.07
DISTURBING THE PEACE,X,50-64,No weapon / unknown,1,0.07
DOCUMENT FORGERY / STOLEN FELONY,M,50-64,No weapon / unknown,376,15.53
DOCUMENT FORGERY / STOLEN FELONY,M,35-49,No weapon / unknown,353,14.58
DOCUMENT FORGERY / STOLEN FELONY,M,65+,No weapon / unknown,337,13.92
DOCUMENT FORGERY / STOLEN FELONY,F,65+,No weapon / unknown,335,13.84
DOCUMENT FORGERY / STOLEN FELONY,F,50-64,No weapon / unknown,276,11.4
DOCUMENT FORGERY / STOLEN FELONY,F,35-49,No weapon / unknown,262,10.82
DOCUMENT FORGERY / STOLEN FELONY,M,25-34,No weapon / unknown,178,7.35
DOCUMENT FORGERY / STOLEN FELONY,F,25-34,No weapon / unknown,173,7.15
DOCUMENT FORGERY / STOLEN FELONY,M,21-24,No weapon / unknown,42,1.73
DOCUMENT FORGERY / STOLEN FELONY,F,21-24,No weapon / unknown,31,1.28
DOCUMENT FORGERY / STOLEN FELONY,X,21-24,No weapon / unknown,19,0.78
DOCUMENT FORGERY / STOLEN FELONY,F,18-20,No weapon / unknown,9,0.37
DOCUMENT FORGERY / STOLEN FELONY,X,18-20,No weapon / unknown,9,0.37
DOCUMENT FORGERY / STOLEN FELONY,M,13-17,No weapon / unknown,6,0.25
DOCUMENT FORGERY / STOLEN FELONY,M,18-20,No weapon / unknown,5,0.21
DOCUMENT FORGERY / STOLEN FELONY,F,13-17,No weapon / unknown,2,0.08
DOCUMENT FORGERY / STOLEN FELONY,F,2-9,No weapon / unknown,1,0.04
DOCUMENT FORGERY / STOLEN FELONY,F,50-64,Personal weapons,1,0.04
DOCUMENT FORGERY / STOLEN FELONY,F,65+,Personal weapons,1,0.04
DOCUMENT FORGERY / STOLEN FELONY,M,2-9,No weapon / unknown,1,0.04
DOCUMENT FORGERY / STOLEN FELONY,M,50-64,Personal weapons,1,0.04
DOCUMENT FORGERY / STOLEN FELONY,X,25-34,No weapon / unknown,1,0.04
DOCUMENT FORGERY / STOLEN FELONY,X,35-49,No weapon / unknown,1,0.04
DOCUMENT FORGERY / STOLEN FELONY,X,50-64,No weapon / unknown,1,0.04
DOCUMENT WORTHLESS ($200 & UNDER),F,50-64,No weapon / unknown,5,35.71
DOCUMENT WORTHLESS ($200 & UNDER),F,35-49,No weapon / unknown,4,28.57
DOCUMENT WORTHLESS ($200 & UNDER),M,21-24,No weapon / unknown,2,14.29
DOCUMENT WORTHLESS ($200 & UNDER),F,21-24,No weapon / unknown,1,7.14
DOCUMENT WORTHLESS ($200 & UNDER),F,65+,No weapon / unknown,1,7.14
DOCUMENT WORTHLESS ($200 & UNDER),M,50-64,No weapon / unknown,1,7.14
DOCUMENT WORTHLESS ($200.01 & OVER),M,35-49,No weapon / unknown,10,21.28
DOCUMENT WORTHLESS ($200.01 & OVER),M,50-64,No weapon / unknown,9,19.15
DOCUMENT WORTHLESS ($200.01 & OVER),F,35-49,No weapon / unknown,7,14.89
DOCUMENT WORTHLESS ($200.01 & OVER),M,25-34,No weapon / unknown,5,10.64
DOCUMENT WORTHLESS ($200.01 & OVER),F,50-64,No weapon / unknown,4,8.51
DOCUMENT WORTHLESS ($200.01 & OVER),M,65+,No weapon / unknown,3,6.38
DOCUMENT WORTHLESS ($200.01 & OVER),F,21-24,No weapon / unknown,2,4.26
DOCUMENT WORTHLESS ($200.01 & OVER),F,65+,No weapon / unknown,2,4.26
DOCUMENT WORTHLESS ($200.01 & OVER),X,21-24,No weapon / unknown,2,4.26
DOCUMENT WORTHLESS ($200.01 & OVER),F,25-34,No weapon / unknown,1,2.13
DOCUMENT WORTHLESS ($200.01 & OVER),M,13-17,No weapon / unknown,1,2.13
DOCUMENT WORTHLESS ($200.01 & OVER),M,21-24,No weapon / unknown,1,2.13
DRIVING WITHOUT OWNER CONSENT (DWOC),M,35-49,No weapon / unknown,16,22.54
DRIVING WITHOUT OWNER CONSENT (DWOC),M,25-34,No weapon / unknown,13,18.31
DRIVING WITHOUT OWNER CONSENT (DWOC),M,50-64,No weapon / unknown,11,15.49
DRIVING WITHOUT OWNER CONSENT (DWOC),F,35-49,No weapon / unknown,8,11.27
DRIVING WITHOUT OWNER CONSENT (DWOC),X,21-24,No weapon / unknown,5,7.04
DRIVING WITHOUT OWNER CONSENT (DWOC),F,65+,No weapon / unknown,4,5.63
DRIVING WITHOUT OWNER CONSENT (DWOC),F,25-34,No weapon / unknown,3,4.23
DRIVING WITHOUT OWNER CONSENT (DWOC),F,50-64,No weapon / unknown,2,2.82
DRIVING WITHOUT OWNER CONSENT (DWOC),M,18-20,No weapon / unknown,2,2.82
DRIVING WITHOUT OWNER CONSENT (DWOC),M,21-24,No weapon / unknown,2,2.82
DRIVING WITHOUT OWNER CONSENT (DWOC),F,18-20,No weapon / unknown,1,1.41
DRIVING WITHOUT OWNER CONSENT (DWOC),F,21-24,No weapon / unknown,1,1.41
DRIVING WITHOUT OWNER CONSENT (DWOC),M,13-17,Personal weapons,1,1.41
DRIVING WITHOUT OWNER CONSENT (DWOC),M,65+,No weapon / unknown,1,1.41
DRIVING WITHOUT OWNER CONSENT (DWOC),X,35-49,No weapon / unknown,1,1.41
"DRUGS, TO A MINOR",F,13-17,No weapon / unknown,3,50.0
"DRUGS, TO A MINOR",F,35-49,No weapon / unknown,1,16.67
"DRUGS, TO A MINOR",M,2-9,No weapon / unknown,1,16.67
"DRUGS, TO A MINOR",M,13-17,No weapon / unknown,1,16.67
DRUNK ROLL,M,35-49,No weapon / unknown,12,32.43
DRUNK ROLL,M,25-34,No weapon / unknown,8,21.62
DRUNK ROLL,M,21-24,No weapon / unknown,4,10.81
DRUNK ROLL,M,65+,No weapon / unknown,3,8.11
DRUNK ROLL,F,21-24,No weapon / unknown,2,5.41
DRUNK ROLL,F,35-49,No weapon / unknown,2,5.41
DRUNK ROLL,M,50-64,No weapon / unknown,2,5.41
DRUNK ROLL,X,21-24,No weapon / unknown,2,5.41
DRUNK ROLL,F,25-34,No weapon / unknown,1,2.7
DRUNK ROLL,F,65+,Personal weapons,1,2.7
DRUNK ROLL - ATTEMPT,F,50-64,No weapon / unknown,1,100.0
"EMBEZZLEMENT, GRAND THEFT ($950.01 & OVER)",X,21-24,No weapon / unknown,117,19.28
"EMBEZZLEMENT, GRAND THEFT ($950.01 & OVER)",M,35-49,No weapon / unknown,112,18.45
"EMBEZZLEMENT, GRAND THEFT ($950.01 & OVER)",M,25-34,No weapon / unknown,77,12.69
"EMBEZZLEMENT, GRAND THEFT ($950.01 & OVER)",M,50-64,No weapon / unknown,75,12.36
"EMBEZZLEMENT, GRAND THEFT ($950.01 & OVER)",F,35-49,No weapon / unknown,47,7.74
"EMBEZZLEMENT, GRAND THEFT ($950.01 & OVER)",F,25-34,No weapon / unknown,38,6.26
"EMBEZZLEMENT, GRAND THEFT ($950.01 & OVER)",X,18-20,No weapon / unknown,36,5.93
"EMBEZZLEMENT, GRAND THEFT ($950.01 & OVER)",F,50-64,No weapon / unknown,25,4.12
"EMBEZZLEMENT, GRAND THEFT ($950.01 & OVER)",M,65+,No weapon / unknown,21,3.46
"EMBEZZLEMENT, GRAND THEFT ($950.01 & OVER)",M,21-24,No weapon / unknown,15,2.47
"EMBEZZLEMENT, GRAND THEFT ($950.01 & OVER)",F,65+,No weapon / unknown,14,2.31
"EMBEZZLEMENT, GRAND THEFT ($950.01 & OVER)",F,21-24,No weapon / unknown,12,1.98
"EMBEZZLEMENT, GRAND THEFT ($950.01 & OVER)",M,18-20,No weapon / unknown,9,1.48
"EMBEZZLEMENT, GRAND THEFT ($950.01 & OVER)",X,50-64,No weapon / unknown,2,0.33
"EMBEZZLEMENT, GRAND THEFT ($950.01 & OVER)",F,18-20,No weapon / unknown,1,0.16
"EMBEZZLEMENT, GRAND THEFT ($950.01 & OVER)",F,35-49,Other weapon,1,0.16
"EMBEZZLEMENT, GRAND THEFT ($950.01 & OVER)",F,35-49,Personal weapons,1,0.16
"EMBEZZLEMENT, GRAND THEFT ($950.01 & OVER)",M,35-49,Personal weapons,1,0.16
"EMBEZZLEMENT, GRAND THEFT ($950.01 & OVER)",X,25-34,No weapon / unknown,1,0.16
"EMBEZZLEMENT, GRAND THEFT ($950.01 & OVER)",X,35-49,No weapon / unknown,1,0.16
"EMBEZZLEMENT, GRAND THEFT ($950.01 & OVER)",X,65+,No weapon / unknown,1,0.16
"EMBEZZLEMENT, PETTY THEFT ($950 & UNDER)",X,21-24,No weapon / unknown,8,17.78
"EMBEZZLEMENT, PETTY THEFT ($950 & UNDER)",M,35-49,No weapon / unknown,7,15.56
"EMBEZZLEMENT, PETTY THEFT ($950 & UNDER)",F,35-49,No weapon / unknown,6,13.33
"EMBEZZLEMENT, PETTY THEFT ($950 & UNDER)",M,50-64,No weapon / unknown,6,13.33
"EMBEZZLEMENT, PETTY THEFT ($950 & UNDER)",F,50-64,No weapon / unknown,4,8.89
"EMBEZZLEMENT, PETTY THEFT ($950 & UNDER)",F,25-34,No weapon / unknown,3,6.67
"EMBEZZLEMENT, PETTY THEFT ($950 & UNDER)",M,25-34,No weapon / unknown,3,6.67
"EMBEZZLEMENT, PETTY THEFT ($950 & UNDER)",M,65+,No weapon / unknown,3,6.67
"EMBEZZLEMENT, PETTY THEFT ($950 & UNDER)",X,18-20,No weapon / unknown,3,6.67
"EMBEZZLEMENT, PETTY THEFT ($950 & UNDER)",F,65+,No weapon / unknown,1,2.22
"EMBEZZLEMENT, PETTY THEFT ($950 & UNDER)",X,18-20,Personal weapons,1,2.22
EXTORTION,M,25-34,No weapon / unknown,261,13.15
EXTORTION,M,35-49,No weapon / unknown,215,10.83
EXTORTION,M,21-24,No weapon / unknown,199,10.03
EXTORTION,M,13-17,No weapon / unknown,158,7.96
EXTORTION,M,18-20,No weapon / unknown,153,7.71
EXTORTION,M,50-64,No weapon / unknown,146,7.36
EXTORTION,F,35-49,No weapon / unknown,104,5.24
EXTORTION,F,25-34,No weapon / unknown,95,4.79
EXTORTION,M,25-34,Other weapon,74,3.73
EXTORTION,M,35-49,Other weapon,66,3.32
EXTORTION,F,50-64,No weapon / unknown,61,3.07
EXTORTION,M,65+,No weapon / unknown,60,3.02
EXTORTION,F,21-24,No weapon / unknown,52,2.62
EXTORTION,F,18-20,No weapon / unknown,39,1.96
EXTORTION,M,21-24,Other weapon,36,1.81
EXTORTION,M,50-64,Other weapon,34,1.71
EXTORTION,F,13-17,No weapon / unknown,27,1.36
EXTORTION,F,65+,No weapon / unknown,26,1.31
EXTORTION,F,35-49,Other weapon,25,1.26
EXTORTION,M,65+,Other weapon,17,0.86
EXTORTION,F,25-34,Other weapon,16,0.81
EXTORTION,F,50-64,Other weapon,16,0.81
EXTORTION,M,18-20,Other weapon,16,0.81
EXTORTION,M,13-17,Other weapon,14,0.71
EXTORTION,F,10-12,No weapon / unknown,9,0.45
EXTORTION,F,21-24,Other weapon,8,0.4
EXTORTION,M,10-12,No weapon / unknown,7,0.35
EXTORTION,M,35-49,Personal weapons,7,0.35
EXTORTION,F,13-17,Other weapon,5,0.25
EXTORTION,F,65+,Other weapon,5,0.25
EXTORTION,M,35-49,Firearm,4,0.2
EXTORTION,F,18-20,Other weapon,3,0.15
EXTORTION,M,10-12,Other weapon,3,0.15
EXTORTION,F,25-34,Personal weapons,2,0.1
EXTORTION,F,50-64,Personal weapons,2,0.1
EXTORTION,M,21-24,Personal weapons,2,0.1
EXTORTION,M,25-34,Personal weapons,2,0.1
EXTORTION,M,50-64,Firearm,2,0.1
EXTORTION,F,2-9,No weapon / unknown,1,0.05
EXTORTION,F,21-24,Firearm,1,0.05
EXTORTION,F,21-24,Knife / sharp object,1,0.05
EXTORTION,F,21-24,Personal weapons,1,0.05
EXTORTION,F,35-49,Knife / sharp object,1,0.05
EXTORTION,F,50-64,Firearm,1,0.05
EXTORTION,M,18-20,Personal weapons,1,0.05
EXTORTION,M,21-24,Firearm,1,0.05
EXTORTION,M,25-34,Firearm,1,0.05
EXTORTION,M,25-34,Knife / sharp object,1,0.05
EXTORTION,M,35-49,Blunt object,1,0.05
EXTORTION,M,50-64,Personal weapons,1,0.05
EXTORTION,X,21-24,No weapon / unknown,1,0.05
EXTORTION,X,50-64,No weapon / unknown,1,0.05
FAILURE TO YIELD,X,21-24,No weapon / unknown,222,50.23
FAILURE TO YIELD,X,18-20,No weapon / unknown,94,21.27
FAILURE TO YIELD,M,25-34,No weapon / unknown,42,9.5
FAILURE TO YIELD,M,35-49,No weapon / unknown,31,7.01
FAILURE TO YIELD,M,18-20,No weapon / unknown,9,2.04
FAILURE TO YIELD,M,21-24,No weapon / unknown,9,2.04
FAILURE TO YIELD,M,50-64,No weapon / unknown,8,1.81
FAILURE TO YIELD,M,13-17,No weapon / unknown,5,1.13
FAILURE TO YIELD,F,21-24,No weapon / unknown,4,0.9
FAILURE TO YIELD,F,25-34,No weapon / unknown,4,0.9
FAILURE TO YIELD,F,35-49,No weapon / unknown,3,0.68
FAILURE TO YIELD,F,50-64,No weapon / unknown,2,0.45
FAILURE TO YIELD,X,21-24,Other weapon,2,0.45
FAILURE TO YIELD,F,25-34,Other weapon,1,0.23
FAILURE TO YIELD,M,2-9,No weapon / unknown,1,0.23
FAILURE TO YIELD,M,25-34,Firearm,1,0.23
FAILURE TO YIELD,M,65+,No weapon / unknown,1,0.23
FAILURE TO YIELD,X,18-20,Firearm,1,0.23
FAILURE TO YIELD,X,25-34,No weapon / unknown,1,0.23
FAILURE TO YIELD,X,35-49,No weapon / unknown,1,0.23
FALSE IMPRISONMENT,F,35-49,No weapon / unknown,34,10.27
FALSE IMPRISONMENT,F,25-34,Personal weapons,32,9.67
FALSE IMPRISONMENT,F,25-34,No weapon / unknown,30,9.06
FALSE IMPRISONMENT,F,21-24,No weapon / unknown,23,6.95
FALSE IMPRISONMENT,F,21-24,Personal weapons,20,6.04
FALSE IMPRISONMENT,F,50-64,Personal weapons,17,5.14
FALSE IMPRISONMENT,M,35-49,No weapon / unknown,17,5.14
FALSE IMPRISONMENT,F,35-49,Personal weapons,16,4.83
FALSE IMPRISONMENT,M,25-34,No weapon / unknown,12,3.63
FALSE IMPRISONMENT,F,13-17,No weapon / unknown,9,2.72
FALSE IMPRISONMENT,F,18-20,No weapon / unknown,9,2.72
FALSE IMPRISONMENT,F,18-20,Personal weapons,8,2.42
FALSE IMPRISONMENT,F,50-64,No weapon / unknown,8,2.42
FALSE IMPRISONMENT,F,25-34,Other weapon,7,2.11
FALSE IMPRISONMENT,M,25-34,Personal weapons,7,2.11
FALSE IMPRISONMENT,F,13-17,Personal weapons,5,1.51
FALSE IMPRISONMENT,F,50-64,Other weapon,5,1.51
FALSE IMPRISONMENT,M,50-64,No weapon / unknown,5,1.51
FALSE IMPRISONMENT,F,18-20,Other weapon,4,1.21
FALSE IMPRISONMENT,F,35-49,Other weapon,4,1.21
FALSE IMPRISONMENT,M,65+,No weapon / unknown,4,1.21
FALSE IMPRISONMENT,F,35-49,Knife / sharp object,3,0.91
FALSE IMPRISONMENT,F,65+,No weapon / unknown,3,0.91
FALSE IMPRISONMENT,F,65+,Other weapon,3,0.91
FALSE IMPRISONMENT,F,65+,Personal weapons,3,0.91
FALSE IMPRISONMENT,M,18-20,No weapon / unknown,3,0.91
FALSE IMPRISONMENT,M,21-24,No weapon / unknown,3,0.91
FALSE IMPRISONMENT,M,21-24,Personal weapons,3,0.91
FALSE IMPRISONMENT,M,50-64,Personal weapons,3,0.91
FALSE IMPRISONMENT,F,21-24,Other weapon,2,0.6
FALSE IMPRISONMENT,M,2-9,No weapon / unknown,2,0.6
FALSE IMPRISONMENT,M,18-20,Personal weapons,2,0.6
FALSE IMPRISONMENT,M,35-49,Other weapon,2,0.6
FALSE IMPRISONMENT,M,50-64,Other weapon,2,0.6
FALSE IMPRISONMENT,M,65+,Personal weapons,2,0.6
FALSE IMPRISONMENT,F,2-9,Knife / sharp object,1,0.3
FALSE IMPRISONMENT,F,10-12,No weapon / unknown,1,0.3
FALSE IMPRISONMENT,F,13-17,Knife / sharp object,1,0.3
FALSE IMPRISONMENT,F,21-24,Knife / sharp object,1,0.3
FALSE IMPRISONMENT,F,25-34,Firearm,1,0.3
FALSE IMPRISONMENT,F,65+,Knife / sharp object,1,0.3
FALSE IMPRISONMENT,M,10-12,No weapon / unknown,1,0.3
FALSE IMPRISONMENT,M,13-17,Other weapon,1,0.3
FALSE IMPRISONMENT,M,13-17,Personal weapons,1,0.3
FALSE IMPRISONMENT,M,18-20,Firearm,1,0.3
FALSE IMPRISONMENT,M,21-24,Knife / sharp object,1,0.3
FALSE IMPRISONMENT,M,21-24,Other weapon,1,0.3
FALSE IMPRISONMENT,M,25-34,Firearm,1,0.3
FALSE IMPRISONMENT,M,25-34,Other weapon,1,0.3
FALSE IMPRISONMENT,M,35-49,Firearm,1,0.3
FALSE IMPRISONMENT,M,35-49,Personal weapons,1,0.3
FALSE IMPRISONMENT,M,65+,Other weapon,1,0.3
FALSE IMPRISONMENT,X,21-24,No weapon / unknown,1,0.3
FALSE IMPRISONMENT,X,35-49,No weapon / unknown,1,0.3
FALSE POLICE REPORT,M,25-34,No weapon / unknown,19,21.11
FALSE POLICE REPORT,M,35-49,No weapon / unknown,18,20.0
FALSE POLICE REPORT,M,50-64,No weapon / unknown,13,14.44
FALSE POLICE REPORT,F,35-49,No weapon / unknown,6,6.67
FALSE POLICE REPORT,F,25-34,No weapon / unknown,5,5.56
FALSE POLICE REPORT,M,65+,No weapon / unknown,5,5.56
FALSE POLICE REPORT,X,18-20,No weapon / unknown,5,5.56
FALSE POLICE REPORT,X,21-24,No weapon / unknown,4,4.44
FALSE POLICE REPORT,M,13-17,No weapon / unknown,3,3.33
FALSE POLICE REPORT,M,21-24,No weapon / unknown,3,3.33
FALSE POLICE REPORT,F,50-64,No weapon / unknown,2,2.22
FALSE POLICE REPORT,F,65+,No weapon / unknown,2,2.22
FALSE POLICE REPORT,M,18-20,No weapon / unknown,2,2.22
FALSE POLICE REPORT,F,18-20,No weapon / unknown,1,1.11
FALSE POLICE REPORT,F,21-24,No weapon / unknown,1,1.11
FALSE POLICE REPORT,M,65+,Other weapon,1,1.11
FIREARMS EMERGENCY PROTECTIVE ORDER (FIREARMS EPO),F,25-34,No weapon / unknown,1,33.33
FIREARMS EMERGENCY PROTECTIVE ORDER (FIREARMS EPO),F,35-49,No weapon / unknown,1,33.33
FIREARMS EMERGENCY PROTECTIVE ORDER (FIREARMS EPO),X,25-34,Firearm,1,33.33
FIREARMS RESTRAINING ORDER (FIREARMS RO),F,25-34,No weapon / unknown,1,50.0
FIREARMS RESTRAINING ORDER (FIREARMS RO),M,35-49,No weapon / unknown,1,50.0
GRAND THEFT / AUTO REPAIR,M,50-64,No weapon / unknown,2,66.67
GRAND THEFT / AUTO REPAIR,F,35-49,No weapon / unknown,1,33.33
GRAND THEFT / INSURANCE FRAUD,F,35-49,No weapon / unknown,2,20.0
GRAND THEFT / INSURANCE FRAUD,M,35-49,No weapon / unknown,2,20.0
GRAND THEFT / INSURANCE FRAUD,F,35-49,Other weapon,1,10.0
GRAND THEFT / INSURANCE FRAUD,F,50-64,No weapon / unknown,1,10.0
GRAND THEFT / INSURANCE FRAUD,F,65+,No weapon / unknown,1,10.0
GRAND THEFT / INSURANCE FRAUD,M,35-49,Personal weapons,1,10.0
GRAND THEFT / INSURANCE FRAUD,M,50-64,No weapon / unknown,1,10.0
GRAND THEFT / INSURANCE FRAUD,M,65+,No weapon / unknown,1,10.0
HUMAN TRAFFICKING - COMMERCIAL SEX ACTS,F,13-17,No weapon / unknown,286,62.86
HUMAN TRAFFICKING - COMMERCIAL SEX ACTS,F,13-17,Personal weapons,33,7.25
HUMAN TRAFFICKING - COMMERCIAL SEX ACTS,F,13-17,Other weapon,26,5.71
HUMAN TRAFFICKING - COMMERCIAL SEX ACTS,F,18-20,No weapon / unknown,22,4.84
HUMAN TRAFFICKING - COMMERCIAL SEX ACTS,F,18-20,Personal weapons,16,3.52
HUMAN TRAFFICKING - COMMERCIAL SEX ACTS,F,25-34,No weapon / unknown,16,3.52
HUMAN TRAFFICKING - COMMERCIAL SEX ACTS,F,21-24,No weapon / unknown,15,3.3
HUMAN TRAFFICKING - COMMERCIAL SEX ACTS,F,21-24,Other weapon,6,1.32
HUMAN TRAFFICKING - COMMERCIAL SEX ACTS,F,25-34,Personal weapons,6,1.32
HUMAN TRAFFICKING - COMMERCIAL SEX ACTS,F,13-17,Firearm,5,1.1
HUMAN TRAFFICKING - COMMERCIAL SEX ACTS,F,21-24,Personal weapons,5,1.1
HUMAN TRAFFICKING - COMMERCIAL SEX ACTS,F,35-49,No weapon / unknown,4,0.88
HUMAN TRAFFICKING - COMMERCIAL SEX ACTS,F,10-12,No weapon / unknown,3,0.66
HUMAN TRAFFICKING - COMMERCIAL SEX ACTS,F,25-34,Other weapon,2,0.44
HUMAN TRAFFICKING - COMMERCIAL SEX ACTS,F,35-49,Personal weapons,2,0.44
HUMAN TRAFFICKING - COMMERCIAL SEX ACTS,F,10-12,Personal weapons,1,0.22
HUMAN TRAFFICKING - COMMERCIAL SEX ACTS,F,18-20,Firearm,1,0.22
HUMAN TRAFFICKING - COMMERCIAL SEX ACTS,F,21-24,Firearm,1,0.22
HUMAN TRAFFICKING - COMMERCIAL SEX ACTS,F,21-24,Knife / sharp object,1,0.22
HUMAN TRAFFICKING - COMMERCIAL SEX ACTS,F,25-34,Firearm,1,0.22
HUMAN TRAFFICKING - COMMERCIAL SEX ACTS,F,35-49,Other weapon,1,0.22
HUMAN TRAFFICKING - COMMERCIAL SEX ACTS,M,13-17,Other weapon,1,0.22
HUMAN TRAFFICKING - COMMERCIAL SEX ACTS,M,25-34,No weapon / unknown,1,0.22
HUMAN TRAFFICKING - INVOLUNTARY SERVITUDE,F,13-17,No weapon / unknown,36,32.14
HUMAN TRAFFICKING - INVOLUNTARY SERVITUDE,F,13-17,Personal weapons,10,8.93
HUMAN TRAFFICKING - INVOLUNTARY SERVITUDE,F,18-20,No weapon / unknown,8,7.14
HUMAN TRAFFICKING - INVOLUNTARY SERVITUDE,F,21-24,No weapon / unknown,8,7.14
HUMAN TRAFFICKING - INVOLUNTARY SERVITUDE,F,21-24,Personal weapons,7,6.25
HUMAN TRAFFICKING - INVOLUNTARY SERVITUDE,F,25-34,No weapon / unknown,6,5.36
HUMAN TRAFFICKING - INVOLUNTARY SERVITUDE,F,35-49,No weapon / unknown,5,4.46
HUMAN TRAFFICKING - INVOLUNTARY SERVITUDE,F,18-20,Personal weapons,4,3.57
HUMAN TRAFFICKING - INVOLUNTARY SERVITUDE,F,13-17,Other weapon,3,2.68
HUMAN TRAFFICKING - INVOLUNTARY SERVITUDE,M,25-34,No weapon / unknown,3,2.68
HUMAN TRAFFICKING - INVOLUNTARY SERVITUDE,F,10-12,No weapon / unknown,2,1.79
HUMAN TRAFFICKING - INVOLUNTARY SERVITUDE,F,25-34,Other weapon,2,1.79
HUMAN TRAFFICKING - INVOLUNTARY SERVITUDE,F,25-34,Personal weapons,2,1.79
HUMAN TRAFFICKING - INVOLUNTARY SERVITUDE,F,35-49,Personal weapons,2,1.79
HUMAN TRAFFICKING - INVOLUNTARY SERVITUDE,M,25-34,Other weapon,2,1.79
HUMAN TRAFFICKING - INVOLUNTARY SERVITUDE,F,21-24,Firearm,1,0.89
HUMAN TRAFFICKING - INVOLUNTARY SERVITUDE,F,35-49,Firearm,1,0.89
HUMAN TRAFFICKING - INVOLUNTARY SERVITUDE,F,35-49,Other weapon,1,0.89
HUMAN TRAFFICKING - INVOLUNTARY SERVITUDE,F,50-64,No weapon / unknown,1,0.89
HUMAN TRAFFICKING - INVOLUNTARY SERVITUDE,F,65+,Personal weapons,1,0.89
HUMAN TRAFFICKING - INVOLUNTARY SERVITUDE,M,13-17,No weapon / unknown,1,0.89
HUMAN TRAFFICKING - INVOLUNTARY SERVITUDE,M,18-20,No weapon / unknown,1,0.89
HUMAN TRAFFICKING - INVOLUNTARY SERVITUDE,M,35-49,No weapon / unknown,1,0.89
HUMAN TRAFFICKING - INVOLUNTARY SERVITUDE,M,35-49,Other weapon,1,0.89
HUMAN TRAFFICKING - INVOLUNTARY SERVITUDE,M,50-64,Other weapon,1,0.89
HUMAN TRAFFICKING - INVOLUNTARY SERVITUDE,X,25-34,No weapon / unknown,1,0.89
HUMAN TRAFFICKING - INVOLUNTARY SERVITUDE,X,35-49,No weapon / unknown,1,0.89
ILLEGAL DUMPING,M,35-49,No weapon / unknown,10,22.73
ILLEGAL DUMPING,M,50-64,No weapon / unknown,9,20.45
ILLEGAL DUMPING,F,35-49,No weapon / unknown,6,13.64
ILLEGAL DUMPING,F,50-64,No weapon / unknown,4,9.09
ILLEGAL DUMPING,M,65+,No weapon / unknown,4,9.09
ILLEGAL DUMPING,F,25-34,No weapon / unknown,3,6.82
ILLEGAL DUMPING,F,65+,No weapon / unknown,3,6.82
ILLEGAL DUMPING,M,25-34,No weapon / unknown,3,6.82
ILLEGAL DUMPING,X,21-24,No weapon / unknown,1,2.27
ILLEGAL DUMPING,X,35-49,No weapon / unknown,1,2.27
INCEST (SEXUAL ACTS BETWEEN BLOOD RELATIVES),F,10-12,No weapon / unknown,1,16.67
INCEST (SEXUAL ACTS BETWEEN BLOOD RELATIVES),F,13-17,No weapon / unknown,1,16.67
INCEST (SEXUAL ACTS BETWEEN BLOOD RELATIVES),F,35-49,Personal weapons,1,16.67
INCEST (SEXUAL ACTS BETWEEN BLOOD RELATIVES),F,50-64,No weapon / unknown,1,16.67
INCEST (SEXUAL ACTS BETWEEN BLOOD RELATIVES),M,13-17,No weapon / unknown,1,16.67
INCEST (SEXUAL ACTS BETWEEN BLOOD RELATIVES),M,18-20,Other weapon,1,16.67
INCITING A RIOT,F,13-17,Personal weapons,1,50.0
INCITING A RIOT,F,25-34,No weapon / unknown,1,50.0
INDECENT EXPOSURE,F,35-49,No weapon / unknown,233,20.16
INDECENT EXPOSURE,F,25-34,No weapon / unknown,212,18.34
INDECENT EXPOSURE,F,50-64,No weapon / unknown,127,10.99
INDECENT EXPOSURE,F,13-17,No weapon / unknown,100,8.65
INDECENT EXPOSURE,M,35-49,No weapon / unknown,69,5.97
INDECENT EXPOSURE,F,21-24,No weapon / unknown,67,5.8
INDECENT EXPOSURE,F,18-20,No weapon / unknown,49,4.24
INDECENT EXPOSURE,M,25-34,No weapon / unknown,41,3.55
INDECENT EXPOSURE,F,65+,No weapon / unknown,40,3.46
INDECENT EXPOSURE,M,50-64,No weapon / unknown,39,3.37
INDECENT EXPOSURE,F,35-49,Personal weapons,20,1.73
INDECENT EXPOSURE,F,10-12,No weapon / unknown,18,1.56
INDECENT EXPOSURE,F,25-34,Personal weapons,17,1.47
INDECENT EXPOSURE,M,13-17,No weapon / unknown,14,1.21
INDECENT EXPOSURE,F,13-17,Personal weapons,11,0.95
INDECENT EXPOSURE,F,2-9,No weapon / unknown,9,0.78
INDECENT EXPOSURE,M,65+,No weapon / unknown,8,0.69
INDECENT EXPOSURE,F,35-49,Other weapon,7,0.61
INDECENT EXPOSURE,F,50-64,Personal weapons,7,0.61
INDECENT EXPOSURE,M,21-24,No weapon / unknown,7,0.61
INDECENT EXPOSURE,F,18-20,Personal weapons,6,0.52
INDECENT EXPOSURE,F,25-34,Other weapon,5,0.43
INDECENT EXPOSURE,F,21-24,Personal weapons,4,0.35
INDECENT EXPOSURE,M,18-20,No weapon / unknown,4,0.35
INDECENT EXPOSURE,M,35-49,Personal weapons,4,0.35
INDECENT EXPOSURE,F,50-64,Other weapon,3,0.26
INDECENT EXPOSURE,M,2-9,No weapon / unknown,3,0.26
INDECENT EXPOSURE,M,25-34,Personal weapons,3,0.26
INDECENT EXPOSURE,M,35-49,Other weapon,3,0.26
INDECENT EXPOSURE,X,21-24,No weapon / unknown,3,0.26
INDECENT EXPOSURE,F,21-24,Other weapon,2,0.17
INDECENT EXPOSURE,M,10-12,Personal weapons,2,0.17
INDECENT EXPOSURE,M,21-24,Personal weapons,2,0.17
INDECENT EXPOSURE,F,2-9,Personal weapons,1,0.09
INDECENT EXPOSURE,F,10-12,Other weapon,1,0.09
INDECENT EXPOSURE,F,10-12,Personal weapons,1,0.09
INDECENT EXPOSURE,F,13-17,Other weapon,1,0.09
INDECENT EXPOSURE,F,18-20,Other weapon,1,0.09
INDECENT EXPOSURE,F,25-34,Firearm,1,0.09
INDECENT EXPOSURE,F,50-64,Blunt object,1,0.09
INDECENT EXPOSURE,F,65+,Other weapon,1,0.09
INDECENT EXPOSURE,M,10-12,No weapon / unknown,1,0.09
INDECENT EXPOSURE,M,13-17,Personal weapons,1,0.09
INDECENT EXPOSURE,M,18-20,Personal weapons,1,0.09
INDECENT EXPOSURE,M,21-24,Other weapon,1,0.09
INDECENT EXPOSURE,M,50-64,Other weapon,1,0.09
INDECENT EXPOSURE,M,65+,Personal weapons,1,0.09
INDECENT EXPOSURE,X,2-9,No weapon / unknown,1,0.09
INDECENT EXPOSURE,X,13-17,Personal weapons,1,0.09
INDECENT EXPOSURE,X,25-34,No weapon / unknown,1,0.09
INTIMATE PARTNER - AGGRAVATED ASSAULT,F,25-34,Personal weapons,2716,21.6
INTIMATE PARTNER - AGGRAVATED ASSAULT,F,35-49,Personal weapons,1821,14.48
INTIMATE PARTNER - AGGRAVATED ASSAULT,F,21-24,Personal weapons,1078,8.57
INTIMATE PARTNER - AGGRAVATED ASSAULT,F,25-34,Other weapon,634,5.04
INTIMATE PARTNER - AGGRAVATED ASSAULT,F,35-49,Other weapon,588,4.68
INTIMATE PARTNER - AGGRAVATED ASSAULT,F,18-20,Personal weapons,496,3.94
INTIMATE PARTNER - AGGRAVATED ASSAULT,M,35-49,Other weapon,439,3.49
INTIMATE PARTNER - AGGRAVATED ASSAULT,M,25-34,Other weapon,407,3.24
INTIMATE PARTNER - AGGRAVATED ASSAULT,F,50-64,Personal weapons,400,3.18
INTIMATE PARTNER - AGGRAVATED ASSAULT,M,25-34,Personal weapons,315,2.51
INTIMATE PARTNER - AGGRAVATED ASSAULT,F,25-34,Knife / sharp object,242,1.92
INTIMATE PARTNER - AGGRAVATED ASSAULT,M,35-49,Personal weapons,241,1.92
INTIMATE PARTNER - AGGRAVATED ASSAULT,F,35-49,Knife / sharp object,235,1.87
INTIMATE PARTNER - AGGRAVATED ASSAULT,M,50-64,Other weapon,223,1.77
INTIMATE PARTNER - AGGRAVATED ASSAULT,M,25-34,Knife / sharp object,214,1.7
INTIMATE PARTNER - AGGRAVATED ASSAULT,F,21-24,Other weapon,208,1.65
INTIMATE PARTNER - AGGRAVATED ASSAULT,F,25-34,Firearm,205,1.63
INTIMATE PARTNER - AGGRAVATED ASSAULT,M,35-49,Knife / sharp object,186,1.48
INTIMATE PARTNER - AGGRAVATED ASSAULT,F,50-64,Other weapon,174,1.38
INTIMATE PARTNER - AGGRAVATED ASSAULT,F,35-49,Firearm,163,1.3
INTIMATE PARTNER - AGGRAVATED ASSAULT,M,50-64,Knife / sharp object,110,0.87
INTIMATE PARTNER - AGGRAVATED ASSAULT,M,50-64,Personal weapons,106,0.84
INTIMATE PARTNER - AGGRAVATED ASSAULT,F,13-17,Personal weapons,102,0.81
INTIMATE PARTNER - AGGRAVATED ASSAULT,M,21-24,Other weapon,96,0.76
INTIMATE PARTNER - AGGRAVATED ASSAULT,F,18-20,Other weapon,88,0.7
INTIMATE PARTNER - AGGRAVATED ASSAULT,M,21-24,Personal weapons,76,0.6
INTIMATE PARTNER - AGGRAVATED ASSAULT,F,50-64,Knife / sharp object,75,0.6
INTIMATE PARTNER - AGGRAVATED ASSAULT,F,21-24,Knife / sharp object,74,0.59
INTIMATE PARTNER - AGGRAVATED ASSAULT,F,65+,Personal weapons,73,0.58
INTIMATE PARTNER - AGGRAVATED ASSAULT,F,21-24,Firearm,65,0.52
INTIMATE PARTNER - AGGRAVATED ASSAULT,F,35-49,Blunt object,56,0.45
INTIMATE PARTNER - AGGRAVATED ASSAULT,M,65+,Other weapon,54,0.43
INTIMATE PARTNER - AGGRAVATED ASSAULT,M,21-24,Knife / sharp object,52,0.41
INTIMATE PARTNER - AGGRAVATED ASSAULT,M,35-49,Blunt object,48,0.38
INTIMATE PARTNER - AGGRAVATED ASSAULT,F,25-34,Blunt object,41,0.33
INTIMATE PARTNER - AGGRAVATED ASSAULT,M,25-34,Blunt object,41,0.33
INTIMATE PARTNER - AGGRAVATED ASSAULT,F,18-20,Knife / sharp object,40,0.32
INTIMATE PARTNER - AGGRAVATED ASSAULT,F,18-20,Firearm,29,0.23
INTIMATE PARTNER - AGGRAVATED ASSAULT,F,65+,Other weapon,28,0.22
INTIMATE PARTNER - AGGRAVATED ASSAULT,M,18-20,Other weapon,26,0.21
INTIMATE PARTNER - AGGRAVATED ASSAULT,M,35-49,Firearm,26,0.21
INTIMATE PARTNER - AGGRAVATED ASSAULT,M,25-34,Firearm,23,0.18
INTIMATE PARTNER - AGGRAVATED ASSAULT,F,50-64,Firearm,22,0.17
INTIMATE PARTNER - AGGRAVATED ASSAULT,M,18-20,Personal weapons,20,0.16
INTIMATE PARTNER - AGGRAVATED ASSAULT,M,65+,Knife / sharp object,20,0.16
INTIMATE PARTNER - AGGRAVATED ASSAULT,M,65+,Personal weapons,19,0.15
INTIMATE PARTNER - AGGRAVATED ASSAULT,F,50-64,Blunt object,17,0.14
INTIMATE PARTNER - AGGRAVATED ASSAULT,M,18-20,Knife / sharp object,17,0.14
INTIMATE PARTNER - AGGRAVATED ASSAULT,M,50-64,Blunt object,15,0.12
INTIMATE PARTNER - AGGRAVATED ASSAULT,F,13-17,Firearm,12,0.1
INTIMATE PARTNER - AGGRAVATED ASSAULT,F,21-24,Blunt object,12,0.1
INTIMATE PARTNER - AGGRAVATED ASSAULT,F,13-17,Other weapon,11,0.09
INTIMATE PARTNER - AGGRAVATED ASSAULT,F,65+,Knife / sharp object,10,0.08
INTIMATE PARTNER - AGGRAVATED ASSAULT,F,13-17,Knife / sharp object,9,0.07
INTIMATE PARTNER - AGGRAVATED ASSAULT,M,50-64,Firearm,9,0.07
INTIMATE PARTNER - AGGRAVATED ASSAULT,F,18-20,Blunt object,8,0.06
INTIMATE PARTNER - AGGRAVATED ASSAULT,M,21-24,Blunt object,7,0.06
INTIMATE PARTNER - AGGRAVATED ASSAULT,M,65+,Blunt object,7,0.06
INTIMATE PARTNER - AGGRAVATED ASSAULT,M,21-24,Firearm,5,0.04
INTIMATE PARTNER - AGGRAVATED ASSAULT,M,65+,Firearm,5,0.04
INTIMATE PARTNER - AGGRAVATED ASSAULT,F,65+,Firearm,4,0.03
INTIMATE PARTNER - AGGRAVATED ASSAULT,F,65+,Blunt object,3,0.02
INTIMATE PARTNER - AGGRAVATED ASSAULT,M,13-17,Personal weapons,3,0.02
INTIMATE PARTNER - AGGRAVATED ASSAULT,M,18-20,Blunt object,3,0.02
INTIMATE PARTNER - AGGRAVATED ASSAULT,M,18-20,Firearm,3,0.02
INTIMATE PARTNER - AGGRAVATED ASSAULT,F,2-9,Other weapon,2,0.02
INTIMATE PARTNER - AGGRAVATED ASSAULT,F,2-9,Personal weapons,2,0.02
INTIMATE PARTNER - AGGRAVATED ASSAULT,M,13-17,Knife / sharp object,2,0.02
INTIMATE PARTNER - AGGRAVATED ASSAULT,M,13-17,Other weapon,2,0.02
INTIMATE PARTNER - AGGRAVATED ASSAULT,X,21-24,Personal weapons,2,0.02
INTIMATE PARTNER - AGGRAVATED ASSAULT,X,25-34,Personal weapons,2,0.02
INTIMATE PARTNER - AGGRAVATED ASSAULT,X,35-49,Other weapon,2,0.02
INTIMATE PARTNER - AGGRAVATED ASSAULT,X,35-49,Personal weapons,2,0.02
INTIMATE PARTNER - AGGRAVATED ASSAULT,F,10-12,Firearm,1,0.01
INTIMATE PARTNER - AGGRAVATED ASSAULT,F,10-12,Personal weapons,1,0.01
INTIMATE PARTNER - AGGRAVATED ASSAULT,F,13-17,Blunt object,1,0.01
INTIMATE PARTNER - SIMPLE ASSAULT,F,25-34,Personal weapons,12940,27.98
INTIMATE PARTNER - SIMPLE ASSAULT,F,35-49,Personal weapons,10219,22.09
INTIMATE PARTNER - SIMPLE ASSAULT,F,21-24,Personal weapons,4495,9.72
INTIMATE PARTNER - SIMPLE ASSAULT,M,25-34,Personal weapons,3753,8.11
INTIMATE PARTNER - SIMPLE ASSAULT,M,35-49,Personal weapons,3321,7.18
INTIMATE PARTNER - SIMPLE ASSAULT,F,50-64,Personal weapons,2966,6.41
INTIMATE PARTNER - SIMPLE ASSAULT,F,18-20,Personal weapons,1965,4.25
INTIMATE PARTNER - SIMPLE ASSAULT,M,50-64,Personal weapons,1328,2.87
INTIMATE PARTNER - SIMPLE ASSAULT,M,21-24,Personal weapons,976,2.11
INTIMATE PARTNER - SIMPLE ASSAULT,F,25-34,Other weapon,593,1.28
INTIMATE PARTNER - SIMPLE ASSAULT,F,35-49,Other weapon,579,1.25
INTIMATE PARTNER - SIMPLE ASSAULT,F,65+,Personal weapons,463,1.0
INTIMATE PARTNER - SIMPLE ASSAULT,F,13-17,Personal weapons,383,0.83
INTIMATE PARTNER - SIMPLE ASSAULT,M,18-20,Personal weapons,333,0.72
INTIMATE PARTNER - SIMPLE ASSAULT,M,35-49,Other weapon,303,0.66
INTIMATE PARTNER - SIMPLE ASSAULT,M,65+,Personal weapons,295,0.64
INTIMATE PARTNER - SIMPLE ASSAULT,M,25-34,Other weapon,275,0.59
INTIMATE PARTNER - SIMPLE ASSAULT,F,50-64,Other weapon,189,0.41
INTIMATE PARTNER - SIMPLE ASSAULT,M,50-64,Other weapon,167,0.36
INTIMATE PARTNER - SIMPLE ASSAULT,F,21-24,Other weapon,123,0.27
INTIMATE PARTNER - SIMPLE ASSAULT,M,13-17,Personal weapons,65,0.14
INTIMATE PARTNER - SIMPLE ASSAULT,M,21-24,Other weapon,64,0.14
INTIMATE PARTNER - SIMPLE ASSAULT,M,65+,Other weapon,56,0.12
INTIMATE PARTNER - SIMPLE ASSAULT,F,18-20,Other weapon,52,0.11
INTIMATE PARTNER - SIMPLE ASSAULT,F,65+,Other weapon,42,0.09
INTIMATE PARTNER - SIMPLE ASSAULT,F,25-34,No weapon / unknown,31,0.07
INTIMATE PARTNER - SIMPLE ASSAULT,F,35-49,No weapon / unknown,25,0.05
INTIMATE PARTNER - SIMPLE ASSAULT,F,35-49,Blunt object,23,0.05
INTIMATE PARTNER - SIMPLE ASSAULT,F,25-34,Blunt object,17,0.04
INTIMATE PARTNER - SIMPLE ASSAULT,F,2-9,Personal weapons,15,0.03
INTIMATE PARTNER - SIMPLE ASSAULT,F,50-64,No weapon / unknown,11,0.02
INTIMATE PARTNER - SIMPLE ASSAULT,M,18-20,Other weapon,11,0.02
INTIMATE PARTNER - SIMPLE ASSAULT,F,50-64,Blunt object,10,0.02
INTIMATE PARTNER - SIMPLE ASSAULT,F,13-17,Other weapon,9,0.02
INTIMATE PARTNER - SIMPLE ASSAULT,M,25-34,Blunt object,9,0.02
INTIMATE PARTNER - SIMPLE ASSAULT,M,35-49,Blunt object,9,0.02
INTIMATE PARTNER - SIMPLE ASSAULT,F,21-24,No weapon / unknown,8,0.02
INTIMATE PARTNER - SIMPLE ASSAULT,M,25-34,No weapon / unknown,8,0.02
INTIMATE PARTNER - SIMPLE ASSAULT,X,25-34,Personal weapons,8,0.02
INTIMATE PARTNER - SIMPLE ASSAULT,F,10-12,Personal weapons,7,0.02
INTIMATE PARTNER - SIMPLE ASSAULT,M,50-64,Blunt object,7,0.02
INTIMATE PARTNER - SIMPLE ASSAULT,M,2-9,Personal weapons,6,0.01
INTIMATE PARTNER - SIMPLE ASSAULT,X,21-24,Personal weapons,6,0.01
INTIMATE PARTNER - SIMPLE ASSAULT,X,35-49,Personal weapons,6,0.01
INTIMATE PARTNER - SIMPLE ASSAULT,F,18-20,No weapon / unknown,5,0.01
INTIMATE PARTNER - SIMPLE ASSAULT,F,21-24,Blunt object,5,0.01
INTIMATE PARTNER - SIMPLE ASSAULT,F,25-34,Firearm,5,0.01
INTIMATE PARTNER - SIMPLE ASSAULT,F,25-34,Knife / sharp object,5,0.01
INTIMATE PARTNER - SIMPLE ASSAULT,F,35-49,Knife / sharp object,4,0.01
INTIMATE PARTNER - SIMPLE ASSAULT,M,13-17,Other weapon,4,0.01
INTIMATE PARTNER - SIMPLE ASSAULT,M,21-24,Blunt object,4,0.01
INTIMATE PARTNER - SIMPLE ASSAULT,M,35-49,No weapon / unknown,4,0.01
INTIMATE PARTNER - SIMPLE ASSAULT,F,65+,No weapon / unknown,3,0.01
INTIMATE PARTNER - SIMPLE ASSAULT,M,50-64,No weapon / unknown,3,0.01
INTIMATE PARTNER - SIMPLE ASSAULT,M,65+,Blunt object,3,0.01
INTIMATE PARTNER - SIMPLE ASSAULT,X,50-64,Personal weapons,3,0.01
INTIMATE PARTNER - SIMPLE ASSAULT,F,21-24,Firearm,2,0.0
INTIMATE PARTNER - SIMPLE ASSAULT,F,35-49,Firearm,2,0.0
INTIMATE PARTNER - SIMPLE ASSAULT,F,50-64,Firearm,2,0.0
INTIMATE PARTNER - SIMPLE ASSAULT,F,50-64,Knife / sharp object,2,0.0
INTIMATE PARTNER - SIMPLE ASSAULT,M,10-12,Personal weapons,2,0.0
INTIMATE PARTNER - SIMPLE ASSAULT,M,21-24,No weapon / unknown,2,0.0
INTIMATE PARTNER - SIMPLE ASSAULT,M,35-49,Knife / sharp object,2,0.0
INTIMATE PARTNER - SIMPLE ASSAULT,X,18-20,No weapon / unknown,2,0.0
INTIMATE PARTNER - SIMPLE ASSAULT,X,18-20,Personal weapons,2,0.0
INTIMATE PARTNER - SIMPLE ASSAULT,X,35-49,Other weapon,2,0.0
INTIMATE PARTNER - SIMPLE ASSAULT,F,13-17,Knife / sharp object,1,0.0
INTIMATE PARTNER - SIMPLE ASSAULT,F,13-17,No weapon / unknown,1,0.0
INTIMATE PARTNER - SIMPLE ASSAULT,F,18-20,Firearm,1,0.0
INTIMATE PARTNER - SIMPLE ASSAULT,F,21-24,Knife / sharp object,1,0.0
INTIMATE PARTNER - SIMPLE ASSAULT,M,2-9,Other weapon,1,0.0
INTIMATE PARTNER - SIMPLE ASSAULT,M,18-20,Blunt object,1,0.0
INTIMATE PARTNER - SIMPLE ASSAULT,M,18-20,No weapon / unknown,1,0.0
INTIMATE PARTNER - SIMPLE ASSAULT,M,25-34,Firearm,1,0.0
INTIMATE PARTNER - SIMPLE ASSAULT,M,35-49,Firearm,1,0.0
INTIMATE PARTNER - SIMPLE ASSAULT,M,50-64,Firearm,1,0.0
INTIMATE PARTNER - SIMPLE ASSAULT,M,65+,No weapon / unknown,1,0.0
INTIMATE PARTNER - SIMPLE ASSAULT,X,13-17,Personal weapons,1,0.0
INTIMATE PARTNER - SIMPLE ASSAULT,X,21-24,No weapon / unknown,1,0.0
INTIMATE PARTNER - SIMPLE ASSAULT,X,25-34,Other weapon,1,0.0
KIDNAPPING,F,25-34,Personal weapons,127,17.66
KIDNAPPING,F,18-20,Personal weapons,81,11.27
KIDNAPPING,F,35-49,Personal weapons,67,9.32
KIDNAPPING,F,21-24,Personal weapons,45,6.26
KIDNAPPING,F,13-17,Personal weapons,38,5.29
KIDNAPPING,F,50-64,Personal weapons,27,3.76
KIDNAPPING,F,25-34,Other weapon,24,3.34
KIDNAPPING,M,25-34,Personal weapons,19,2.64
KIDNAPPING,F,25-34,Firearm,18,2.5
KIDNAPPING,F,35-49,Other weapon,16,2.23
KIDNAPPING,F,2-9,Personal weapons,15,2.09
KIDNAPPING,F,21-24,Other weapon,13,1.81
KIDNAPPING,M,2-9,Personal weapons,12,1.67
KIDNAPPING,M,25-34,Other weapon,12,1.67
KIDNAPPING,F,65+,Personal weapons,11,1.53
KIDNAPPING,M,35-49,Other weapon,11,1.53
KIDNAPPING,M,25-34,Firearm,10,1.39
KIDNAPPING,M,35-49,Personal weapons,10,1.39
KIDNAPPING,M,21-24,Personal weapons,9,1.25
KIDNAPPING,F,35-49,Firearm,8,1.11
KIDNAPPING,M,50-64,Personal weapons,8,1.11
KIDNAPPING,F,18-20,Other weapon,7,0.97
KIDNAPPING,M,13-17,Personal weapons,7,0.97
KIDNAPPING,M,21-24,Firearm,7,0.97
KIDNAPPING,M,25-34,Knife / sharp object,7,0.97
KIDNAPPING,M,35-49,Firearm,7,0.97
KIDNAPPING,F,10-12,Personal weapons,6,0.83
KIDNAPPING,M,35-49,Knife / sharp object,6,0.83
KIDNAPPING,F,25-34,Knife / sharp object,5,0.7
KIDNAPPING,F,65+,Other weapon,5,0.7
KIDNAPPING,F,13-17,Other weapon,4,0.56
KIDNAPPING,F,18-20,Firearm,4,0.56
KIDNAPPING,F,21-24,Firearm,4,0.56
KIDNAPPING,F,35-49,Knife / sharp object,4,0.56
KIDNAPPING,F,2-9,Other weapon,3,0.42
KIDNAPPING,F,13-17,Firearm,3,0.42
KIDNAPPING,F,21-24,Knife / sharp object,3,0.42
KIDNAPPING,F,50-64,Firearm,3,0.42
KIDNAPPING,M,2-9,Other weapon,3,0.42
KIDNAPPING,M,10-12,Personal weapons,3,0.42
KIDNAPPING,M,13-17,Other weapon,3,0.42
KIDNAPPING,M,18-20,Personal weapons,3,0.42
KIDNAPPING,M,21-24,Other weapon,3,0.42
KIDNAPPING,M,50-64,Firearm,3,0.42
KIDNAPPING,M,50-64,Other weapon,3,0.42
KIDNAPPING,M,65+,Personal weapons,3,0.42
KIDNAPPING,F,50-64,Knife / sharp object,2,0.28
KIDNAPPING,F,50-64,Other weapon,2,0.28
KIDNAPPING,M,18-20,Knife / sharp object,2,0.28
KIDNAPPING,M,18-20,Other weapon,2,0.28
KIDNAPPING,M,21-24,Knife / sharp object,2,0.28
KIDNAPPING,M,65+,Knife / sharp object,2,0.28
KIDNAPPING,M,65+,Other weapon,2,0.28
KIDNAPPING,F,13-17,Knife / sharp object,1,0.14
KIDNAPPING,F,21-24,Blunt object,1,0.14
KIDNAPPING,F,25-34,Blunt object,1,0.14
KIDNAPPING,F,65+,Firearm,1,0.14
KIDNAPPING,F,65+,Knife / sharp object,1,0.14
KIDNAPPING,M,2-9,Firearm,1,0.14
KIDNAPPING,M,10-12,Other weapon,1,0.14
KIDNAPPING,M,25-34,Blunt object,1,0.14
KIDNAPPING,M,35-49,Blunt object,1,0.14
KIDNAPPING,M,50-64,Knife / sharp object,1,0.14
KIDNAPPING,M,65+,Firearm,1,0.14
KIDNAPPING,X,21-24,Other weapon,1,0.14
KIDNAPPING,X,21-24,Personal weapons,1,0.14
KIDNAPPING,X,25-34,Personal weapons,1,0.14
KIDNAPPING,X,35-49,Personal weapons,1,0.14
KIDNAPPING - GRAND ATTEMPT,M,2-9,Personal weapons,28,13.27
KIDNAPPING - GRAND ATTEMPT,F,25-34,Personal weapons,23,10.9
KIDNAPPING - GRAND ATTEMPT,F,2-9,Personal weapons,20,9.48
KIDNAPPING - GRAND ATTEMPT,F,35-49,Personal weapons,19,9.0
KIDNAPPING - GRAND ATTEMPT,F,21-24,Personal weapons,18,8.53
KIDNAPPING - GRAND ATTEMPT,F,13-17,Personal weapons,17,8.06
KIDNAPPING - GRAND ATTEMPT,F,50-64,Personal weapons,10,4.74
KIDNAPPING - GRAND ATTEMPT,F,18-20,Personal weapons,9,4.27
KIDNAPPING - GRAND ATTEMPT,F,10-12,Personal weapons,8,3.79
KIDNAPPING - GRAND ATTEMPT,F,2-9,Other weapon,7,3.32
KIDNAPPING - GRAND ATTEMPT,M,10-12,Personal weapons,6,2.84
KIDNAPPING - GRAND ATTEMPT,F,65+,Personal weapons,5,2.37
KIDNAPPING - GRAND ATTEMPT,F,21-24,Other weapon,3,1.42
KIDNAPPING - GRAND ATTEMPT,F,25-34,Other weapon,3,1.42
KIDNAPPING - GRAND ATTEMPT,M,2-9,Other weapon,3,1.42
KIDNAPPING - GRAND ATTEMPT,M,35-49,Personal weapons,3,1.42
KIDNAPPING - GRAND ATTEMPT,F,10-12,Other weapon,2,0.95
KIDNAPPING - GRAND ATTEMPT,F,35-49,Firearm,2,0.95
KIDNAPPING - GRAND ATTEMPT,F,35-49,Other weapon,2,0.95
KIDNAPPING - GRAND ATTEMPT,M,13-17,Other weapon,2,0.95
KIDNAPPING - GRAND ATTEMPT,M,13-17,Personal weapons,2,0.95
KIDNAPPING - GRAND ATTEMPT,M,21-24,Other weapon,2,0.95
KIDNAPPING - GRAND ATTEMPT,M,25-34,Personal weapons,2,0.95
KIDNAPPING - GRAND ATTEMPT,M,35-49,Other weapon,2,0.95
KIDNAPPING - GRAND ATTEMPT,F,2-9,Knife / sharp object,1,0.47
KIDNAPPING - GRAND ATTEMPT,F,10-12,Firearm,1,0.47
KIDNAPPING - GRAND ATTEMPT,F,13-17,Other weapon,1,0.47
KIDNAPPING - GRAND ATTEMPT,F,18-20,Blunt object,1,0.47
KIDNAPPING - GRAND ATTEMPT,F,18-20,Other weapon,1,0.47
KIDNAPPING - GRAND ATTEMPT,F,21-24,Knife / sharp object,1,0.47
KIDNAPPING - GRAND ATTEMPT,F,25-34,Blunt object,1,0.47
KIDNAPPING - GRAND ATTEMPT,F,25-34,Knife / sharp object,1,0.47
KIDNAPPING - GRAND ATTEMPT,F,50-64,Knife / sharp object,1,0.47
KIDNAPPING - GRAND ATTEMPT,F,50-64,Other weapon,1,0.47
KIDNAPPING - GRAND ATTEMPT,M,25-34,Firearm,1,0.47
KIDNAPPING - GRAND ATTEMPT,M,35-49,Firearm,1,0.47
KIDNAPPING - GRAND ATTEMPT,M,65+,Personal weapons,1,0.47
"LETTERS, LEWD  -  TELEPHONE CALLS, LEWD",F,25-34,No weapon / unknown,1835,21.88
"LETTERS, LEWD  -  TELEPHONE CALLS, LEWD",F,35-49,No weapon / unknown,1674,19.96
"LETTERS, LEWD  -  TELEPHONE CALLS, LEWD",M,35-49,No weapon / unknown,864,10.3
"LETTERS, LEWD  -  TELEPHONE CALLS, LEWD",M,25-34,No weapon / unknown,751,8.95
"LETTERS, LEWD  -  TELEPHONE CALLS, LEWD",F,50-64,No weapon / unknown,631,7.52
"LETTERS, LEWD  -  TELEPHONE CALLS, LEWD",F,21-24,No weapon / unknown,550,6.56
"LETTERS, LEWD  -  TELEPHONE CALLS, LEWD",M,50-64,No weapon / unknown,435,5.19
"LETTERS, LEWD  -  TELEPHONE CALLS, LEWD",F,18-20,No weapon / unknown,214,2.55
"LETTERS, LEWD  -  TELEPHONE CALLS, LEWD",F,65+,No weapon / unknown,204,2.43
"LETTERS, LEWD  -  TELEPHONE CALLS, LEWD",M,21-24,No weapon / unknown,164,1.96
"LETTERS, LEWD  -  TELEPHONE CALLS, LEWD",F,13-17,No weapon / unknown,161,1.92
"LETTERS, LEWD  -  TELEPHONE CALLS, LEWD",M,65+,No weapon / unknown,161,1.92
"LETTERS, LEWD  -  TELEPHONE CALLS, LEWD",F,25-34,Other weapon,124,1.48
"LETTERS, LEWD  -  TELEPHONE CALLS, LEWD",F,35-49,Other weapon,83,0.99
"LETTERS, LEWD  -  TELEPHONE CALLS, LEWD",M,13-17,No weapon / unknown,73,0.87
"LETTERS, LEWD  -  TELEPHONE CALLS, LEWD",M,18-20,No weapon / unknown,69,0.82
"LETTERS, LEWD  -  TELEPHONE CALLS, LEWD",M,35-49,Other weapon,53,0.63
"LETTERS, LEWD  -  TELEPHONE CALLS, LEWD",M,25-34,Other weapon,43,0.51
"LETTERS, LEWD  -  TELEPHONE CALLS, LEWD",F,10-12,No weapon / unknown,41,0.49
"LETTERS, LEWD  -  TELEPHONE CALLS, LEWD",F,50-64,Other weapon,40,0.48
"LETTERS, LEWD  -  TELEPHONE CALLS, LEWD",F,21-24,Other weapon,37,0.44
"LETTERS, LEWD  -  TELEPHONE CALLS, LEWD",M,50-64,Other weapon,33,0.39
"LETTERS, LEWD  -  TELEPHONE CALLS, LEWD",M,10-12,No weapon / unknown,16,0.19
"LETTERS, LEWD  -  TELEPHONE CALLS, LEWD",M,65+,Other weapon,14,0.17
"LETTERS, LEWD  -  TELEPHONE CALLS, LEWD",F,13-17,Other weapon,13,0.15
"LETTERS, LEWD  -  TELEPHONE CALLS, LEWD",X,25-34,No weapon / unknown,13,0.15
"LETTERS, LEWD  -  TELEPHONE CALLS, LEWD",M,21-24,Other weapon,11,0.13
"LETTERS, LEWD  -  TELEPHONE CALLS, LEWD",F,65+,Other weapon,9,0.11
"LETTERS, LEWD  -  TELEPHONE CALLS, LEWD",X,21-24,No weapon / unknown,9,0.11
"LETTERS, LEWD  -  TELEPHONE CALLS, LEWD",F,2-9,No weapon / unknown,7,0.08
"LETTERS, LEWD  -  TELEPHONE CALLS, LEWD",F,18-20,Other weapon,6,0.07
"LETTERS, LEWD  -  TELEPHONE CALLS, LEWD",X,35-49,No weapon / unknown,6,0.07
"LETTERS, LEWD  -  TELEPHONE CALLS, LEWD",M,35-49,Personal weapons,5,0.06
"LETTERS, LEWD  -  TELEPHONE CALLS, LEWD",F,25-34,Personal weapons,4,0.05
"LETTERS, LEWD  -  TELEPHONE CALLS, LEWD",F,35-49,Personal weapons,4,0.05
"LETTERS, LEWD  -  TELEPHONE CALLS, LEWD",M,10-12,Other weapon,4,0.05
"LETTERS, LEWD  -  TELEPHONE CALLS, LEWD",M,13-17,Other weapon,4,0.05
"LETTERS, LEWD  -  TELEPHONE CALLS, LEWD",M,2-9,No weapon / unknown,3,0.04
"LETTERS, LEWD  -  TELEPHONE CALLS, LEWD",M,18-20,Other weapon,3,0.04
"LETTERS, LEWD  -  TELEPHONE CALLS, LEWD",X,50-64,No weapon / unknown,3,0.04
"LETTERS, LEWD  -  TELEPHONE CALLS, LEWD",F,2-9,Other weapon,2,0.02
"LETTERS, LEWD  -  TELEPHONE CALLS, LEWD",F,10-12,Other weapon,2,0.02
"LETTERS, LEWD  -  TELEPHONE CALLS, LEWD",X,35-49,Other weapon,2,0.02
"LETTERS, LEWD  -  TELEPHONE CALLS, LEWD",X,65+,No weapon / unknown,2,0.02
"LETTERS, LEWD  -  TELEPHONE CALLS, LEWD",F,21-24,Personal weapons,1,0.01
"LETTERS, LEWD  -  TELEPHONE CALLS, LEWD",F,35-49,Firearm,1,0.01
"LETTERS, LEWD  -  TELEPHONE CALLS, LEWD",F,50-64,Personal weapons,1,0.01
"LETTERS, LEWD  -  TELEPHONE CALLS, LEWD",F,65+,Personal weapons,1,0.01
"LETTERS, LEWD  -  TELEPHONE CALLS, LEWD",X,10-12,No weapon / unknown,1,0.01
"LETTERS, LEWD  -  TELEPHONE CALLS, LEWD",X,18-20,No weapon / unknown,1,0.01
LEWD CONDUCT,F,35-49,No weapon / unknown,160,23.29
LEWD CONDUCT,F,25-34,No weapon / unknown,146,21.25
LEWD CONDUCT,F,50-64,No weapon / unknown,68,9.9
LEWD CONDUCT,F,21-24,No weapon / unknown,47,6.84
LEWD CONDUCT,F,18-20,No weapon / unknown,35,5.09
LEWD CONDUCT,M,35-49,No weapon / unknown,35,5.09
LEWD CONDUCT,M,25-34,No weapon / unknown,31,4.51
LEWD CONDUCT,F,13-17,No weapon / unknown,25,3.64
LEWD CONDUCT,M,50-64,No weapon / unknown,20,2.91
LEWD CONDUCT,F,25-34,Personal weapons,14,2.04
LEWD CONDUCT,F,65+,No weapon / unknown,12,1.75
LEWD CONDUCT,F,35-49,Personal weapons,11,1.6
LEWD CONDUCT,F,50-64,Personal weapons,11,1.6
LEWD CONDUCT,M,18-20,No weapon / unknown,6,0.87
LEWD CONDUCT,M,21-24,No weapon / unknown,6,0.87
LEWD CONDUCT,F,10-12,No weapon / unknown,5,0.73
LEWD CONDUCT,F,21-24,Personal weapons,5,0.73
LEWD CONDUCT,M,65+,No weapon / unknown,5,0.73
LEWD CONDUCT,F,2-9,No weapon / unknown,4,0.58
LEWD CONDUCT,F,13-17,Personal weapons,4,0.58
LEWD CONDUCT,F,25-34,Other weapon,4,0.58
LEWD CONDUCT,F,18-20,Personal weapons,3,0.44
LEWD CONDUCT,F,35-49,Other weapon,3,0.44
LEWD CONDUCT,M,13-17,No weapon / unknown,3,0.44
LEWD CONDUCT,M,35-49,Personal weapons,3,0.44
LEWD CONDUCT,F,13-17,Other weapon,2,0.29
LEWD CONDUCT,M,2-9,No weapon / unknown,2,0.29
LEWD CONDUCT,M,25-34,Personal weapons,2,0.29
LEWD CONDUCT,M,35-49,Other weapon,2,0.29
LEWD CONDUCT,M,50-64,Other weapon,2,0.29
LEWD CONDUCT,X,21-24,No weapon / unknown,2,0.29
LEWD CONDUCT,F,2-9,Personal weapons,1,0.15
LEWD CONDUCT,F,10-12,Other weapon,1,0.15
LEWD CONDUCT,F,21-24,Other weapon,1,0.15
LEWD CONDUCT,F,50-64,Other weapon,1,0.15
LEWD CONDUCT,M,10-12,No weapon / unknown,1,0.15
LEWD CONDUCT,M,13-17,Personal weapons,1,0.15
LEWD CONDUCT,M,21-24,Personal weapons,1,0.15
LEWD CONDUCT,M,50-64,Personal weapons,1,0.15
LEWD CONDUCT,M,65+,Personal weapons,1,0.15
LEWD/LASCIVIOUS ACTS WITH CHILD,F,13-17,Personal weapons,15,18.29
LEWD/LASCIVIOUS ACTS WITH CHILD,F,13-17,No weapon / unknown,13,15.85
LEWD/LASCIVIOUS ACTS WITH CHILD,F,2-9,Personal weapons,10,12.2
LEWD/LASCIVIOUS ACTS WITH CHILD,F,10-12,Personal weapons,9,10.98
LEWD/LASCIVIOUS ACTS WITH CHILD,F,2-9,No weapon / unknown,8,9.76
LEWD/LASCIVIOUS ACTS WITH CHILD,F,10-12,No weapon / unknown,8,9.76
LEWD/LASCIVIOUS ACTS WITH CHILD,M,2-9,No weapon / unknown,3,3.66
LEWD/LASCIVIOUS ACTS WITH CHILD,F,25-34,Personal weapons,2,2.44
LEWD/LASCIVIOUS ACTS WITH CHILD,F,35-49,No weapon / unknown,2,2.44
LEWD/LASCIVIOUS ACTS WITH CHILD,M,10-12,Personal weapons,2,2.44
LEWD/LASCIVIOUS ACTS WITH CHILD,F,2-9,Other weapon,1,1.22
LEWD/LASCIVIOUS ACTS WITH CHILD,F,10-12,Other weapon,1,1.22
LEWD/LASCIVIOUS ACTS WITH CHILD,F,21-24,No weapon / unknown,1,1.22
LEWD/LASCIVIOUS ACTS WITH CHILD,F,50-64,No weapon / unknown,1,1.22
LEWD/LASCIVIOUS ACTS WITH CHILD,F,65+,No weapon / unknown,1,1.22
LEWD/LASCIVIOUS ACTS WITH CHILD,M,2-9,Personal weapons,1,1.22
LEWD/LASCIVIOUS ACTS WITH CHILD,M,10-12,No weapon / unknown,1,1.22
LEWD/LASCIVIOUS ACTS WITH CHILD,M,18-20,No weapon / unknown,1,1.22
LEWD/LASCIVIOUS ACTS WITH CHILD,M,25-34,Other weapon,1,1.22
LEWD/LASCIVIOUS ACTS WITH CHILD,M,35-49,No weapon / unknown,1,1.22
LYNCHING,M,50-64,Personal weapons,2,100.0
LYNCHING - ATTEMPTED,M,35-49,Personal weapons,1,100.0
"MANSLAUGHTER, NEGLIGENT",F,21-24,Other weapon,1,11.11
"MANSLAUGHTER, NEGLIGENT",F,25-34,Other weapon,1,11.11
"MANSLAUGHTER, NEGLIGENT",F,50-64,Other weapon,1,11.11
"MANSLAUGHTER, NEGLIGENT",M,21-24,Firearm,1,11.11
"MANSLAUGHTER, NEGLIGENT",M,25-34,Firearm,1,11.11
"MANSLAUGHTER, NEGLIGENT",M,25-34,Other weapon,1,11.11
"MANSLAUGHTER, NEGLIGENT",M,25-34,Personal weapons,1,11.11
"MANSLAUGHTER, NEGLIGENT",M,50-64,Firearm,1,11.11
"MANSLAUGHTER, NEGLIGENT",M,50-64,No weapon / unknown,1,11.11
ORAL COPULATION,F,13-17,Personal weapons,111,15.42
ORAL COPULATION,F,25-34,Personal weapons,90,12.5
ORAL COPULATION,F,35-49,Personal weapons,67,9.31
ORAL COPULATION,F,2-9,Personal weapons,46,6.39
ORAL COPULATION,F,21-24,Personal weapons,45,6.25
ORAL COPULATION,M,13-17,Personal weapons,44,6.11
ORAL COPULATION,M,25-34,Personal weapons,38,5.28
ORAL COPULATION,F,10-12,Personal weapons,36,5.0
ORAL COPULATION,F,50-64,Personal weapons,32,4.44
ORAL COPULATION,M,35-49,Personal weapons,27,3.75
ORAL COPULATION,F,18-20,Personal weapons,25,3.47
ORAL COPULATION,M,2-9,Personal weapons,18,2.5
ORAL COPULATION,F,65+,Personal weapons,14,1.94
ORAL COPULATION,F,25-34,Other weapon,13,1.81
ORAL COPULATION,F,35-49,Other weapon,11,1.53
ORAL COPULATION,M,10-12,Personal weapons,11,1.53
ORAL COPULATION,M,18-20,Personal weapons,11,1.53
ORAL COPULATION,M,21-24,Personal weapons,11,1.53
ORAL COPULATION,F,50-64,Other weapon,6,0.83
ORAL COPULATION,M,50-64,Personal weapons,6,0.83
ORAL COPULATION,F,13-17,Other weapon,5,0.69
ORAL COPULATION,F,25-34,Knife / sharp object,5,0.69
ORAL COPULATION,F,25-34,Firearm,4,0.56
ORAL COPULATION,F,13-17,Firearm,3,0.42
ORAL COPULATION,F,21-24,Other weapon,3,0.42
ORAL COPULATION,M,13-17,Firearm,3,0.42
ORAL COPULATION,M,13-17,Other weapon,3,0.42
ORAL COPULATION,M,25-34,Other weapon,3,0.42
ORAL COPULATION,F,2-9,Other weapon,2,0.28
ORAL COPULATION,F,18-20,Firearm,2,0.28
ORAL COPULATION,F,18-20,Other weapon,2,0.28
ORAL COPULATION,F,35-49,Firearm,2,0.28
ORAL COPULATION,F,35-49,Knife / sharp object,2,0.28
ORAL COPULATION,F,50-64,Firearm,2,0.28
ORAL COPULATION,M,35-49,Other weapon,2,0.28
ORAL COPULATION,F,10-12,Other weapon,1,0.14
ORAL COPULATION,F,18-20,Knife / sharp object,1,0.14
ORAL COPULATION,F,35-49,Blunt object,1,0.14
ORAL COPULATION,F,50-64,Knife / sharp object,1,0.14
ORAL COPULATION,F,65+,Other weapon,1,0.14
ORAL COPULATION,M,2-9,Other weapon,1,0.14
ORAL COPULATION,M,18-20,Knife / sharp object,1,0.14
ORAL COPULATION,M,18-20,Other weapon,1,0.14
ORAL COPULATION,M,21-24,Firearm,1,0.14
ORAL COPULATION,M,21-24,Other weapon,1,0.14
ORAL COPULATION,M,25-34,Firearm,1,0.14
ORAL COPULATION,M,25-34,Knife / sharp object,1,0.14
ORAL COPULATION,M,65+,Personal weapons,1,0.14
ORAL COPULATION,X,25-34,Knife / sharp object,1,0.14
ORAL COPULATION,X,25-34,Other weapon,1,0.14
OTHER ASSAULT,M,35-49,Personal weapons,425,10.2
OTHER ASSAULT,F,35-49,Personal weapons,370,8.88
OTHER ASSAULT,M,25-34,Personal weapons,360,8.64
OTHER ASSAULT,F,25-34,Personal weapons,318,7.63
OTHER ASSAULT,M,50-64,Personal weapons,285,6.84
OTHER ASSAULT,M,35-49,Other weapon,264,6.34
OTHER ASSAULT,F,50-64,Personal weapons,245,5.88
OTHER ASSAULT,F,35-49,Other weapon,221,5.3
OTHER ASSAULT,M,25-34,Other weapon,197,4.73
OTHER ASSAULT,M,50-64,Other weapon,189,4.54
OTHER ASSAULT,F,25-34,Other weapon,180,4.32
OTHER ASSAULT,F,50-64,Other weapon,161,3.86
OTHER ASSAULT,F,21-24,Personal weapons,117,2.81
OTHER ASSAULT,F,65+,Personal weapons,95,2.28
OTHER ASSAULT,M,65+,Personal weapons,89,2.14
OTHER ASSAULT,M,21-24,Personal weapons,88,2.11
OTHER ASSAULT,F,18-20,Personal weapons,61,1.46
OTHER ASSAULT,F,65+,Other weapon,60,1.44
OTHER ASSAULT,F,21-24,Other weapon,59,1.42
OTHER ASSAULT,F,13-17,Personal weapons,58,1.39
OTHER ASSAULT,M,18-20,Personal weapons,49,1.18
OTHER ASSAULT,M,21-24,Other weapon,44,1.06
OTHER ASSAULT,M,65+,Other weapon,44,1.06
OTHER ASSAULT,M,13-17,Personal weapons,30,0.72
OTHER ASSAULT,F,18-20,Other weapon,29,0.7
OTHER ASSAULT,M,18-20,Other weapon,19,0.46
OTHER ASSAULT,F,13-17,Other weapon,14,0.34
OTHER ASSAULT,M,13-17,Other weapon,10,0.24
OTHER ASSAULT,F,10-12,Personal weapons,8,0.19
OTHER ASSAULT,M,10-12,Personal weapons,8,0.19
OTHER ASSAULT,F,2-9,Other weapon,7,0.17
OTHER ASSAULT,X,35-49,Personal weapons,6,0.14
OTHER ASSAULT,F,25-34,Firearm,5,0.12
OTHER ASSAULT,M,2-9,Personal weapons,4,0.1
OTHER ASSAULT,F,2-9,Personal weapons,3,0.07
OTHER ASSAULT,F,10-12,Other weapon,3,0.07
OTHER ASSAULT,F,35-49,Firearm,3,0.07
OTHER ASSAULT,M,2-9,Other weapon,3,0.07
OTHER ASSAULT,M,10-12,Other weapon,3,0.07
OTHER ASSAULT,M,50-64,Blunt object,3,0.07
OTHER ASSAULT,X,25-34,Personal weapons,3,0.07
OTHER ASSAULT,X,65+,Personal weapons,3,0.07
OTHER ASSAULT,F,50-64,No weapon / unknown,2,0.05
OTHER ASSAULT,M,25-34,No weapon / unknown,2,0.05
OTHER ASSAULT,M,50-64,No weapon / unknown,2,0.05
OTHER ASSAULT,X,18-20,Personal weapons,2,0.05
OTHER ASSAULT,X,25-34,Other weapon,2,0.05
OTHER ASSAULT,F,18-20,No weapon / unknown,1,0.02
OTHER ASSAULT,F,21-24,No weapon / unknown,1,0.02
OTHER ASSAULT,F,25-34,Blunt object,1,0.02
OTHER ASSAULT,F,25-34,No weapon / unknown,1,0.02
OTHER ASSAULT,F,50-64,Blunt object,1,0.02
OTHER ASSAULT,M,13-17,Firearm,1,0.02
OTHER ASSAULT,M,21-24,No weapon / unknown,1,0.02
OTHER ASSAULT,M,25-34,Firearm,1,0.02
OTHER ASSAULT,M,35-49,Blunt object,1,0.02
OTHER ASSAULT,M,35-49,Firearm,1,0.02
OTHER ASSAULT,M,50-64,Firearm,1,0.02
OTHER ASSAULT,M,65+,Blunt object,1,0.02
OTHER ASSAULT,X,50-64,Other weapon,1,0.02
OTHER ASSAULT,X,50-64,Personal weapons,1,0.02
OTHER MISCELLANEOUS CRIME,M,35-49,No weapon / unknown,632,14.38
OTHER MISCELLANEOUS CRIME,F,35-49,No weapon / unknown,587,13.36
OTHER MISCELLANEOUS CRIME,F,25-34,No weapon / unknown,544,12.38
OTHER MISCELLANEOUS CRIME,M,25-34,No weapon / unknown,425,9.67
OTHER MISCELLANEOUS CRIME,M,50-64,No weapon / unknown,422,9.6
OTHER MISCELLANEOUS CRIME,F,50-64,No weapon / unknown,328,7.46
OTHER MISCELLANEOUS CRIME,F,21-24,No weapon / unknown,185,4.21
OTHER MISCELLANEOUS CRIME,M,65+,No weapon / unknown,144,3.28
OTHER MISCELLANEOUS CRIME,M,21-24,No weapon / unknown,122,2.78
OTHER MISCELLANEOUS CRIME,F,65+,No weapon / unknown,108,2.46
OTHER MISCELLANEOUS CRIME,F,13-17,No weapon / unknown,97,2.21
OTHER MISCELLANEOUS CRIME,F,18-20,No weapon / unknown,85,1.93
OTHER MISCELLANEOUS CRIME,M,18-20,No weapon / unknown,56,1.27
OTHER MISCELLANEOUS CRIME,M,13-17,No weapon / unknown,52,1.18
OTHER MISCELLANEOUS CRIME,X,21-24,No weapon / unknown,52,1.18
OTHER MISCELLANEOUS CRIME,M,35-49,Other weapon,50,1.14
OTHER MISCELLANEOUS CRIME,F,35-49,Other weapon,46,1.05
OTHER MISCELLANEOUS CRIME,M,50-64,Other weapon,44,1.0
OTHER MISCELLANEOUS CRIME,M,25-34,Other weapon,41,0.93
OTHER MISCELLANEOUS CRIME,F,25-34,Other weapon,34,0.77
OTHER MISCELLANEOUS CRIME,X,18-20,No weapon / unknown,34,0.77
OTHER MISCELLANEOUS CRIME,F,10-12,No weapon / unknown,27,0.61
OTHER MISCELLANEOUS CRIME,F,50-64,Other weapon,27,0.61
OTHER MISCELLANEOUS CRIME,F,21-24,Other weapon,24,0.55
OTHER MISCELLANEOUS CRIME,F,35-49,Personal weapons,17,0.39
OTHER MISCELLANEOUS CRIME,F,25-34,Personal weapons,12,0.27
OTHER MISCELLANEOUS CRIME,M,35-49,Personal weapons,12,0.27
OTHER MISCELLANEOUS CRIME,M,65+,Other weapon,12,0.27
OTHER MISCELLANEOUS CRIME,F,2-9,No weapon / unknown,11,0.25
OTHER MISCELLANEOUS CRIME,F,65+,Personal weapons,10,0.23
OTHER MISCELLANEOUS CRIME,M,21-24,Other weapon,10,0.23
OTHER MISCELLANEOUS CRIME,M,25-34,Personal weapons,10,0.23
OTHER MISCELLANEOUS CRIME,F,18-20,Other weapon,9,0.2
OTHER MISCELLANEOUS CRIME,F,65+,Other weapon,9,0.2
OTHER MISCELLANEOUS CRIME,M,10-12,No weapon / unknown,9,0.2
OTHER MISCELLANEOUS CRIME,X,35-49,No weapon / unknown,9,0.2
OTHER MISCELLANEOUS CRIME,M,25-34,Firearm,7,0.16
OTHER MISCELLANEOUS CRIME,X,21-24,Other weapon,7,0.16
OTHER MISCELLANEOUS CRIME,F,13-17,Other weapon,6,0.14
OTHER MISCELLANEOUS CRIME,F,10-12,Other weapon,4,0.09
OTHER MISCELLANEOUS CRIME,M,2-9,No weapon / unknown,4,0.09
OTHER MISCELLANEOUS CRIME,M,50-64,Personal weapons,4,0.09
OTHER MISCELLANEOUS CRIME,M,65+,Personal weapons,4,0.09
OTHER MISCELLANEOUS CRIME,X,18-20,Personal weapons,4,0.09
OTHER MISCELLANEOUS CRIME,X,65+,No weapon / unknown,4,0.09
OTHER MISCELLANEOUS CRIME,F,13-17,Personal weapons,3,0.07
OTHER MISCELLANEOUS CRIME,F,21-24,Personal weapons,3,0.07
OTHER MISCELLANEOUS CRIME,F,50-64,Personal weapons,3,0.07
OTHER MISCELLANEOUS CRIME,M,13-17,Other weapon,3,0.07
OTHER MISCELLANEOUS CRIME,X,18-20,Firearm,3,0.07
OTHER MISCELLANEOUS CRIME,F,18-20,Personal weapons,2,0.05
OTHER MISCELLANEOUS CRIME,M,2-9,Personal weapons,2,0.05
OTHER MISCELLANEOUS CRIME,M,18-20,Other weapon,2,0.05
OTHER MISCELLANEOUS CRIME,M,18-20,Personal weapons,2,0.05
OTHER MISCELLANEOUS CRIME,M,21-24,Personal weapons,2,0.05
OTHER MISCELLANEOUS CRIME,M,25-34,Blunt object,2,0.05
OTHER MISCELLANEOUS CRIME,M,50-64,Firearm,2,0.05
OTHER MISCELLANEOUS CRIME,X,21-24,Personal weapons,2,0.05
OTHER MISCELLANEOUS CRIME,X,25-34,No weapon / unknown,2,0.05
OTHER MISCELLANEOUS CRIME,X,50-64,No weapon / unknown,2,0.05
OTHER MISCELLANEOUS CRIME,F,18-20,Firearm,1,0.02
OTHER MISCELLANEOUS CRIME,F,21-24,Blunt object,1,0.02
OTHER MISCELLANEOUS CRIME,F,21-24,Firearm,1,0.02
OTHER MISCELLANEOUS CRIME,F,25-34,Firearm,1,0.02
OTHER MISCELLANEOUS CRIME,F,35-49,Firearm,1,0.02
OTHER MISCELLANEOUS CRIME,F,65+,Firearm,1,0.02
OTHER MISCELLANEOUS CRIME,M,10-12,Firearm,1,0.02
OTHER MISCELLANEOUS CRIME,M,10-12,Other weapon,1,0.02
OTHER MISCELLANEOUS CRIME,M,10-12,Personal weapons,1,0.02
OTHER MISCELLANEOUS CRIME,M,13-17,Firearm,1,0.02
OTHER MISCELLANEOUS CRIME,M,13-17,Personal weapons,1,0.02
OTHER MISCELLANEOUS CRIME,M,21-24,Firearm,1,0.02
OTHER MISCELLANEOUS CRIME,M,21-24,Knife / sharp object,1,0.02
OTHER MISCELLANEOUS CRIME,M,35-49,Blunt object,1,0.02
OTHER MISCELLANEOUS CRIME,M,35-49,Firearm,1,0.02
OTHER MISCELLANEOUS CRIME,M,50-64,Knife / sharp object,1,0.02
OTHER MISCELLANEOUS CRIME,X,18-20,Knife / sharp object,1,0.02
OTHER MISCELLANEOUS CRIME,X,25-34,Firearm,1,0.02
OTHER MISCELLANEOUS CRIME,X,35-49,Other weapon,1,0.02
PANDERING,F,21-24,No weapon / unknown,10,27.03
PANDERING,F,25-34,No weapon / unknown,6,16.22
PANDERING,F,18-20,No weapon / unknown,4,10.81
PANDERING,M,25-34,No weapon / unknown,4,10.81
PANDERING,F,35-49,No weapon / unknown,3,8.11
PANDERING,M,35-49,No weapon / unknown,3,8.11
PANDERING,F,18-20,Personal weapons,2,5.41
PANDERING,X,21-24,No weapon / unknown,2,5.41
PANDERING,F,13-17,No weapon / unknown,1,2.7
PANDERING,F,35-49,Personal weapons,1,2.7
PANDERING,M,35-49,Other weapon,1,2.7
PEEPING TOM,F,25-34,No weapon / unknown,97,26.15
PEEPING TOM,F,35-49,No weapon / unknown,75,20.22
PEEPING TOM,F,21-24,No weapon / unknown,42,11.32
PEEPING TOM,F,18-20,No weapon / unknown,27,7.28
PEEPING TOM,F,50-64,No weapon / unknown,24,6.47
PEEPING TOM,F,13-17,No weapon / unknown,21,5.66
PEEPING TOM,M,35-49,No weapon / unknown,21,5.66
PEEPING TOM,M,25-34,No weapon / unknown,15,4.04
PEEPING TOM,F,10-12,No weapon / unknown,8,2.16
PEEPING TOM,M,50-64,No weapon / unknown,8,2.16
PEEPING TOM,F,65+,No weapon / unknown,4,1.08
PEEPING TOM,M,21-24,No weapon / unknown,4,1.08
PEEPING TOM,F,21-24,Other weapon,3,0.81
PEEPING TOM,F,25-34,Other weapon,3,0.81
PEEPING TOM,M,10-12,No weapon / unknown,3,0.81
PEEPING TOM,M,13-17,No weapon / unknown,3,0.81
PEEPING TOM,F,2-9,No weapon / unknown,2,0.54
PEEPING TOM,F,35-49,Other weapon,2,0.54
PEEPING TOM,M,2-9,No weapon / unknown,2,0.54
PEEPING TOM,M,65+,No weapon / unknown,2,0.54
PEEPING TOM,F,21-24,Personal weapons,1,0.27
PEEPING TOM,F,25-34,Personal weapons,1,0.27
PEEPING TOM,F,50-64,Personal weapons,1,0.27
PEEPING TOM,M,18-20,No weapon / unknown,1,0.27
PEEPING TOM,X,35-49,No weapon / unknown,1,0.27
PETTY THEFT - AUTO REPAIR,F,35-49,No weapon / unknown,1,50.0
PETTY THEFT - AUTO REPAIR,M,35-49,No weapon / unknown,1,50.0
PICKPOCKET,F,25-34,No weapon / unknown,1047,28.05
PICKPOCKET,F,21-24,No weapon / unknown,623,16.69
PICKPOCKET,F,35-49,No weapon / unknown,446,11.95
PICKPOCKET,M,25-34,No weapon / unknown,362,9.7
PICKPOCKET,M,35-49,No weapon / unknown,222,5.95
PICKPOCKET,M,21-24,No weapon / unknown,200,5.36
PICKPOCKET,F,18-20,No weapon / unknown,185,4.96
PICKPOCKET,F,50-64,No weapon / unknown,182,4.88
PICKPOCKET,F,65+,No weapon / unknown,167,4.47
PICKPOCKET,M,18-20,No weapon / unknown,99,2.65
PICKPOCKET,M,50-64,No weapon / unknown,83,2.22
PICKPOCKET,M,65+,No weapon / unknown,46,1.23
PICKPOCKET,F,13-17,No weapon / unknown,9,0.24
PICKPOCKET,X,25-34,No weapon / unknown,9,0.24
PICKPOCKET,F,21-24,Personal weapons,6,0.16
PICKPOCKET,F,65+,Personal weapons,6,0.16
PICKPOCKET,X,18-20,No weapon / unknown,5,0.13
PICKPOCKET,F,35-49,Personal weapons,4,0.11
PICKPOCKET,F,50-64,Personal weapons,4,0.11
PICKPOCKET,X,21-24,No weapon / unknown,4,0.11
PICKPOCKET,X,35-49,No weapon / unknown,4,0.11
PICKPOCKET,M,13-17,No weapon / unknown,3,0.08
PICKPOCKET,M,25-34,Personal weapons,3,0.08
PICKPOCKET,M,35-49,Personal weapons,3,0.08
PICKPOCKET,M,50-64,Personal weapons,3,0.08
PICKPOCKET,F,25-34,Personal weapons,2,0.05
PICKPOCKET,M,10-12,No weapon / unknown,2,0.05
PICKPOCKET,M,65+,Personal weapons,2,0.05
PICKPOCKET,M,2-9,No weapon / unknown,1,0.03
"PICKPOCKET, ATTEMPT",F,50-64,Personal weapons,2,28.57
"PICKPOCKET, ATTEMPT",F,21-24,No weapon / unknown,1,14.29
"PICKPOCKET, ATTEMPT",F,35-49,Personal weapons,1,14.29
"PICKPOCKET, ATTEMPT",F,50-64,No weapon / unknown,1,14.29
"PICKPOCKET, ATTEMPT",F,65+,No weapon / unknown,1,14.29
"PICKPOCKET, ATTEMPT",M,25-34,No weapon / unknown,1,14.29
PIMPING,F,21-24,No weapon / unknown,39,30.0
PIMPING,F,18-20,No weapon / unknown,25,19.23
PIMPING,F,25-34,No weapon / unknown,18,13.85
PIMPING,F,13-17,No weapon / unknown,12,9.23
PIMPING,F,25-34,Personal weapons,6,4.62
PIMPING,F,18-20,Other weapon,5,3.85
PIMPING,F,18-20,Personal weapons,5,3.85
PIMPING,F,35-49,No weapon / unknown,5,3.85
PIMPING,F,21-24,Personal weapons,4,3.08
PIMPING,F,25-34,Other weapon,4,3.08
PIMPING,F,10-12,Personal weapons,1,0.77
PIMPING,F,13-17,Personal weapons,1,0.77
PIMPING,F,21-24,Firearm,1,0.77
PIMPING,F,21-24,Other weapon,1,0.77
PIMPING,F,25-34,Firearm,1,0.77
PIMPING,F,35-49,Other weapon,1,0.77
PIMPING,M,25-34,No weapon / unknown,1,0.77
PROWLER,F,35-49,No weapon / unknown,38,19.59
PROWLER,M,35-49,No weapon / unknown,31,15.98
PROWLER,F,50-64,No weapon / unknown,23,11.86
PROWLER,F,25-34,No weapon / unknown,19,9.79
PROWLER,M,50-64,No weapon / unknown,19,9.79
PROWLER,M,25-34,No weapon / unknown,13,6.7
PROWLER,M,65+,No weapon / unknown,12,6.19
PROWLER,F,65+,No weapon / unknown,10,5.15
PROWLER,F,21-24,No weapon / unknown,7,3.61
PROWLER,M,18-20,No weapon / unknown,3,1.55
PROWLER,F,13-17,No weapon / unknown,2,1.03
PROWLER,M,21-24,No weapon / unknown,2,1.03
PROWLER,M,35-49,Other weapon,2,1.03
PROWLER,X,18-20,No weapon / unknown,2,1.03
PROWLER,F,18-20,No weapon / unknown,1,0.52
PROWLER,F,21-24,Other weapon,1,0.52
PROWLER,F,25-34,Other weapon,1,0.52
PROWLER,F,25-34,Personal weapons,1,0.52
PROWLER,F,35-49,Personal weapons,1,0.52
PROWLER,F,50-64,Personal weapons,1,0.52
PROWLER,M,21-24,Personal weapons,1,0.52
PROWLER,M,25-34,Other weapon,1,0.52
PROWLER,M,25-34,Personal weapons,1,0.52
PROWLER,M,35-49,Personal weapons,1,0.52
PROWLER,X,21-24,Other weapon,1,0.52
PURSE SNATCHING,F,50-64,No weapon / unknown,22,20.75
PURSE SNATCHING,F,35-49,No weapon / unknown,14,13.21
PURSE SNATCHING,F,35-49,Personal weapons,11,10.38
PURSE SNATCHING,F,65+,No weapon / unknown,10,9.43
PURSE SNATCHING,F,25-34,No weapon / unknown,8,7.55
PURSE SNATCHING,F,25-34,Personal weapons,8,7.55
PURSE SNATCHING,F,50-64,Personal weapons,6,5.66
PURSE SNATCHING,F,18-20,No weapon / unknown,5,4.72
PURSE SNATCHING,F,65+,Personal weapons,5,4.72
PURSE SNATCHING,F,21-24,Personal weapons,3,2.83
PURSE SNATCHING,M,25-34,No weapon / unknown,3,2.83
PURSE SNATCHING,M,50-64,No weapon / unknown,3,2.83
PURSE SNATCHING,M,35-49,No weapon / unknown,2,1.89
PURSE SNATCHING,F,13-17,No weapon / unknown,1,0.94
PURSE SNATCHING,F,13-17,Personal weapons,1,0.94
PURSE SNATCHING,F,18-20,Personal weapons,1,0.94
PURSE SNATCHING,F,35-49,Firearm,1,0.94
PURSE SNATCHING,M,13-17,No weapon / unknown,1,0.94
PURSE SNATCHING,M,65+,No weapon / unknown,1,0.94
PURSE SNATCHING - ATTEMPT,F,25-34,No weapon / unknown,2,16.67
PURSE SNATCHING - ATTEMPT,F,25-34,Personal weapons,2,16.67
PURSE SNATCHING - ATTEMPT,F,50-64,Personal weapons,2,16.67
PURSE SNATCHING - ATTEMPT,F,65+,No weapon / unknown,2,16.67
PURSE SNATCHING - ATTEMPT,F,21-24,Personal weapons,1,8.33
PURSE SNATCHING - ATTEMPT,F,35-49,Personal weapons,1,8.33
PURSE SNATCHING - ATTEMPT,F,65+,Personal weapons,1,8.33
PURSE SNATCHING - ATTEMPT,M,35-49,No weapon / unknown,1,8.33
"RAPE, ATTEMPTED",F,25-34,Personal weapons,84,26.42
"RAPE, ATTEMPTED",F,35-49,Personal weapons,66,20.75
"RAPE, ATTEMPTED",F,21-24,Personal weapons,36,11.32
"RAPE, ATTEMPTED",F,13-17,Personal weapons,34,10.69
"RAPE, ATTEMPTED",F,50-64,Personal weapons,31,9.75
"RAPE, ATTEMPTED",F,65+,Personal weapons,14,4.4
"RAPE, ATTEMPTED",F,18-20,Personal weapons,10,3.14
"RAPE, ATTEMPTED",F,25-34,Other weapon,7,2.2
"RAPE, ATTEMPTED",F,35-49,Other weapon,6,1.89
"RAPE, ATTEMPTED",F,10-12,Personal weapons,5,1.57
"RAPE, ATTEMPTED",F,25-34,Knife / sharp object,4,1.26
"RAPE, ATTEMPTED",F,21-24,Knife / sharp object,3,0.94
"RAPE, ATTEMPTED",F,35-49,Knife / sharp object,3,0.94
"RAPE, ATTEMPTED",F,18-20,Other weapon,2,0.63
"RAPE, ATTEMPTED",F,35-49,Firearm,2,0.63
"RAPE, ATTEMPTED",F,50-64,Other weapon,2,0.63
"RAPE, ATTEMPTED",M,25-34,Other weapon,2,0.63
"RAPE, ATTEMPTED",F,18-20,Firearm,1,0.31
"RAPE, ATTEMPTED",F,21-24,Firearm,1,0.31
"RAPE, ATTEMPTED",F,21-24,Other weapon,1,0.31
"RAPE, ATTEMPTED",F,25-34,Firearm,1,0.31
"RAPE, ATTEMPTED",F,50-64,Knife / sharp object,1,0.31
"RAPE, ATTEMPTED",M,18-20,Personal weapons,1,0.31
"RAPE, ATTEMPTED",M,35-49,Knife / sharp object,1,0.31
"RAPE, FORCIBLE",F,25-34,Personal weapons,939,25.12
"RAPE, FORCIBLE",F,35-49,Personal weapons,666,17.82
"RAPE, FORCIBLE",F,13-17,Personal weapons,567,15.17
"RAPE, FORCIBLE",F,21-24,Personal weapons,483,12.92
"RAPE, FORCIBLE",F,18-20,Personal weapons,425,11.37
"RAPE, FORCIBLE",F,50-64,Personal weapons,198,5.3
"RAPE, FORCIBLE",F,10-12,Personal weapons,97,2.59
"RAPE, FORCIBLE",F,2-9,Personal weapons,56,1.5
"RAPE, FORCIBLE",F,25-34,Other weapon,42,1.12
"RAPE, FORCIBLE",F,65+,Personal weapons,34,0.91
"RAPE, FORCIBLE",F,35-49,Other weapon,30,0.8
"RAPE, FORCIBLE",F,21-24,Other weapon,23,0.62
"RAPE, FORCIBLE",F,13-17,Other weapon,15,0.4
"RAPE, FORCIBLE",F,25-34,Firearm,15,0.4
"RAPE, FORCIBLE",F,21-24,Firearm,13,0.35
"RAPE, FORCIBLE",F,35-49,Knife / sharp object,13,0.35
"RAPE, FORCIBLE",F,25-34,Knife / sharp object,12,0.32
"RAPE, FORCIBLE",F,35-49,Firearm,12,0.32
"RAPE, FORCIBLE",F,18-20,Other weapon,11,0.29
"RAPE, FORCIBLE",M,25-34,Personal weapons,11,0.29
"RAPE, FORCIBLE",F,50-64,Other weapon,10,0.27
"RAPE, FORCIBLE",F,21-24,Knife / sharp object,8,0.21
"RAPE, FORCIBLE",F,18-20,Firearm,7,0.19
"RAPE, FORCIBLE",F,50-64,Knife / sharp object,6,0.16
"RAPE, FORCIBLE",F,13-17,Knife / sharp object,5,0.13
"RAPE, FORCIBLE",F,50-64,Firearm,5,0.13
"RAPE, FORCIBLE",M,18-20,Personal weapons,5,0.13
"RAPE, FORCIBLE",F,13-17,Firearm,4,0.11
"RAPE, FORCIBLE",M,13-17,Personal weapons,4,0.11
"RAPE, FORCIBLE",M,21-24,Personal weapons,4,0.11
"RAPE, FORCIBLE",M,35-49,Personal weapons,3,0.08
"RAPE, FORCIBLE",F,2-9,Other weapon,2,0.05
"RAPE, FORCIBLE",F,18-20,Knife / sharp object,2,0.05
"RAPE, FORCIBLE",M,13-17,Other weapon,2,0.05
"RAPE, FORCIBLE",F,10-12,Firearm,1,0.03
"RAPE, FORCIBLE",F,10-12,Knife / sharp object,1,0.03
"RAPE, FORCIBLE",F,10-12,Other weapon,1,0.03
"RAPE, FORCIBLE",F,21-24,No weapon / unknown,1,0.03
"RAPE, FORCIBLE",F,65+,Other weapon,1,0.03
"RAPE, FORCIBLE",M,10-12,Personal weapons,1,0.03
"RAPE, FORCIBLE",M,13-17,Knife / sharp object,1,0.03
"RAPE, FORCIBLE",M,50-64,Other weapon,1,0.03
"RAPE, FORCIBLE",X,25-34,Personal weapons,1,0.03
RECKLESS DRIVING,X,21-24,No weapon / unknown,10,16.39
RECKLESS DRIVING,M,50-64,No weapon / unknown,8,13.11
RECKLESS DRIVING,M,25-34,No weapon / unknown,7,11.48
RECKLESS DRIVING,M,35-49,No weapon / unknown,7,11.48
RECKLESS DRIVING,F,35-49,No weapon / unknown,5,8.2
RECKLESS DRIVING,M,18-20,No weapon / unknown,4,6.56
RECKLESS DRIVING,F,25-34,No weapon / unknown,3,4.92
RECKLESS DRIVING,M,21-24,No weapon / unknown,3,4.92
RECKLESS DRIVING,F,21-24,No weapon / unknown,2,3.28
RECKLESS DRIVING,F,25-34,Other weapon,2,3.28
RECKLESS DRIVING,F,50-64,No weapon / unknown,2,3.28
RECKLESS DRIVING,M,13-17,No weapon / unknown,2,3.28
RECKLESS DRIVING,X,18-20,No weapon / unknown,2,3.28
RECKLESS DRIVING,F,65+,No weapon / unknown,1,1.64
RECKLESS DRIVING,M,50-64,Other weapon,1,1.64
RECKLESS DRIVING,X,2-9,No weapon / unknown,1,1.64
RECKLESS DRIVING,X,25-34,No weapon / unknown,1,1.64
"REPLICA FIREARMS(SALE,DISPLAY,MANUFACTURE OR DISTRIBUTE)",M,35-49,Firearm,3,33.33
"REPLICA FIREARMS(SALE,DISPLAY,MANUFACTURE OR DISTRIBUTE)",F,18-20,Other weapon,1,11.11
"REPLICA FIREARMS(SALE,DISPLAY,MANUFACTURE OR DISTRIBUTE)",F,21-24,No weapon / unknown,1,11.11
"REPLICA FIREARMS(SALE,DISPLAY,MANUFACTURE OR DISTRIBUTE)",F,25-34,Firearm,1,11.11
"REPLICA FIREARMS(SALE,DISPLAY,MANUFACTURE OR DISTRIBUTE)",F,25-34,Other weapon,1,11.11
"REPLICA FIREARMS(SALE,DISPLAY,MANUFACTURE OR DISTRIBUTE)",M,25-34,Firearm,1,11.11
"REPLICA FIREARMS(SALE,DISPLAY,MANUFACTURE OR DISTRIBUTE)",M,25-34,Other weapon,1,11.11
RESISTING ARREST,M,35-49,Personal weapons,48,23.76
RESISTING ARREST,M,25-34,Personal weapons,42,20.79
RESISTING ARREST,X,21-24,Personal weapons,29,14.36
RESISTING ARREST,M,21-24,Personal weapons,13,6.44
RESISTING ARREST,M,50-64,Personal weapons,12,5.94
RESISTING ARREST,F,25-34,Personal weapons,10,4.95
RESISTING ARREST,M,25-34,Other weapon,6,2.97
RESISTING ARREST,M,35-49,Other weapon,6,2.97
RESISTING ARREST,X,18-20,Personal weapons,5,2.48
RESISTING ARREST,M,2-9,Personal weapons,4,1.98
RESISTING ARREST,F,35-49,Personal weapons,3,1.49
RESISTING ARREST,M,18-20,Personal weapons,3,1.49
RESISTING ARREST,X,21-24,Other weapon,3,1.49
RESISTING ARREST,F,18-20,Personal weapons,2,0.99
RESISTING ARREST,F,21-24,Personal weapons,2,0.99
RESISTING ARREST,F,25-34,Other weapon,2,0.99
RESISTING ARREST,M,18-20,No weapon / unknown,2,0.99
RESISTING ARREST,M,35-49,No weapon / unknown,2,0.99
RESISTING ARREST,M,50-64,Other weapon,2,0.99
RESISTING ARREST,F,35-49,Other weapon,1,0.5
RESISTING ARREST,F,50-64,Personal weapons,1,0.5
RESISTING ARREST,M,13-17,Personal weapons,1,0.5
RESISTING ARREST,M,18-20,Other weapon,1,0.5
RESISTING ARREST,X,18-20,Other weapon,1,0.5
RESISTING ARREST,X,25-34,Personal weapons,1,0.5
ROBBERY,M,35-49,Personal weapons,1839,7.12
ROBBERY,M,25-34,Personal weapons,1629,6.31
ROBBERY,M,25-34,Firearm,1512,5.86
ROBBERY,M,35-49,Firearm,1378,5.34
ROBBERY,M,50-64,Personal weapons,1261,4.88
ROBBERY,F,25-34,Personal weapons,1258,4.87
ROBBERY,F,35-49,Personal weapons,1197,4.64
ROBBERY,M,35-49,Other weapon,1176,4.55
ROBBERY,M,25-34,Other weapon,1150,4.45
ROBBERY,F,50-64,Personal weapons,834,3.23
ROBBERY,M,50-64,Other weapon,790,3.06
ROBBERY,M,21-24,Firearm,643,2.49
ROBBERY,M,50-64,Firearm,633,2.45
ROBBERY,M,21-24,Personal weapons,597,2.31
ROBBERY,F,21-24,Personal weapons,542,2.1
ROBBERY,M,65+,Personal weapons,512,1.98
ROBBERY,M,25-34,Knife / sharp object,490,1.9
ROBBERY,M,35-49,Knife / sharp object,471,1.82
ROBBERY,M,13-17,Personal weapons,467,1.81
ROBBERY,M,21-24,Other weapon,432,1.67
ROBBERY,F,25-34,Firearm,378,1.46
ROBBERY,F,35-49,Other weapon,365,1.41
ROBBERY,M,18-20,Personal weapons,361,1.4
ROBBERY,M,18-20,Firearm,345,1.34
ROBBERY,F,25-34,Other weapon,336,1.3
ROBBERY,F,65+,Personal weapons,336,1.3
ROBBERY,F,35-49,Firearm,303,1.17
ROBBERY,F,18-20,Personal weapons,301,1.17
ROBBERY,M,50-64,Knife / sharp object,286,1.11
ROBBERY,M,18-20,Other weapon,259,1.0
ROBBERY,M,13-17,Firearm,251,0.97
ROBBERY,F,13-17,Personal weapons,224,0.87
ROBBERY,M,65+,Other weapon,210,0.81
ROBBERY,M,13-17,Other weapon,197,0.76
ROBBERY,F,50-64,Other weapon,181,0.7
ROBBERY,F,21-24,Firearm,164,0.64
ROBBERY,F,50-64,Firearm,159,0.62
ROBBERY,M,65+,Firearm,153,0.59
ROBBERY,X,21-24,Personal weapons,146,0.57
ROBBERY,M,21-24,Knife / sharp object,142,0.55
ROBBERY,F,21-24,Other weapon,122,0.47
ROBBERY,F,35-49,Knife / sharp object,117,0.45
ROBBERY,M,18-20,Knife / sharp object,113,0.44
ROBBERY,X,21-24,Other weapon,113,0.44
ROBBERY,F,25-34,Knife / sharp object,107,0.41
ROBBERY,F,18-20,Firearm,99,0.38
ROBBERY,F,50-64,Knife / sharp object,85,0.33
ROBBERY,M,13-17,Knife / sharp object,79,0.31
ROBBERY,F,65+,Other weapon,76,0.29
ROBBERY,X,18-20,Personal weapons,76,0.29
ROBBERY,M,65+,Knife / sharp object,72,0.28
ROBBERY,M,35-49,Blunt object,71,0.27
ROBBERY,X,21-24,Firearm,67,0.26
ROBBERY,F,18-20,Other weapon,64,0.25
ROBBERY,M,25-34,Blunt object,61,0.24
ROBBERY,M,50-64,Blunt object,60,0.23
ROBBERY,X,18-20,Other weapon,52,0.2
ROBBERY,F,65+,Firearm,44,0.17
ROBBERY,X,18-20,Firearm,36,0.14
ROBBERY,F,21-24,Knife / sharp object,35,0.14
ROBBERY,F,13-17,Other weapon,32,0.12
ROBBERY,F,13-17,Firearm,30,0.12
ROBBERY,M,10-12,Personal weapons,27,0.1
ROBBERY,X,21-24,Knife / sharp object,27,0.1
ROBBERY,F,65+,Knife / sharp object,25,0.1
ROBBERY,X,18-20,Knife / sharp object,24,0.09
ROBBERY,M,18-20,Blunt object,21,0.08
ROBBERY,F,18-20,Knife / sharp object,19,0.07
ROBBERY,M,21-24,Blunt object,18,0.07
ROBBERY,M,65+,Blunt object,14,0.05
ROBBERY,F,10-12,Personal weapons,13,0.05
ROBBERY,F,13-17,Knife / sharp object,10,0.04
ROBBERY,F,50-64,Blunt object,10,0.04
ROBBERY,F,35-49,Blunt object,8,0.03
ROBBERY,M,10-12,Other weapon,8,0.03
ROBBERY,X,21-24,Blunt object,7,0.03
ROBBERY,M,10-12,Firearm,6,0.02
ROBBERY,F,2-9,Personal weapons,5,0.02
ROBBERY,F,21-24,Blunt object,5,0.02
ROBBERY,F,25-34,Blunt object,5,0.02
ROBBERY,M,2-9,Personal weapons,5,0.02
ROBBERY,F,65+,Blunt object,4,0.02
ROBBERY,X,25-34,Personal weapons,4,0.02
ROBBERY,X,35-49,Personal weapons,4,0.02
ROBBERY,M,13-17,Blunt object,3,0.01
ROBBERY,X,50-64,Personal weapons,3,0.01
ROBBERY,F,10-12,Firearm,2,0.01
ROBBERY,M,10-12,Knife / sharp object,2,0.01
ROBBERY,X,25-34,Other weapon,2,0.01
ROBBERY,X,35-49,Firearm,2,0.01
ROBBERY,X,35-49,Other weapon,2,0.01
ROBBERY,X,50-64,Firearm,2,0.01
ROBBERY,F,2-9,Firearm,1,0.0
ROBBERY,F,2-9,Other weapon,1,0.0
ROBBERY,F,10-12,Other weapon,1,0.0
ROBBERY,F,13-17,Blunt object,1,0.0
ROBBERY,F,18-20,Blunt object,1,0.0
ROBBERY,M,2-9,Firearm,1,0.0
ROBBERY,M,2-9,Other weapon,1,0.0
ROBBERY,X,10-12,Other weapon,1,0.0
ROBBERY,X,18-20,Blunt object,1,0.0
ROBBERY,X,25-34,Firearm,1,0.0
ROBBERY,X,35-49,Knife / sharp object,1,0.0
ROBBERY,X,65+,Firearm,1,0.0
ROBBERY,X,65+,Other weapon,1,0.0
ROBBERY,X,65+,Personal weapons,1,0.0
SEX OFFENDER REGISTRANT OUT OF COMPLIANCE,X,21-24,No weapon / unknown,59,34.71
SEX OFFENDER REGISTRANT OUT OF COMPLIANCE,M,35-49,No weapon / unknown,34,20.0
SEX OFFENDER REGISTRANT OUT OF COMPLIANCE,M,50-64,No weapon / unknown,22,12.94
SEX OFFENDER REGISTRANT OUT OF COMPLIANCE,X,18-20,No weapon / unknown,21,12.35
SEX OFFENDER REGISTRANT OUT OF COMPLIANCE,M,25-34,No weapon / unknown,19,11.18
SEX OFFENDER REGISTRANT OUT OF COMPLIANCE,M,18-20,No weapon / unknown,5,2.94
SEX OFFENDER REGISTRANT OUT OF COMPLIANCE,M,65+,No weapon / unknown,5,2.94
SEX OFFENDER REGISTRANT OUT OF COMPLIANCE,F,35-49,No weapon / unknown,2,1.18
SEX OFFENDER REGISTRANT OUT OF COMPLIANCE,F,18-20,Personal weapons,1,0.59
SEX OFFENDER REGISTRANT OUT OF COMPLIANCE,M,21-24,No weapon / unknown,1,0.59
SEX OFFENDER REGISTRANT OUT OF COMPLIANCE,X,65+,No weapon / unknown,1,0.59
"SEX,UNLAWFUL(INC MUTUAL CONSENT, PENETRATION W/ FRGN OBJ",F,13-17,No weapon / unknown,533,50.28
"SEX,UNLAWFUL(INC MUTUAL CONSENT, PENETRATION W/ FRGN OBJ",F,13-17,Personal weapons,305,28.77
"SEX,UNLAWFUL(INC MUTUAL CONSENT, PENETRATION W/ FRGN OBJ",M,13-17,No weapon / unknown,81,7.64
"SEX,UNLAWFUL(INC MUTUAL CONSENT, PENETRATION W/ FRGN OBJ",M,13-17,Personal weapons,30,2.83
"SEX,UNLAWFUL(INC MUTUAL CONSENT, PENETRATION W/ FRGN OBJ",F,10-12,No weapon / unknown,20,1.89
"SEX,UNLAWFUL(INC MUTUAL CONSENT, PENETRATION W/ FRGN OBJ",F,10-12,Personal weapons,14,1.32
"SEX,UNLAWFUL(INC MUTUAL CONSENT, PENETRATION W/ FRGN OBJ",F,13-17,Other weapon,13,1.23
"SEX,UNLAWFUL(INC MUTUAL CONSENT, PENETRATION W/ FRGN OBJ",F,25-34,Personal weapons,10,0.94
"SEX,UNLAWFUL(INC MUTUAL CONSENT, PENETRATION W/ FRGN OBJ",F,35-49,No weapon / unknown,6,0.57
"SEX,UNLAWFUL(INC MUTUAL CONSENT, PENETRATION W/ FRGN OBJ",F,35-49,Personal weapons,6,0.57
"SEX,UNLAWFUL(INC MUTUAL CONSENT, PENETRATION W/ FRGN OBJ",F,2-9,Personal weapons,5,0.47
"SEX,UNLAWFUL(INC MUTUAL CONSENT, PENETRATION W/ FRGN OBJ",F,25-34,No weapon / unknown,5,0.47
"SEX,UNLAWFUL(INC MUTUAL CONSENT, PENETRATION W/ FRGN OBJ",M,25-34,Personal weapons,4,0.38
"SEX,UNLAWFUL(INC MUTUAL CONSENT, PENETRATION W/ FRGN OBJ",F,21-24,No weapon / unknown,3,0.28
"SEX,UNLAWFUL(INC MUTUAL CONSENT, PENETRATION W/ FRGN OBJ",F,50-64,Personal weapons,3,0.28
"SEX,UNLAWFUL(INC MUTUAL CONSENT, PENETRATION W/ FRGN OBJ",M,13-17,Other weapon,3,0.28
"SEX,UNLAWFUL(INC MUTUAL CONSENT, PENETRATION W/ FRGN OBJ",F,18-20,No weapon / unknown,2,0.19
"SEX,UNLAWFUL(INC MUTUAL CONSENT, PENETRATION W/ FRGN OBJ",F,50-64,Other weapon,2,0.19
"SEX,UNLAWFUL(INC MUTUAL CONSENT, PENETRATION W/ FRGN OBJ",M,10-12,Personal weapons,2,0.19
"SEX,UNLAWFUL(INC MUTUAL CONSENT, PENETRATION W/ FRGN OBJ",M,35-49,No weapon / unknown,2,0.19
"SEX,UNLAWFUL(INC MUTUAL CONSENT, PENETRATION W/ FRGN OBJ",F,2-9,No weapon / unknown,1,0.09
"SEX,UNLAWFUL(INC MUTUAL CONSENT, PENETRATION W/ FRGN OBJ",F,18-20,Personal weapons,1,0.09
"SEX,UNLAWFUL(INC MUTUAL CONSENT, PENETRATION W/ FRGN OBJ",F,21-24,Personal weapons,1,0.09
"SEX,UNLAWFUL(INC MUTUAL CONSENT, PENETRATION W/ FRGN OBJ",F,25-34,Other weapon,1,0.09
"SEX,UNLAWFUL(INC MUTUAL CONSENT, PENETRATION W/ FRGN OBJ",F,35-49,Other weapon,1,0.09
"SEX,UNLAWFUL(INC MUTUAL CONSENT, PENETRATION W/ FRGN OBJ",F,50-64,No weapon / unknown,1,0.09
"SEX,UNLAWFUL(INC MUTUAL CONSENT, PENETRATION W/ FRGN OBJ",F,65+,Personal weapons,1,0.09
"SEX,UNLAWFUL(INC MUTUAL CONSENT, PENETRATION W/ FRGN OBJ",M,10-12,No weapon / unknown,1,0.09
"SEX,UNLAWFUL(INC MUTUAL CONSENT, PENETRATION W/ FRGN OBJ",M,18-20,No weapon / unknown,1,0.09
"SEX,UNLAWFUL(INC MUTUAL CONSENT, PENETRATION W/ FRGN OBJ",M,25-34,Other weapon,1,0.09
"SEX,UNLAWFUL(INC MUTUAL CONSENT, PENETRATION W/ FRGN OBJ",M,35-49,Personal weapons,1,0.09
SEXUAL PENETRATION W/FOREIGN OBJECT,F,25-34,Personal weapons,235,17.9
SEXUAL PENETRATION W/FOREIGN OBJECT,F,13-17,Personal weapons,165,12.57
SEXUAL PENETRATION W/FOREIGN OBJECT,F,35-49,Personal weapons,137,10.43
SEXUAL PENETRATION W/FOREIGN OBJECT,F,2-9,Personal weapons,117,8.91
SEXUAL PENETRATION W/FOREIGN OBJECT,F,21-24,Personal weapons,116,8.83
SEXUAL PENETRATION W/FOREIGN OBJECT,F,18-20,Personal weapons,77,5.86
SEXUAL PENETRATION W/FOREIGN OBJECT,F,50-64,Personal weapons,69,5.26
SEXUAL PENETRATION W/FOREIGN OBJECT,F,10-12,Personal weapons,56,4.27
SEXUAL PENETRATION W/FOREIGN OBJECT,F,25-34,Other weapon,37,2.82
SEXUAL PENETRATION W/FOREIGN OBJECT,F,35-49,Other weapon,31,2.36
SEXUAL PENETRATION W/FOREIGN OBJECT,F,65+,Personal weapons,27,2.06
SEXUAL PENETRATION W/FOREIGN OBJECT,F,21-24,Other weapon,23,1.75
SEXUAL PENETRATION W/FOREIGN OBJECT,M,2-9,Personal weapons,19,1.45
SEXUAL PENETRATION W/FOREIGN OBJECT,M,35-49,Other weapon,19,1.45
SEXUAL PENETRATION W/FOREIGN OBJECT,M,25-34,Personal weapons,18,1.37
SEXUAL PENETRATION W/FOREIGN OBJECT,M,35-49,Personal weapons,15,1.14
SEXUAL PENETRATION W/FOREIGN OBJECT,F,13-17,Other weapon,13,0.99
SEXUAL PENETRATION W/FOREIGN OBJECT,F,25-34,No weapon / unknown,13,0.99
SEXUAL PENETRATION W/FOREIGN OBJECT,M,21-24,Personal weapons,12,0.91
SEXUAL PENETRATION W/FOREIGN OBJECT,M,25-34,Other weapon,10,0.76
SEXUAL PENETRATION W/FOREIGN OBJECT,F,18-20,Other weapon,9,0.69
SEXUAL PENETRATION W/FOREIGN OBJECT,F,50-64,Other weapon,9,0.69
SEXUAL PENETRATION W/FOREIGN OBJECT,F,18-20,No weapon / unknown,7,0.53
SEXUAL PENETRATION W/FOREIGN OBJECT,M,50-64,Personal weapons,7,0.53
SEXUAL PENETRATION W/FOREIGN OBJECT,F,21-24,No weapon / unknown,6,0.46
SEXUAL PENETRATION W/FOREIGN OBJECT,F,35-49,No weapon / unknown,6,0.46
SEXUAL PENETRATION W/FOREIGN OBJECT,M,13-17,Personal weapons,5,0.38
SEXUAL PENETRATION W/FOREIGN OBJECT,F,2-9,Other weapon,4,0.3
SEXUAL PENETRATION W/FOREIGN OBJECT,M,18-20,Other weapon,4,0.3
SEXUAL PENETRATION W/FOREIGN OBJECT,M,21-24,Other weapon,4,0.3
SEXUAL PENETRATION W/FOREIGN OBJECT,M,50-64,Other weapon,4,0.3
SEXUAL PENETRATION W/FOREIGN OBJECT,M,65+,Personal weapons,4,0.3
SEXUAL PENETRATION W/FOREIGN OBJECT,F,10-12,Other weapon,3,0.23
SEXUAL PENETRATION W/FOREIGN OBJECT,F,50-64,No weapon / unknown,3,0.23
SEXUAL PENETRATION W/FOREIGN OBJECT,F,65+,Other weapon,3,0.23
SEXUAL PENETRATION W/FOREIGN OBJECT,M,10-12,Personal weapons,3,0.23
SEXUAL PENETRATION W/FOREIGN OBJECT,M,65+,Other weapon,3,0.23
SEXUAL PENETRATION W/FOREIGN OBJECT,F,21-24,Firearm,2,0.15
SEXUAL PENETRATION W/FOREIGN OBJECT,F,2-9,No weapon / unknown,1,0.08
SEXUAL PENETRATION W/FOREIGN OBJECT,F,10-12,Firearm,1,0.08
SEXUAL PENETRATION W/FOREIGN OBJECT,F,18-20,Blunt object,1,0.08
SEXUAL PENETRATION W/FOREIGN OBJECT,F,18-20,Firearm,1,0.08
SEXUAL PENETRATION W/FOREIGN OBJECT,F,18-20,Knife / sharp object,1,0.08
SEXUAL PENETRATION W/FOREIGN OBJECT,F,21-24,Knife / sharp object,1,0.08
SEXUAL PENETRATION W/FOREIGN OBJECT,F,25-34,Blunt object,1,0.08
SEXUAL PENETRATION W/FOREIGN OBJECT,F,35-49,Blunt object,1,0.08
SEXUAL PENETRATION W/FOREIGN OBJECT,F,35-49,Firearm,1,0.08
SEXUAL PENETRATION W/FOREIGN OBJECT,F,35-49,Knife / sharp object,1,0.08
SEXUAL PENETRATION W/FOREIGN OBJECT,M,2-9,Knife / sharp object,1,0.08
SEXUAL PENETRATION W/FOREIGN OBJECT,M,2-9,Other weapon,1,0.08
SEXUAL PENETRATION W/FOREIGN OBJECT,M,13-17,Other weapon,1,0.08
SEXUAL PENETRATION W/FOREIGN OBJECT,M,18-20,Personal weapons,1,0.08
SEXUAL PENETRATION W/FOREIGN OBJECT,M,25-34,Blunt object,1,0.08
SEXUAL PENETRATION W/FOREIGN OBJECT,M,35-49,Knife / sharp object,1,0.08
SEXUAL PENETRATION W/FOREIGN OBJECT,M,35-49,No weapon / unknown,1,0.08
SEXUAL PENETRATION W/FOREIGN OBJECT,M,50-64,Firearm,1,0.08
SHOPLIFTING - ATTEMPT,X,21-24,No weapon / unknown,8,19.51
SHOPLIFTING - ATTEMPT,M,35-49,No weapon / unknown,7,17.07
SHOPLIFTING - ATTEMPT,M,25-34,No weapon / unknown,4,9.76
SHOPLIFTING - ATTEMPT,M,50-64,No weapon / unknown,4,9.76
SHOPLIFTING - ATTEMPT,F,50-64,No weapon / unknown,3,7.32
SHOPLIFTING - ATTEMPT,M,21-24,No weapon / unknown,3,7.32
SHOPLIFTING - ATTEMPT,X,18-20,No weapon / unknown,2,4.88
SHOPLIFTING - ATTEMPT,F,18-20,No weapon / unknown,1,2.44
SHOPLIFTING - ATTEMPT,F,21-24,No weapon / unknown,1,2.44
SHOPLIFTING - ATTEMPT,F,21-24,Personal weapons,1,2.44
SHOPLIFTING - ATTEMPT,F,25-34,Personal weapons,1,2.44
SHOPLIFTING - ATTEMPT,M,13-17,No weapon / unknown,1,2.44
SHOPLIFTING - ATTEMPT,M,21-24,Personal weapons,1,2.44
SHOPLIFTING - ATTEMPT,M,25-34,Blunt object,1,2.44
SHOPLIFTING - ATTEMPT,M,25-34,Personal weapons,1,2.44
SHOPLIFTING - ATTEMPT,M,50-64,Other weapon,1,2.44
SHOPLIFTING - ATTEMPT,M,65+,Personal weapons,1,2.44
SHOPLIFTING - PETTY THEFT ($950 & UNDER),M,35-49,No weapon / unknown,1933,20.59
SHOPLIFTING - PETTY THEFT ($950 & UNDER),M,25-34,No weapon / unknown,1446,15.4
SHOPLIFTING - PETTY THEFT ($950 & UNDER),X,21-24,No weapon / unknown,1422,15.15
SHOPLIFTING - PETTY THEFT ($950 & UNDER),M,21-24,No weapon / unknown,1214,12.93
SHOPLIFTING - PETTY THEFT ($950 & UNDER),M,50-64,No weapon / unknown,972,10.35
SHOPLIFTING - PETTY THEFT ($950 & UNDER),F,25-34,No weapon / unknown,599,6.38
SHOPLIFTING - PETTY THEFT ($950 & UNDER),M,18-20,No weapon / unknown,352,3.75
SHOPLIFTING - PETTY THEFT ($950 & UNDER),X,18-20,No weapon / unknown,325,3.46
SHOPLIFTING - PETTY THEFT ($950 & UNDER),F,35-49,No weapon / unknown,321,3.42
SHOPLIFTING - PETTY THEFT ($950 & UNDER),F,21-24,No weapon / unknown,314,3.34
SHOPLIFTING - PETTY THEFT ($950 & UNDER),F,18-20,No weapon / unknown,126,1.34
SHOPLIFTING - PETTY THEFT ($950 & UNDER),X,25-34,No weapon / unknown,82,0.87
SHOPLIFTING - PETTY THEFT ($950 & UNDER),F,50-64,No weapon / unknown,78,0.83
SHOPLIFTING - PETTY THEFT ($950 & UNDER),X,35-49,No weapon / unknown,38,0.4
SHOPLIFTING - PETTY THEFT ($950 & UNDER),M,65+,No weapon / unknown,32,0.34
SHOPLIFTING - PETTY THEFT ($950 & UNDER),X,65+,No weapon / unknown,14,0.15
SHOPLIFTING - PETTY THEFT ($950 & UNDER),F,65+,No weapon / unknown,12,0.13
SHOPLIFTING - PETTY THEFT ($950 & UNDER),M,35-49,Personal weapons,10,0.11
SHOPLIFTING - PETTY THEFT ($950 & UNDER),X,18-20,Personal weapons,10,0.11
SHOPLIFTING - PETTY THEFT ($950 & UNDER),X,21-24,Other weapon,8,0.09
SHOPLIFTING - PETTY THEFT ($950 & UNDER),X,21-24,Personal weapons,8,0.09
SHOPLIFTING - PETTY THEFT ($950 & UNDER),M,25-34,Personal weapons,7,0.07
SHOPLIFTING - PETTY THEFT ($950 & UNDER),X,50-64,No weapon / unknown,7,0.07
SHOPLIFTING - PETTY THEFT ($950 & UNDER),M,35-49,Other weapon,6,0.06
SHOPLIFTING - PETTY THEFT ($950 & UNDER),F,25-34,Personal weapons,5,0.05
SHOPLIFTING - PETTY THEFT ($950 & UNDER),M,13-17,No weapon / unknown,4,0.04
SHOPLIFTING - PETTY THEFT ($950 & UNDER),M,25-34,Other weapon,4,0.04
SHOPLIFTING - PETTY THEFT ($950 & UNDER),F,21-24,Other weapon,3,0.03
SHOPLIFTING - PETTY THEFT ($950 & UNDER),F,21-24,Personal weapons,3,0.03
SHOPLIFTING - PETTY THEFT ($950 & UNDER),F,13-17,No weapon / unknown,2,0.02
SHOPLIFTING - PETTY THEFT ($950 & UNDER),F,35-49,Other weapon,2,0.02
SHOPLIFTING - PETTY THEFT ($950 & UNDER),F,35-49,Personal weapons,2,0.02
SHOPLIFTING - PETTY THEFT ($950 & UNDER),F,50-64,Other weapon,2,0.02
SHOPLIFTING - PETTY THEFT ($950 & UNDER),F,50-64,Personal weapons,2,0.02
SHOPLIFTING - PETTY THEFT ($950 & UNDER),M,21-24,Other weapon,2,0.02
SHOPLIFTING - PETTY THEFT ($950 & UNDER),M,21-24,Personal weapons,2,0.02
SHOPLIFTING - PETTY THEFT ($950 & UNDER),M,25-34,Knife / sharp object,2,0.02
SHOPLIFTING - PETTY THEFT ($950 & UNDER),M,50-64,Other weapon,2,0.02
SHOPLIFTING - PETTY THEFT ($950 & UNDER),X,18-20,Other weapon,2,0.02
SHOPLIFTING - PETTY THEFT ($950 & UNDER),F,2-9,No weapon / unknown,1,0.01
SHOPLIFTING - PETTY THEFT ($950 & UNDER),F,25-34,Other weapon,1,0.01
SHOPLIFTING - PETTY THEFT ($950 & UNDER),M,2-9,No weapon / unknown,1,0.01
SHOPLIFTING - PETTY THEFT ($950 & UNDER),M,13-17,Personal weapons,1,0.01
SHOPLIFTING - PETTY THEFT ($950 & UNDER),M,35-49,Firearm,1,0.01
SHOPLIFTING - PETTY THEFT ($950 & UNDER),M,35-49,Knife / sharp object,1,0.01
SHOPLIFTING - PETTY THEFT ($950 & UNDER),M,50-64,Personal weapons,1,0.01
SHOPLIFTING - PETTY THEFT ($950 & UNDER),M,65+,Personal weapons,1,0.01
SHOPLIFTING - PETTY THEFT ($950 & UNDER),X,2-9,No weapon / unknown,1,0.01
SHOPLIFTING - PETTY THEFT ($950 & UNDER),X,10-12,No weapon / unknown,1,0.01
SHOPLIFTING - PETTY THEFT ($950 & UNDER),X,18-20,Firearm,1,0.01
SHOPLIFTING - PETTY THEFT ($950 & UNDER),X,18-20,Knife / sharp object,1,0.01
SHOPLIFTING - PETTY THEFT ($950 & UNDER),X,21-24,Knife / sharp object,1,0.01
SHOPLIFTING - PETTY THEFT ($950 & UNDER),X,25-34,Personal weapons,1,0.01
SHOPLIFTING-GRAND THEFT ($950.01 & OVER),M,35-49,No weapon / unknown,523,28.41
SHOPLIFTING-GRAND THEFT ($950.01 & OVER),M,25-34,No weapon / unknown,266,14.45
SHOPLIFTING-GRAND THEFT ($950.01 & OVER),X,21-24,No weapon / unknown,243,13.2
SHOPLIFTING-GRAND THEFT ($950.01 & OVER),M,50-64,No weapon / unknown,224,12.17
SHOPLIFTING-GRAND THEFT ($950.01 & OVER),F,25-34,No weapon / unknown,149,8.09
SHOPLIFTING-GRAND THEFT ($950.01 & OVER),M,21-24,No weapon / unknown,148,8.04
SHOPLIFTING-GRAND THEFT ($950.01 & OVER),F,35-49,No weapon / unknown,74,4.02
SHOPLIFTING-GRAND THEFT ($950.01 & OVER),M,18-20,No weapon / unknown,51,2.77
SHOPLIFTING-GRAND THEFT ($950.01 & OVER),F,21-24,No weapon / unknown,46,2.5
SHOPLIFTING-GRAND THEFT ($950.01 & OVER),X,18-20,No weapon / unknown,27,1.47
SHOPLIFTING-GRAND THEFT ($950.01 & OVER),F,50-64,No weapon / unknown,26,1.41
SHOPLIFTING-GRAND THEFT ($950.01 & OVER),X,25-34,No weapon / unknown,14,0.76
SHOPLIFTING-GRAND THEFT ($950.01 & OVER),M,65+,No weapon / unknown,11,0.6
SHOPLIFTING-GRAND THEFT ($950.01 & OVER),F,18-20,No weapon / unknown,8,0.43
SHOPLIFTING-GRAND THEFT ($950.01 & OVER),F,65+,No weapon / unknown,7,0.38
SHOPLIFTING-GRAND THEFT ($950.01 & OVER),X,35-49,No weapon / unknown,7,0.38
SHOPLIFTING-GRAND THEFT ($950.01 & OVER),M,25-34,Personal weapons,3,0.16
SHOPLIFTING-GRAND THEFT ($950.01 & OVER),X,21-24,Personal weapons,2,0.11
SHOPLIFTING-GRAND THEFT ($950.01 & OVER),X,50-64,No weapon / unknown,2,0.11
SHOPLIFTING-GRAND THEFT ($950.01 & OVER),F,18-20,Personal weapons,1,0.05
SHOPLIFTING-GRAND THEFT ($950.01 & OVER),F,35-49,Firearm,1,0.05
SHOPLIFTING-GRAND THEFT ($950.01 & OVER),M,13-17,No weapon / unknown,1,0.05
SHOPLIFTING-GRAND THEFT ($950.01 & OVER),M,21-24,Personal weapons,1,0.05
SHOPLIFTING-GRAND THEFT ($950.01 & OVER),M,25-34,Other weapon,1,0.05
SHOPLIFTING-GRAND THEFT ($950.01 & OVER),M,35-49,Knife / sharp object,1,0.05
SHOPLIFTING-GRAND THEFT ($950.01 & OVER),M,35-49,Personal weapons,1,0.05
SHOPLIFTING-GRAND THEFT ($950.01 & OVER),M,50-64,Firearm,1,0.05
SHOPLIFTING-GRAND THEFT ($950.01 & OVER),X,18-20,Other weapon,1,0.05
SHOPLIFTING-GRAND THEFT ($950.01 & OVER),X,65+,No weapon / unknown,1,0.05
SHOTS FIRED AT INHABITED DWELLING,F,35-49,Firearm,203,13.54
SHOTS FIRED AT INHABITED DWELLING,M,35-49,Firearm,198,13.21
SHOTS FIRED AT INHABITED DWELLING,F,50-64,Firearm,141,9.41
SHOTS FIRED AT INHABITED DWELLING,M,25-34,Firearm,129,8.61
SHOTS FIRED AT INHABITED DWELLING,M,50-64,Firearm,123,8.21
SHOTS FIRED AT INHABITED DWELLING,F,25-34,Firearm,119,7.94
SHOTS FIRED AT INHABITED DWELLING,F,65+,Firearm,62,4.14
SHOTS FIRED AT INHABITED DWELLING,M,65+,Firearm,51,3.4
SHOTS FIRED AT INHABITED DWELLING,F,35-49,Other weapon,47,3.14
SHOTS FIRED AT INHABITED DWELLING,F,21-24,Firearm,34,2.27
SHOTS FIRED AT INHABITED DWELLING,M,21-24,Firearm,28,1.87
SHOTS FIRED AT INHABITED DWELLING,M,35-49,Other weapon,28,1.87
SHOTS FIRED AT INHABITED DWELLING,M,50-64,Other weapon,27,1.8
SHOTS FIRED AT INHABITED DWELLING,F,18-20,Firearm,26,1.73
SHOTS FIRED AT INHABITED DWELLING,F,50-64,Other weapon,25,1.67
SHOTS FIRED AT INHABITED DWELLING,F,25-34,Other weapon,23,1.53
SHOTS FIRED AT INHABITED DWELLING,M,18-20,Firearm,22,1.47
SHOTS FIRED AT INHABITED DWELLING,F,2-9,Firearm,19,1.27
SHOTS FIRED AT INHABITED DWELLING,M,2-9,Firearm,17,1.13
SHOTS FIRED AT INHABITED DWELLING,M,25-34,Other weapon,17,1.13
SHOTS FIRED AT INHABITED DWELLING,M,13-17,Firearm,16,1.07
SHOTS FIRED AT INHABITED DWELLING,F,13-17,Firearm,13,0.87
SHOTS FIRED AT INHABITED DWELLING,X,21-24,Firearm,13,0.87
SHOTS FIRED AT INHABITED DWELLING,F,10-12,Firearm,11,0.73
SHOTS FIRED AT INHABITED DWELLING,F,65+,Other weapon,11,0.73
SHOTS FIRED AT INHABITED DWELLING,M,65+,Other weapon,10,0.67
SHOTS FIRED AT INHABITED DWELLING,M,21-24,Other weapon,8,0.53
SHOTS FIRED AT INHABITED DWELLING,M,10-12,Firearm,7,0.47
SHOTS FIRED AT INHABITED DWELLING,X,18-20,Firearm,7,0.47
SHOTS FIRED AT INHABITED DWELLING,X,35-49,Firearm,7,0.47
SHOTS FIRED AT INHABITED DWELLING,F,21-24,Other weapon,5,0.33
SHOTS FIRED AT INHABITED DWELLING,X,2-9,Firearm,5,0.33
SHOTS FIRED AT INHABITED DWELLING,X,25-34,Firearm,5,0.33
SHOTS FIRED AT INHABITED DWELLING,F,10-12,Other weapon,4,0.27
SHOTS FIRED AT INHABITED DWELLING,M,10-12,Other weapon,4,0.27
SHOTS FIRED AT INHABITED DWELLING,M,13-17,Other weapon,4,0.27
SHOTS FIRED AT INHABITED DWELLING,X,13-17,Firearm,4,0.27
SHOTS FIRED AT INHABITED DWELLING,F,2-9,Other weapon,3,0.2
SHOTS FIRED AT INHABITED DWELLING,F,18-20,Other weapon,3,0.2
SHOTS FIRED AT INHABITED DWELLING,X,21-24,Other weapon,3,0.2
SHOTS FIRED AT INHABITED DWELLING,X,50-64,Firearm,3,0.2
SHOTS FIRED AT INHABITED DWELLING,F,13-17,Other weapon,2,0.13
SHOTS FIRED AT INHABITED DWELLING,M,2-9,Other weapon,2,0.13
SHOTS FIRED AT INHABITED DWELLING,X,10-12,Firearm,2,0.13
SHOTS FIRED AT INHABITED DWELLING,X,65+,Firearm,2,0.13
SHOTS FIRED AT INHABITED DWELLING,F,50-64,Personal weapons,1,0.07
SHOTS FIRED AT INHABITED DWELLING,M,18-20,Other weapon,1,0.07
SHOTS FIRED AT INHABITED DWELLING,M,50-64,Personal weapons,1,0.07
SHOTS FIRED AT INHABITED DWELLING,X,10-12,Other weapon,1,0.07
SHOTS FIRED AT INHABITED DWELLING,X,13-17,Other weapon,1,0.07
SHOTS FIRED AT INHABITED DWELLING,X,35-49,Other weapon,1,0.07
"SHOTS FIRED AT MOVING VEHICLE, TRAIN OR AIRCRAFT",M,25-34,Firearm,72,19.0
"SHOTS FIRED AT MOVING VEHICLE, TRAIN OR AIRCRAFT",M,35-49,Firearm,45,11.87
"SHOTS FIRED AT MOVING VEHICLE, TRAIN OR AIRCRAFT",M,21-24,Firearm,41,10.82
"SHOTS FIRED AT MOVING VEHICLE, TRAIN OR AIRCRAFT",F,25-34,Firearm,29,7.65
"SHOTS FIRED AT MOVING VEHICLE, TRAIN OR AIRCRAFT",M,25-34,Other weapon,18,4.75
"SHOTS FIRED AT MOVING VEHICLE, TRAIN OR AIRCRAFT",M,18-20,Firearm,16,4.22
"SHOTS FIRED AT MOVING VEHICLE, TRAIN OR AIRCRAFT",M,50-64,Firearm,16,4.22
"SHOTS FIRED AT MOVING VEHICLE, TRAIN OR AIRCRAFT",F,18-20,Firearm,15,3.96
"SHOTS FIRED AT MOVING VEHICLE, TRAIN OR AIRCRAFT",F,35-49,Firearm,13,3.43
"SHOTS FIRED AT MOVING VEHICLE, TRAIN OR AIRCRAFT",F,25-34,Other weapon,12,3.17
"SHOTS FIRED AT MOVING VEHICLE, TRAIN OR AIRCRAFT",F,21-24,Firearm,11,2.9
"SHOTS FIRED AT MOVING VEHICLE, TRAIN OR AIRCRAFT",M,35-49,Other weapon,10,2.64
"SHOTS FIRED AT MOVING VEHICLE, TRAIN OR AIRCRAFT",F,50-64,Firearm,9,2.37
"SHOTS FIRED AT MOVING VEHICLE, TRAIN OR AIRCRAFT",M,2-9,Firearm,6,1.58
"SHOTS FIRED AT MOVING VEHICLE, TRAIN OR AIRCRAFT",M,65+,Firearm,6,1.58
"SHOTS FIRED AT MOVING VEHICLE, TRAIN OR AIRCRAFT",F,35-49,Other weapon,5,1.32
"SHOTS FIRED AT MOVING VEHICLE, TRAIN OR AIRCRAFT",M,13-17,Firearm,5,1.32
"SHOTS FIRED AT MOVING VEHICLE, TRAIN OR AIRCRAFT",F,2-9,Firearm,4,1.06
"SHOTS FIRED AT MOVING VEHICLE, TRAIN OR AIRCRAFT",F,13-17,Firearm,4,1.06
"SHOTS FIRED AT MOVING VEHICLE, TRAIN OR AIRCRAFT",M,21-24,Other weapon,4,1.06
"SHOTS FIRED AT MOVING VEHICLE, TRAIN OR AIRCRAFT",X,35-49,Other weapon,4,1.06
"SHOTS FIRED AT MOVING VEHICLE, TRAIN OR AIRCRAFT",F,10-12,Firearm,3,0.79
"SHOTS FIRED AT MOVING VEHICLE, TRAIN OR AIRCRAFT",F,18-20,Other weapon,3,0.79
"SHOTS FIRED AT MOVING VEHICLE, TRAIN OR AIRCRAFT",F,21-24,Other weapon,3,0.79
"SHOTS FIRED AT MOVING VEHICLE, TRAIN OR AIRCRAFT",M,18-20,Other weapon,3,0.79
"SHOTS FIRED AT MOVING VEHICLE, TRAIN OR AIRCRAFT",M,50-64,Other weapon,3,0.79
"SHOTS FIRED AT MOVING VEHICLE, TRAIN OR AIRCRAFT",X,18-20,Firearm,3,0.79
"SHOTS FIRED AT MOVING VEHICLE, TRAIN OR AIRCRAFT",X,21-24,Firearm,3,0.79
"SHOTS FIRED AT MOVING VEHICLE, TRAIN OR AIRCRAFT",M,13-17,Other weapon,2,0.53
"SHOTS FIRED AT MOVING VEHICLE, TRAIN OR AIRCRAFT",X,13-17,Other weapon,2,0.53
"SHOTS FIRED AT MOVING VEHICLE, TRAIN OR AIRCRAFT",F,2-9,Other weapon,1,0.26
"SHOTS FIRED AT MOVING VEHICLE, TRAIN OR AIRCRAFT",F,50-64,Other weapon,1,0.26
"SHOTS FIRED AT MOVING VEHICLE, TRAIN OR AIRCRAFT",F,65+,Firearm,1,0.26
"SHOTS FIRED AT MOVING VEHICLE, TRAIN OR AIRCRAFT",M,2-9,Other weapon,1,0.26
"SHOTS FIRED AT MOVING VEHICLE, TRAIN OR AIRCRAFT",M,65+,Other weapon,1,0.26
"SHOTS FIRED AT MOVING VEHICLE, TRAIN OR AIRCRAFT",X,2-9,Firearm,1,0.26
"SHOTS FIRED AT MOVING VEHICLE, TRAIN OR AIRCRAFT",X,18-20,Other weapon,1,0.26
"SHOTS FIRED AT MOVING VEHICLE, TRAIN OR AIRCRAFT",X,25-34,Firearm,1,0.26
"SHOTS FIRED AT MOVING VEHICLE, TRAIN OR AIRCRAFT",X,25-34,Other weapon,1,0.26
SODOMY/SEXUAL CONTACT B/W PENIS OF ONE PERS TO ANUS OTH,F,25-34,Personal weapons,69,13.09
SODOMY/SEXUAL CONTACT B/W PENIS OF ONE PERS TO ANUS OTH,M,25-34,Personal weapons,68,12.9
SODOMY/SEXUAL CONTACT B/W PENIS OF ONE PERS TO ANUS OTH,F,35-49,Personal weapons,50,9.49
SODOMY/SEXUAL CONTACT B/W PENIS OF ONE PERS TO ANUS OTH,M,35-49,Personal weapons,47,8.92
SODOMY/SEXUAL CONTACT B/W PENIS OF ONE PERS TO ANUS OTH,M,21-24,Personal weapons,31,5.88
SODOMY/SEXUAL CONTACT B/W PENIS OF ONE PERS TO ANUS OTH,F,50-64,Personal weapons,29,5.5
SODOMY/SEXUAL CONTACT B/W PENIS OF ONE PERS TO ANUS OTH,F,13-17,Personal weapons,25,4.74
SODOMY/SEXUAL CONTACT B/W PENIS OF ONE PERS TO ANUS OTH,M,2-9,Personal weapons,24,4.55
SODOMY/SEXUAL CONTACT B/W PENIS OF ONE PERS TO ANUS OTH,F,21-24,Personal weapons,23,4.36
SODOMY/SEXUAL CONTACT B/W PENIS OF ONE PERS TO ANUS OTH,M,13-17,Personal weapons,21,3.98
SODOMY/SEXUAL CONTACT B/W PENIS OF ONE PERS TO ANUS OTH,M,18-20,Personal weapons,20,3.8
SODOMY/SEXUAL CONTACT B/W PENIS OF ONE PERS TO ANUS OTH,M,50-64,Personal weapons,16,3.04
SODOMY/SEXUAL CONTACT B/W PENIS OF ONE PERS TO ANUS OTH,F,10-12,Personal weapons,15,2.85
SODOMY/SEXUAL CONTACT B/W PENIS OF ONE PERS TO ANUS OTH,F,18-20,Personal weapons,13,2.47
SODOMY/SEXUAL CONTACT B/W PENIS OF ONE PERS TO ANUS OTH,F,2-9,Personal weapons,11,2.09
SODOMY/SEXUAL CONTACT B/W PENIS OF ONE PERS TO ANUS OTH,M,10-12,Personal weapons,11,2.09
SODOMY/SEXUAL CONTACT B/W PENIS OF ONE PERS TO ANUS OTH,F,50-64,Other weapon,5,0.95
SODOMY/SEXUAL CONTACT B/W PENIS OF ONE PERS TO ANUS OTH,M,25-34,Other weapon,5,0.95
SODOMY/SEXUAL CONTACT B/W PENIS OF ONE PERS TO ANUS OTH,F,25-34,Other weapon,4,0.76
SODOMY/SEXUAL CONTACT B/W PENIS OF ONE PERS TO ANUS OTH,M,25-34,Firearm,4,0.76
SODOMY/SEXUAL CONTACT B/W PENIS OF ONE PERS TO ANUS OTH,F,35-49,Knife / sharp object,3,0.57
SODOMY/SEXUAL CONTACT B/W PENIS OF ONE PERS TO ANUS OTH,F,35-49,Other weapon,3,0.57
SODOMY/SEXUAL CONTACT B/W PENIS OF ONE PERS TO ANUS OTH,F,65+,Personal weapons,3,0.57
SODOMY/SEXUAL CONTACT B/W PENIS OF ONE PERS TO ANUS OTH,M,21-24,Other weapon,3,0.57
SODOMY/SEXUAL CONTACT B/W PENIS OF ONE PERS TO ANUS OTH,F,18-20,Knife / sharp object,2,0.38
SODOMY/SEXUAL CONTACT B/W PENIS OF ONE PERS TO ANUS OTH,M,13-17,Other weapon,2,0.38
SODOMY/SEXUAL CONTACT B/W PENIS OF ONE PERS TO ANUS OTH,M,21-24,Knife / sharp object,2,0.38
SODOMY/SEXUAL CONTACT B/W PENIS OF ONE PERS TO ANUS OTH,M,35-49,Other weapon,2,0.38
SODOMY/SEXUAL CONTACT B/W PENIS OF ONE PERS TO ANUS OTH,M,65+,Personal weapons,2,0.38
SODOMY/SEXUAL CONTACT B/W PENIS OF ONE PERS TO ANUS OTH,X,21-24,Personal weapons,2,0.38
SODOMY/SEXUAL CONTACT B/W PENIS OF ONE PERS TO ANUS OTH,F,2-9,Other weapon,1,0.19
SODOMY/SEXUAL CONTACT B/W PENIS OF ONE PERS TO ANUS OTH,F,13-17,Other weapon,1,0.19
SODOMY/SEXUAL CONTACT B/W PENIS OF ONE PERS TO ANUS OTH,F,18-20,Other weapon,1,0.19
SODOMY/SEXUAL CONTACT B/W PENIS OF ONE PERS TO ANUS OTH,F,21-24,Firearm,1,0.19
SODOMY/SEXUAL CONTACT B/W PENIS OF ONE PERS TO ANUS OTH,F,25-34,Knife / sharp object,1,0.19
SODOMY/SEXUAL CONTACT B/W PENIS OF ONE PERS TO ANUS OTH,M,13-17,Firearm,1,0.19
SODOMY/SEXUAL CONTACT B/W PENIS OF ONE PERS TO ANUS OTH,M,13-17,Knife / sharp object,1,0.19
SODOMY/SEXUAL CONTACT B/W PENIS OF ONE PERS TO ANUS OTH,M,21-24,Firearm,1,0.19
SODOMY/SEXUAL CONTACT B/W PENIS OF ONE PERS TO ANUS OTH,M,35-49,Knife / sharp object,1,0.19
SODOMY/SEXUAL CONTACT B/W PENIS OF ONE PERS TO ANUS OTH,M,50-64,Knife / sharp object,1,0.19
SODOMY/SEXUAL CONTACT B/W PENIS OF ONE PERS TO ANUS OTH,M,65+,Firearm,1,0.19
SODOMY/SEXUAL CONTACT B/W PENIS OF ONE PERS TO ANUS OTH,X,13-17,Personal weapons,1,0.19
STALKING,F,25-34,Other weapon,165,25.35
STALKING,F,35-49,Other weapon,129,19.82
STALKING,F,50-64,Other weapon,49,7.53
STALKING,F,21-24,Other weapon,44,6.76
STALKING,F,25-34,Personal weapons,42,6.45
STALKING,F,35-49,Personal weapons,33,5.07
STALKING,M,35-49,Other weapon,27,4.15
STALKING,F,18-20,Other weapon,26,3.99
STALKING,M,25-34,Other weapon,18,2.76
STALKING,F,50-64,Personal weapons,16,2.46
STALKING,F,21-24,Personal weapons,14,2.15
STALKING,F,13-17,Other weapon,8,1.23
STALKING,M,50-64,Other weapon,8,1.23
STALKING,M,65+,Other weapon,8,1.23
STALKING,F,35-49,No weapon / unknown,7,1.08
STALKING,M,25-34,Personal weapons,6,0.92
STALKING,M,35-49,Personal weapons,6,0.92
STALKING,F,25-34,No weapon / unknown,5,0.77
STALKING,M,65+,Personal weapons,5,0.77
STALKING,F,65+,Other weapon,4,0.61
STALKING,F,50-64,No weapon / unknown,3,0.46
STALKING,F,65+,Personal weapons,3,0.46
STALKING,F,2-9,Other weapon,2,0.31
STALKING,F,10-12,Other weapon,2,0.31
STALKING,F,13-17,Personal weapons,2,0.31
STALKING,F,18-20,Personal weapons,2,0.31
STALKING,F,25-34,Firearm,2,0.31
STALKING,F,50-64,Blunt object,2,0.31
STALKING,M,50-64,No weapon / unknown,2,0.31
STALKING,M,50-64,Personal weapons,2,0.31
STALKING,F,13-17,No weapon / unknown,1,0.15
STALKING,F,21-24,No weapon / unknown,1,0.15
STALKING,F,35-49,Firearm,1,0.15
STALKING,M,18-20,Other weapon,1,0.15
STALKING,M,21-24,Knife / sharp object,1,0.15
STALKING,M,21-24,No weapon / unknown,1,0.15
STALKING,M,21-24,Personal weapons,1,0.15
STALKING,M,25-34,Knife / sharp object,1,0.15
STALKING,M,35-49,No weapon / unknown,1,0.15
TELEPHONE PROPERTY - DAMAGE,F,50-64,No weapon / unknown,2,33.33
TELEPHONE PROPERTY - DAMAGE,M,25-34,Personal weapons,2,33.33
TELEPHONE PROPERTY - DAMAGE,F,21-24,Personal weapons,1,16.67
TELEPHONE PROPERTY - DAMAGE,F,35-49,No weapon / unknown,1,16.67
THEFT FROM MOTOR VEHICLE - ATTEMPT,M,35-49,No weapon / unknown,167,21.11
THEFT FROM MOTOR VEHICLE - ATTEMPT,M,50-64,No weapon / unknown,147,18.58
THEFT FROM MOTOR VEHICLE - ATTEMPT,F,35-49,No weapon / unknown,97,12.26
THEFT FROM MOTOR VEHICLE - ATTEMPT,M,25-34,No weapon / unknown,90,11.38
THEFT FROM MOTOR VEHICLE - ATTEMPT,F,50-64,No weapon / unknown,76,9.61
THEFT FROM MOTOR VEHICLE - ATTEMPT,F,25-34,No weapon / unknown,59,7.46
THEFT FROM MOTOR VEHICLE - ATTEMPT,M,65+,No weapon / unknown,48,6.07
THEFT FROM MOTOR VEHICLE - ATTEMPT,F,65+,No weapon / unknown,24,3.03
THEFT FROM MOTOR VEHICLE - ATTEMPT,M,21-24,No weapon / unknown,15,1.9
THEFT FROM MOTOR VEHICLE - ATTEMPT,F,21-24,No weapon / unknown,13,1.64
THEFT FROM MOTOR VEHICLE - ATTEMPT,M,35-49,Other weapon,7,0.88
THEFT FROM MOTOR VEHICLE - ATTEMPT,M,18-20,No weapon / unknown,6,0.76
THEFT FROM MOTOR VEHICLE - ATTEMPT,F,18-20,No weapon / unknown,5,0.63
THEFT FROM MOTOR VEHICLE - ATTEMPT,X,18-20,No weapon / unknown,5,0.63
THEFT FROM MOTOR VEHICLE - ATTEMPT,F,35-49,Other weapon,4,0.51
THEFT FROM MOTOR VEHICLE - ATTEMPT,M,25-34,Other weapon,4,0.51
THEFT FROM MOTOR VEHICLE - ATTEMPT,M,50-64,Other weapon,4,0.51
THEFT FROM MOTOR VEHICLE - ATTEMPT,F,50-64,Personal weapons,3,0.38
THEFT FROM MOTOR VEHICLE - ATTEMPT,F,25-34,Other weapon,2,0.25
THEFT FROM MOTOR VEHICLE - ATTEMPT,F,35-49,Personal weapons,2,0.25
THEFT FROM MOTOR VEHICLE - ATTEMPT,M,35-49,Personal weapons,2,0.25
THEFT FROM MOTOR VEHICLE - ATTEMPT,F,13-17,Firearm,1,0.13
THEFT FROM MOTOR VEHICLE - ATTEMPT,F,13-17,No weapon / unknown,1,0.13
THEFT FROM MOTOR VEHICLE - ATTEMPT,F,50-64,Knife / sharp object,1,0.13
THEFT FROM MOTOR VEHICLE - ATTEMPT,F,50-64,Other weapon,1,0.13
THEFT FROM MOTOR VEHICLE - ATTEMPT,F,65+,Personal weapons,1,0.13
THEFT FROM MOTOR VEHICLE - ATTEMPT,M,25-34,Firearm,1,0.13
THEFT FROM MOTOR VEHICLE - ATTEMPT,M,25-34,Personal weapons,1,0.13
THEFT FROM MOTOR VEHICLE - ATTEMPT,M,35-49,Firearm,1,0.13
THEFT FROM MOTOR VEHICLE - ATTEMPT,M,50-64,Personal weapons,1,0.13
THEFT FROM MOTOR VEHICLE - ATTEMPT,M,65+,Other weapon,1,0.13
THEFT FROM MOTOR VEHICLE - ATTEMPT,X,18-20,Other weapon,1,0.13
THEFT FROM MOTOR VEHICLE - GRAND ($950.01 AND OVER),M,35-49,No weapon / unknown,6937,19.74
THEFT FROM MOTOR VEHICLE - GRAND ($950.01 AND OVER),M,25-34,No weapon / unknown,5269,15.0
THEFT FROM MOTOR VEHICLE - GRAND ($950.01 AND OVER),M,50-64,No weapon / unknown,4949,14.08
THEFT FROM MOTOR VEHICLE - GRAND ($950.01 AND OVER),F,35-49,No weapon / unknown,4175,11.88
THEFT FROM MOTOR VEHICLE - GRAND ($950.01 AND OVER),F,25-34,No weapon / unknown,4010,11.41
THEFT FROM MOTOR VEHICLE - GRAND ($950.01 AND OVER),F,50-64,No weapon / unknown,2982,8.49
THEFT FROM MOTOR VEHICLE - GRAND ($950.01 AND OVER),M,65+,No weapon / unknown,2140,6.09
THEFT FROM MOTOR VEHICLE - GRAND ($950.01 AND OVER),F,65+,No weapon / unknown,1311,3.73
THEFT FROM MOTOR VEHICLE - GRAND ($950.01 AND OVER),M,21-24,No weapon / unknown,1233,3.51
THEFT FROM MOTOR VEHICLE - GRAND ($950.01 AND OVER),F,21-24,No weapon / unknown,1044,2.97
THEFT FROM MOTOR VEHICLE - GRAND ($950.01 AND OVER),M,18-20,No weapon / unknown,272,0.77
THEFT FROM MOTOR VEHICLE - GRAND ($950.01 AND OVER),F,18-20,No weapon / unknown,241,0.69
THEFT FROM MOTOR VEHICLE - GRAND ($950.01 AND OVER),M,35-49,Other weapon,75,0.21
THEFT FROM MOTOR VEHICLE - GRAND ($950.01 AND OVER),X,21-24,No weapon / unknown,70,0.2
THEFT FROM MOTOR VEHICLE - GRAND ($950.01 AND OVER),M,25-34,Other weapon,45,0.13
THEFT FROM MOTOR VEHICLE - GRAND ($950.01 AND OVER),F,35-49,Other weapon,40,0.11
THEFT FROM MOTOR VEHICLE - GRAND ($950.01 AND OVER),X,25-34,No weapon / unknown,39,0.11
THEFT FROM MOTOR VEHICLE - GRAND ($950.01 AND OVER),M,50-64,Other weapon,38,0.11
THEFT FROM MOTOR VEHICLE - GRAND ($950.01 AND OVER),X,18-20,No weapon / unknown,31,0.09
THEFT FROM MOTOR VEHICLE - GRAND ($950.01 AND OVER),X,35-49,No weapon / unknown,30,0.09
THEFT FROM MOTOR VEHICLE - GRAND ($950.01 AND OVER),F,25-34,Other weapon,26,0.07
THEFT FROM MOTOR VEHICLE - GRAND ($950.01 AND OVER),F,50-64,Other weapon,23,0.07
THEFT FROM MOTOR VEHICLE - GRAND ($950.01 AND OVER),M,65+,Other weapon,16,0.05
THEFT FROM MOTOR VEHICLE - GRAND ($950.01 AND OVER),M,21-24,Other weapon,13,0.04
THEFT FROM MOTOR VEHICLE - GRAND ($950.01 AND OVER),M,35-49,Personal weapons,13,0.04
THEFT FROM MOTOR VEHICLE - GRAND ($950.01 AND OVER),M,13-17,No weapon / unknown,12,0.03
THEFT FROM MOTOR VEHICLE - GRAND ($950.01 AND OVER),F,65+,Other weapon,11,0.03
THEFT FROM MOTOR VEHICLE - GRAND ($950.01 AND OVER),F,35-49,Personal weapons,10,0.03
THEFT FROM MOTOR VEHICLE - GRAND ($950.01 AND OVER),F,13-17,No weapon / unknown,8,0.02
THEFT FROM MOTOR VEHICLE - GRAND ($950.01 AND OVER),F,21-24,Other weapon,8,0.02
THEFT FROM MOTOR VEHICLE - GRAND ($950.01 AND OVER),F,25-34,Personal weapons,7,0.02
THEFT FROM MOTOR VEHICLE - GRAND ($950.01 AND OVER),M,25-34,Personal weapons,7,0.02
THEFT FROM MOTOR VEHICLE - GRAND ($950.01 AND OVER),M,50-64,Personal weapons,7,0.02
THEFT FROM MOTOR VEHICLE - GRAND ($950.01 AND OVER),X,50-64,No weapon / unknown,5,0.01
THEFT FROM MOTOR VEHICLE - GRAND ($950.01 AND OVER),F,21-24,Personal weapons,4,0.01
THEFT FROM MOTOR VEHICLE - GRAND ($950.01 AND OVER),M,65+,Personal weapons,4,0.01
THEFT FROM MOTOR VEHICLE - GRAND ($950.01 AND OVER),X,65+,No weapon / unknown,4,0.01
THEFT FROM MOTOR VEHICLE - GRAND ($950.01 AND OVER),F,2-9,No weapon / unknown,3,0.01
THEFT FROM MOTOR VEHICLE - GRAND ($950.01 AND OVER),F,50-64,Personal weapons,3,0.01
THEFT FROM MOTOR VEHICLE - GRAND ($950.01 AND OVER),F,65+,Personal weapons,3,0.01
THEFT FROM MOTOR VEHICLE - GRAND ($950.01 AND OVER),F,18-20,Other weapon,2,0.01
THEFT FROM MOTOR VEHICLE - GRAND ($950.01 AND OVER),M,2-9,No weapon / unknown,2,0.01
THEFT FROM MOTOR VEHICLE - GRAND ($950.01 AND OVER),M,10-12,No weapon / unknown,2,0.01
THEFT FROM MOTOR VEHICLE - GRAND ($950.01 AND OVER),M,35-49,Firearm,2,0.01
THEFT FROM MOTOR VEHICLE - GRAND ($950.01 AND OVER),F,25-34,Firearm,1,0.0
THEFT FROM MOTOR VEHICLE - GRAND ($950.01 AND OVER),F,65+,Blunt object,1,0.0
THEFT FROM MOTOR VEHICLE - GRAND ($950.01 AND OVER),M,13-17,Other weapon,1,0.0
THEFT FROM MOTOR VEHICLE - GRAND ($950.01 AND OVER),M,18-20,Firearm,1,0.0
THEFT FROM MOTOR VEHICLE - GRAND ($950.01 AND OVER),M,18-20,Other weapon,1,0.0
THEFT FROM MOTOR VEHICLE - GRAND ($950.01 AND OVER),M,18-20,Personal weapons,1,0.0
THEFT FROM MOTOR VEHICLE - GRAND ($950.01 AND OVER),M,21-24,Firearm,1,0.0
THEFT FROM MOTOR VEHICLE - GRAND ($950.01 AND OVER),M,50-64,Blunt object,1,0.0
THEFT FROM MOTOR VEHICLE - GRAND ($950.01 AND OVER),X,2-9,No weapon / unknown,1,0.0
THEFT FROM MOTOR VEHICLE - GRAND ($950.01 AND OVER),X,10-12,No weapon / unknown,1,0.0
THEFT FROM MOTOR VEHICLE - GRAND ($950.01 AND OVER),X,18-20,Other weapon,1,0.0
THEFT FROM MOTOR VEHICLE - GRAND ($950.01 AND OVER),X,25-34,Other weapon,1,0.0
THEFT FROM MOTOR VEHICLE - PETTY ($950 & UNDER),M,35-49,No weapon / unknown,2841,17.45
THEFT FROM MOTOR VEHICLE - PETTY ($950 & UNDER),M,25-34,No weapon / unknown,2562,15.73
THEFT FROM MOTOR VEHICLE - PETTY ($950 & UNDER),F,25-34,No weapon / unknown,2128,13.07
THEFT FROM MOTOR VEHICLE - PETTY ($950 & UNDER),F,35-49,No weapon / unknown,2087,12.82
THEFT FROM MOTOR VEHICLE - PETTY ($950 & UNDER),M,50-64,No weapon / unknown,1896,11.64
THEFT FROM MOTOR VEHICLE - PETTY ($950 & UNDER),F,50-64,No weapon / unknown,1314,8.07
THEFT FROM MOTOR VEHICLE - PETTY ($950 & UNDER),M,65+,No weapon / unknown,843,5.18
THEFT FROM MOTOR VEHICLE - PETTY ($950 & UNDER),M,21-24,No weapon / unknown,687,4.22
THEFT FROM MOTOR VEHICLE - PETTY ($950 & UNDER),F,21-24,No weapon / unknown,656,4.03
THEFT FROM MOTOR VEHICLE - PETTY ($950 & UNDER),F,65+,No weapon / unknown,591,3.63
THEFT FROM MOTOR VEHICLE - PETTY ($950 & UNDER),M,18-20,No weapon / unknown,179,1.1
THEFT FROM MOTOR VEHICLE - PETTY ($950 & UNDER),F,18-20,No weapon / unknown,133,0.82
THEFT FROM MOTOR VEHICLE - PETTY ($950 & UNDER),X,21-24,No weapon / unknown,37,0.23
THEFT FROM MOTOR VEHICLE - PETTY ($950 & UNDER),M,25-34,Other weapon,33,0.2
THEFT FROM MOTOR VEHICLE - PETTY ($950 & UNDER),M,35-49,Other weapon,32,0.2
THEFT FROM MOTOR VEHICLE - PETTY ($950 & UNDER),X,18-20,No weapon / unknown,25,0.15
THEFT FROM MOTOR VEHICLE - PETTY ($950 & UNDER),M,50-64,Other weapon,24,0.15
THEFT FROM MOTOR VEHICLE - PETTY ($950 & UNDER),F,25-34,Other weapon,23,0.14
THEFT FROM MOTOR VEHICLE - PETTY ($950 & UNDER),F,35-49,Other weapon,20,0.12
THEFT FROM MOTOR VEHICLE - PETTY ($950 & UNDER),F,35-49,Personal weapons,15,0.09
THEFT FROM MOTOR VEHICLE - PETTY ($950 & UNDER),X,25-34,No weapon / unknown,14,0.09
THEFT FROM MOTOR VEHICLE - PETTY ($950 & UNDER),F,50-64,Other weapon,12,0.07
THEFT FROM MOTOR VEHICLE - PETTY ($950 & UNDER),F,25-34,Personal weapons,11,0.07
THEFT FROM MOTOR VEHICLE - PETTY ($950 & UNDER),M,25-34,Personal weapons,11,0.07
THEFT FROM MOTOR VEHICLE - PETTY ($950 & UNDER),M,35-49,Personal weapons,10,0.06
THEFT FROM MOTOR VEHICLE - PETTY ($950 & UNDER),F,50-64,Personal weapons,9,0.06
THEFT FROM MOTOR VEHICLE - PETTY ($950 & UNDER),M,21-24,Other weapon,9,0.06
THEFT FROM MOTOR VEHICLE - PETTY ($950 & UNDER),M,50-64,Personal weapons,8,0.05
THEFT FROM MOTOR VEHICLE - PETTY ($950 & UNDER),M,13-17,No weapon / unknown,7,0.04
THEFT FROM MOTOR VEHICLE - PETTY ($950 & UNDER),F,21-24,Other weapon,6,0.04
THEFT FROM MOTOR VEHICLE - PETTY ($950 & UNDER),M,65+,Other weapon,6,0.04
THEFT FROM MOTOR VEHICLE - PETTY ($950 & UNDER),F,13-17,No weapon / unknown,5,0.03
THEFT FROM MOTOR VEHICLE - PETTY ($950 & UNDER),F,65+,Other weapon,5,0.03
THEFT FROM MOTOR VEHICLE - PETTY ($950 & UNDER),X,35-49,No weapon / unknown,5,0.03
THEFT FROM MOTOR VEHICLE - PETTY ($950 & UNDER),F,65+,Personal weapons,4,0.02
THEFT FROM MOTOR VEHICLE - PETTY ($950 & UNDER),M,65+,Personal weapons,4,0.02
THEFT FROM MOTOR VEHICLE - PETTY ($950 & UNDER),X,65+,No weapon / unknown,4,0.02
THEFT FROM MOTOR VEHICLE - PETTY ($950 & UNDER),F,18-20,Other weapon,3,0.02
THEFT FROM MOTOR VEHICLE - PETTY ($950 & UNDER),M,2-9,No weapon / unknown,3,0.02
THEFT FROM MOTOR VEHICLE - PETTY ($950 & UNDER),M,25-34,Firearm,3,0.02
THEFT FROM MOTOR VEHICLE - PETTY ($950 & UNDER),F,21-24,Personal weapons,2,0.01
THEFT FROM MOTOR VEHICLE - PETTY ($950 & UNDER),M,18-20,Other weapon,2,0.01
THEFT FROM MOTOR VEHICLE - PETTY ($950 & UNDER),M,25-34,Knife / sharp object,2,0.01
THEFT FROM MOTOR VEHICLE - PETTY ($950 & UNDER),M,35-49,Firearm,2,0.01
THEFT FROM MOTOR VEHICLE - PETTY ($950 & UNDER),M,50-64,Knife / sharp object,2,0.01
THEFT FROM MOTOR VEHICLE - PETTY ($950 & UNDER),X,50-64,No weapon / unknown,2,0.01
THEFT FROM MOTOR VEHICLE - PETTY ($950 & UNDER),F,10-12,No weapon / unknown,1,0.01
THEFT FROM MOTOR VEHICLE - PETTY ($950 & UNDER),F,13-17,Personal weapons,1,0.01
THEFT FROM MOTOR VEHICLE - PETTY ($950 & UNDER),F,25-34,Knife / sharp object,1,0.01
THEFT FROM MOTOR VEHICLE - PETTY ($950 & UNDER),F,50-64,Firearm,1,0.01
THEFT FROM MOTOR VEHICLE - PETTY ($950 & UNDER),M,18-20,Firearm,1,0.01
THEFT FROM MOTOR VEHICLE - PETTY ($950 & UNDER),M,18-20,Personal weapons,1,0.01
THEFT FROM MOTOR VEHICLE - PETTY ($950 & UNDER),M,21-24,Firearm,1,0.01
THEFT FROM MOTOR VEHICLE - PETTY ($950 & UNDER),M,21-24,Personal weapons,1,0.01
THEFT FROM PERSON - ATTEMPT,F,25-34,Personal weapons,10,9.9
THEFT FROM PERSON - ATTEMPT,F,35-49,Personal weapons,10,9.9
THEFT FROM PERSON - ATTEMPT,F,50-64,No weapon / unknown,10,9.9
THEFT FROM PERSON - ATTEMPT,M,50-64,Personal weapons,10,9.9
THEFT FROM PERSON - ATTEMPT,M,35-49,Personal weapons,9,8.91
THEFT FROM PERSON - ATTEMPT,F,50-64,Personal weapons,5,4.95
THEFT FROM PERSON - ATTEMPT,F,35-49,No weapon / unknown,4,3.96
THEFT FROM PERSON - ATTEMPT,F,65+,No weapon / unknown,4,3.96
THEFT FROM PERSON - ATTEMPT,M,25-34,No weapon / unknown,4,3.96
THEFT FROM PERSON - ATTEMPT,M,25-34,Personal weapons,4,3.96
THEFT FROM PERSON - ATTEMPT,M,50-64,No weapon / unknown,4,3.96
THEFT FROM PERSON - ATTEMPT,F,21-24,No weapon / unknown,3,2.97
THEFT FROM PERSON - ATTEMPT,F,25-34,No weapon / unknown,3,2.97
THEFT FROM PERSON - ATTEMPT,F,13-17,Personal weapons,2,1.98
THEFT FROM PERSON - ATTEMPT,F,18-20,No weapon / unknown,2,1.98
THEFT FROM PERSON - ATTEMPT,F,18-20,Personal weapons,2,1.98
THEFT FROM PERSON - ATTEMPT,F,21-24,Personal weapons,2,1.98
THEFT FROM PERSON - ATTEMPT,F,10-12,Personal weapons,1,0.99
THEFT FROM PERSON - ATTEMPT,F,50-64,Other weapon,1,0.99
THEFT FROM PERSON - ATTEMPT,F,65+,Other weapon,1,0.99
THEFT FROM PERSON - ATTEMPT,M,13-17,Personal weapons,1,0.99
THEFT FROM PERSON - ATTEMPT,M,18-20,Other weapon,1,0.99
THEFT FROM PERSON - ATTEMPT,M,21-24,No weapon / unknown,1,0.99
THEFT FROM PERSON - ATTEMPT,M,21-24,Personal weapons,1,0.99
THEFT FROM PERSON - ATTEMPT,M,25-34,Firearm,1,0.99
THEFT FROM PERSON - ATTEMPT,M,35-49,No weapon / unknown,1,0.99
THEFT FROM PERSON - ATTEMPT,M,35-49,Other weapon,1,0.99
THEFT FROM PERSON - ATTEMPT,M,50-64,Other weapon,1,0.99
THEFT FROM PERSON - ATTEMPT,M,65+,Firearm,1,0.99
THEFT FROM PERSON - ATTEMPT,M,65+,Personal weapons,1,0.99
THEFT OF IDENTITY,F,25-34,No weapon / unknown,11963,19.5
THEFT OF IDENTITY,F,35-49,No weapon / unknown,11900,19.4
THEFT OF IDENTITY,M,35-49,No weapon / unknown,8703,14.19
THEFT OF IDENTITY,M,25-34,No weapon / unknown,6507,10.61
THEFT OF IDENTITY,M,50-64,No weapon / unknown,5746,9.37
THEFT OF IDENTITY,F,50-64,No weapon / unknown,5552,9.05
THEFT OF IDENTITY,F,65+,No weapon / unknown,2973,4.85
THEFT OF IDENTITY,M,65+,No weapon / unknown,2575,4.2
THEFT OF IDENTITY,F,21-24,No weapon / unknown,2536,4.13
THEFT OF IDENTITY,M,21-24,No weapon / unknown,1288,2.1
THEFT OF IDENTITY,F,18-20,No weapon / unknown,658,1.07
THEFT OF IDENTITY,M,18-20,No weapon / unknown,507,0.83
THEFT OF IDENTITY,F,13-17,No weapon / unknown,80,0.13
THEFT OF IDENTITY,M,13-17,No weapon / unknown,75,0.12
THEFT OF IDENTITY,X,25-34,No weapon / unknown,70,0.11
THEFT OF IDENTITY,X,35-49,No weapon / unknown,49,0.08
THEFT OF IDENTITY,X,21-24,No weapon / unknown,38,0.06
THEFT OF IDENTITY,F,10-12,No weapon / unknown,20,0.03
THEFT OF IDENTITY,F,2-9,No weapon / unknown,19,0.03
THEFT OF IDENTITY,X,18-20,No weapon / unknown,18,0.03
THEFT OF IDENTITY,M,2-9,No weapon / unknown,15,0.02
THEFT OF IDENTITY,X,50-64,No weapon / unknown,14,0.02
THEFT OF IDENTITY,M,10-12,No weapon / unknown,13,0.02
THEFT OF IDENTITY,X,65+,No weapon / unknown,4,0.01
THEFT OF IDENTITY,F,35-49,Personal weapons,3,0.0
THEFT OF IDENTITY,M,35-49,Personal weapons,3,0.0
THEFT OF IDENTITY,F,35-49,Other weapon,2,0.0
THEFT OF IDENTITY,F,50-64,Personal weapons,2,0.0
THEFT OF IDENTITY,M,25-34,Other weapon,2,0.0
THEFT OF IDENTITY,M,50-64,Other weapon,2,0.0
THEFT OF IDENTITY,F,25-34,Personal weapons,1,0.0
THEFT OF IDENTITY,F,35-49,Firearm,1,0.0
THEFT OF IDENTITY,F,50-64,Other weapon,1,0.0
THEFT OF IDENTITY,F,65+,Personal weapons,1,0.0
THEFT OF IDENTITY,M,25-34,Personal weapons,1,0.0
THEFT OF IDENTITY,M,35-49,Other weapon,1,0.0
THEFT OF IDENTITY,M,65+,Other weapon,1,0.0
THEFT OF IDENTITY,M,65+,Personal weapons,1,0.0
THEFT OF IDENTITY,X,13-17,No weapon / unknown,1,0.0
THEFT PLAIN - ATTEMPT,M,35-49,No weapon / unknown,51,19.17
THEFT PLAIN - ATTEMPT,M,25-34,No weapon / unknown,33,12.41
THEFT PLAIN - ATTEMPT,M,50-64,No weapon / unknown,31,11.65
THEFT PLAIN - ATTEMPT,F,25-34,No weapon / unknown,26,9.77
THEFT PLAIN - ATTEMPT,F,35-49,No weapon / unknown,21,7.89
THEFT PLAIN - ATTEMPT,F,50-64,No weapon / unknown,21,7.89
THEFT PLAIN - ATTEMPT,M,65+,No weapon / unknown,13,4.89
THEFT PLAIN - ATTEMPT,M,21-24,No weapon / unknown,9,3.38
THEFT PLAIN - ATTEMPT,F,65+,No weapon / unknown,8,3.01
THEFT PLAIN - ATTEMPT,X,18-20,No weapon / unknown,6,2.26
THEFT PLAIN - ATTEMPT,F,21-24,No weapon / unknown,5,1.88
THEFT PLAIN - ATTEMPT,M,25-34,Personal weapons,5,1.88
THEFT PLAIN - ATTEMPT,F,35-49,Personal weapons,4,1.5
THEFT PLAIN - ATTEMPT,M,35-49,Personal weapons,4,1.5
THEFT PLAIN - ATTEMPT,M,50-64,Other weapon,4,1.5
THEFT PLAIN - ATTEMPT,X,21-24,No weapon / unknown,4,1.5
THEFT PLAIN - ATTEMPT,F,50-64,Personal weapons,2,0.75
THEFT PLAIN - ATTEMPT,M,13-17,No weapon / unknown,2,0.75
THEFT PLAIN - ATTEMPT,M,18-20,No weapon / unknown,2,0.75
THEFT PLAIN - ATTEMPT,M,50-64,Personal weapons,2,0.75
THEFT PLAIN - ATTEMPT,F,13-17,No weapon / unknown,1,0.38
THEFT PLAIN - ATTEMPT,F,18-20,No weapon / unknown,1,0.38
THEFT PLAIN - ATTEMPT,F,18-20,Personal weapons,1,0.38
THEFT PLAIN - ATTEMPT,F,21-24,Other weapon,1,0.38
THEFT PLAIN - ATTEMPT,F,21-24,Personal weapons,1,0.38
THEFT PLAIN - ATTEMPT,F,25-34,Knife / sharp object,1,0.38
THEFT PLAIN - ATTEMPT,F,25-34,Personal weapons,1,0.38
THEFT PLAIN - ATTEMPT,F,35-49,Firearm,1,0.38
THEFT PLAIN - ATTEMPT,F,35-49,Other weapon,1,0.38
THEFT PLAIN - ATTEMPT,F,65+,Other weapon,1,0.38
THEFT PLAIN - ATTEMPT,M,10-12,No weapon / unknown,1,0.38
THEFT PLAIN - ATTEMPT,M,13-17,Personal weapons,1,0.38
THEFT PLAIN - ATTEMPT,M,35-49,Other weapon,1,0.38
THEFT PLAIN - PETTY ($950 & UNDER),M,35-49,No weapon / unknown,7223,15.39
THEFT PLAIN - PETTY ($950 & UNDER),F,25-34,No weapon / unknown,6906,14.72
THEFT PLAIN - PETTY ($950 & UNDER),M,25-34,No weapon / unknown,6716,14.31
THEFT PLAIN - PETTY ($950 & UNDER),F,35-49,No weapon / unknown,6301,13.43
THEFT PLAIN - PETTY ($950 & UNDER),M,50-64,No weapon / unknown,3970,8.46
THEFT PLAIN - PETTY ($950 & UNDER),F,50-64,No weapon / unknown,3758,8.01
THEFT PLAIN - PETTY ($950 & UNDER),F,21-24,No weapon / unknown,2208,4.7
THEFT PLAIN - PETTY ($950 & UNDER),F,65+,No weapon / unknown,2117,4.51
THEFT PLAIN - PETTY ($950 & UNDER),M,21-24,No weapon / unknown,1922,4.1
THEFT PLAIN - PETTY ($950 & UNDER),M,65+,No weapon / unknown,1629,3.47
THEFT PLAIN - PETTY ($950 & UNDER),F,18-20,No weapon / unknown,900,1.92
THEFT PLAIN - PETTY ($950 & UNDER),M,18-20,No weapon / unknown,855,1.82
THEFT PLAIN - PETTY ($950 & UNDER),X,21-24,No weapon / unknown,267,0.57
THEFT PLAIN - PETTY ($950 & UNDER),M,13-17,No weapon / unknown,184,0.39
THEFT PLAIN - PETTY ($950 & UNDER),F,25-34,Personal weapons,140,0.3
THEFT PLAIN - PETTY ($950 & UNDER),M,35-49,Other weapon,132,0.28
THEFT PLAIN - PETTY ($950 & UNDER),F,13-17,No weapon / unknown,129,0.27
THEFT PLAIN - PETTY ($950 & UNDER),F,35-49,Personal weapons,123,0.26
THEFT PLAIN - PETTY ($950 & UNDER),F,25-34,Other weapon,121,0.26
THEFT PLAIN - PETTY ($950 & UNDER),X,18-20,No weapon / unknown,108,0.23
THEFT PLAIN - PETTY ($950 & UNDER),M,25-34,Other weapon,100,0.21
THEFT PLAIN - PETTY ($950 & UNDER),F,35-49,Other weapon,88,0.19
THEFT PLAIN - PETTY ($950 & UNDER),M,35-49,Personal weapons,83,0.18
THEFT PLAIN - PETTY ($950 & UNDER),X,25-34,No weapon / unknown,81,0.17
THEFT PLAIN - PETTY ($950 & UNDER),M,50-64,Other weapon,76,0.16
THEFT PLAIN - PETTY ($950 & UNDER),F,50-64,Other weapon,75,0.16
THEFT PLAIN - PETTY ($950 & UNDER),M,25-34,Personal weapons,74,0.16
THEFT PLAIN - PETTY ($950 & UNDER),F,50-64,Personal weapons,68,0.14
THEFT PLAIN - PETTY ($950 & UNDER),F,21-24,Personal weapons,63,0.13
THEFT PLAIN - PETTY ($950 & UNDER),M,50-64,Personal weapons,60,0.13
THEFT PLAIN - PETTY ($950 & UNDER),X,35-49,No weapon / unknown,54,0.12
THEFT PLAIN - PETTY ($950 & UNDER),M,10-12,No weapon / unknown,30,0.06
THEFT PLAIN - PETTY ($950 & UNDER),F,65+,Personal weapons,29,0.06
THEFT PLAIN - PETTY ($950 & UNDER),F,65+,Other weapon,28,0.06
THEFT PLAIN - PETTY ($950 & UNDER),M,21-24,Other weapon,27,0.06
THEFT PLAIN - PETTY ($950 & UNDER),M,65+,Other weapon,27,0.06
THEFT PLAIN - PETTY ($950 & UNDER),F,18-20,Personal weapons,23,0.05
THEFT PLAIN - PETTY ($950 & UNDER),X,50-64,No weapon / unknown,23,0.05
THEFT PLAIN - PETTY ($950 & UNDER),F,21-24,Other weapon,21,0.04
THEFT PLAIN - PETTY ($950 & UNDER),M,21-24,Personal weapons,21,0.04
THEFT PLAIN - PETTY ($950 & UNDER),M,65+,Personal weapons,19,0.04
THEFT PLAIN - PETTY ($950 & UNDER),M,18-20,Personal weapons,18,0.04
THEFT PLAIN - PETTY ($950 & UNDER),F,2-9,No weapon / unknown,17,0.04
THEFT PLAIN - PETTY ($950 & UNDER),F,18-20,Other weapon,15,0.03
THEFT PLAIN - PETTY ($950 & UNDER),F,10-12,No weapon / unknown,10,0.02
THEFT PLAIN - PETTY ($950 & UNDER),M,2-9,No weapon / unknown,10,0.02
THEFT PLAIN - PETTY ($950 & UNDER),M,13-17,Personal weapons,9,0.02
THEFT PLAIN - PETTY ($950 & UNDER),X,18-20,Personal weapons,9,0.02
THEFT PLAIN - PETTY ($950 & UNDER),X,21-24,Personal weapons,7,0.01
THEFT PLAIN - PETTY ($950 & UNDER),F,13-17,Personal weapons,6,0.01
THEFT PLAIN - PETTY ($950 & UNDER),M,18-20,Other weapon,6,0.01
THEFT PLAIN - PETTY ($950 & UNDER),F,13-17,Other weapon,5,0.01
THEFT PLAIN - PETTY ($950 & UNDER),F,25-34,Knife / sharp object,3,0.01
THEFT PLAIN - PETTY ($950 & UNDER),M,21-24,Firearm,3,0.01
THEFT PLAIN - PETTY ($950 & UNDER),X,21-24,Other weapon,3,0.01
THEFT PLAIN - PETTY ($950 & UNDER),X,65+,No weapon / unknown,3,0.01
THEFT PLAIN - PETTY ($950 & UNDER),F,35-49,Knife / sharp object,2,0.0
THEFT PLAIN - PETTY ($950 & UNDER),M,25-34,Knife / sharp object,2,0.0
THEFT PLAIN - PETTY ($950 & UNDER),M,35-49,Knife / sharp object,2,0.0
THEFT PLAIN - PETTY ($950 & UNDER),M,50-64,Knife / sharp object,2,0.0
THEFT PLAIN - PETTY ($950 & UNDER),X,13-17,No weapon / unknown,2,0.0
THEFT PLAIN - PETTY ($950 & UNDER),X,21-24,Knife / sharp object,2,0.0
THEFT PLAIN - PETTY ($950 & UNDER),F,2-9,Personal weapons,1,0.0
THEFT PLAIN - PETTY ($950 & UNDER),F,10-12,Personal weapons,1,0.0
THEFT PLAIN - PETTY ($950 & UNDER),F,25-34,Firearm,1,0.0
THEFT PLAIN - PETTY ($950 & UNDER),F,50-64,Blunt object,1,0.0
THEFT PLAIN - PETTY ($950 & UNDER),F,50-64,Knife / sharp object,1,0.0
THEFT PLAIN - PETTY ($950 & UNDER),M,2-9,Other weapon,1,0.0
THEFT PLAIN - PETTY ($950 & UNDER),M,10-12,Personal weapons,1,0.0
THEFT PLAIN - PETTY ($950 & UNDER),M,13-17,Firearm,1,0.0
THEFT PLAIN - PETTY ($950 & UNDER),M,13-17,Other weapon,1,0.0
THEFT PLAIN - PETTY ($950 & UNDER),M,35-49,Firearm,1,0.0
THEFT PLAIN - PETTY ($950 & UNDER),X,18-20,Knife / sharp object,1,0.0
THEFT PLAIN - PETTY ($950 & UNDER),X,25-34,Personal weapons,1,0.0
THEFT PLAIN - PETTY ($950 & UNDER),X,35-49,Other weapon,1,0.0
THEFT PLAIN - PETTY ($950 & UNDER),X,50-64,Other weapon,1,0.0
"THEFT, COIN MACHINE - ATTEMPT",M,35-49,No weapon / unknown,3,100.0
"THEFT, COIN MACHINE - GRAND ($950.01 & OVER)",M,50-64,No weapon / unknown,1,33.33
"THEFT, COIN MACHINE - GRAND ($950.01 & OVER)",M,65+,No weapon / unknown,1,33.33
"THEFT, COIN MACHINE - GRAND ($950.01 & OVER)",X,18-20,Other weapon,1,33.33
"THEFT, COIN MACHINE - PETTY ($950 & UNDER)",F,13-17,No weapon / unknown,1,8.33
"THEFT, COIN MACHINE - PETTY ($950 & UNDER)",F,25-34,No weapon / unknown,1,8.33
"THEFT, COIN MACHINE - PETTY ($950 & UNDER)",F,35-49,No weapon / unknown,1,8.33
"THEFT, COIN MACHINE - PETTY ($950 & UNDER)",F,50-64,No weapon / unknown,1,8.33
"THEFT, COIN MACHINE - PETTY ($950 & UNDER)",F,50-64,Personal weapons,1,8.33
"THEFT, COIN MACHINE - PETTY ($950 & UNDER)",F,65+,No weapon / unknown,1,8.33
"THEFT, COIN MACHINE - PETTY ($950 & UNDER)",M,18-20,No weapon / unknown,1,8.33
"THEFT, COIN MACHINE - PETTY ($950 & UNDER)",M,25-34,No weapon / unknown,1,8.33
"THEFT, COIN MACHINE - PETTY ($950 & UNDER)",M,35-49,No weapon / unknown,1,8.33
"THEFT, COIN MACHINE - PETTY ($950 & UNDER)",M,50-64,No weapon / unknown,1,8.33
"THEFT, COIN MACHINE - PETTY ($950 & UNDER)",M,65+,No weapon / unknown,1,8.33
"THEFT, COIN MACHINE - PETTY ($950 & UNDER)",X,18-20,Other weapon,1,8.33
"THEFT, PERSON",F,25-34,No weapon / unknown,327,8.02
"THEFT, PERSON",F,35-49,No weapon / unknown,295,7.24
"THEFT, PERSON",F,25-34,Personal weapons,284,6.97
"THEFT, PERSON",M,50-64,No weapon / unknown,254,6.23
"THEFT, PERSON",F,50-64,No weapon / unknown,247,6.06
"THEFT, PERSON",M,35-49,No weapon / unknown,234,5.74
"THEFT, PERSON",M,25-34,No weapon / unknown,222,5.45
"THEFT, PERSON",F,65+,No weapon / unknown,219,5.37
"THEFT, PERSON",F,35-49,Personal weapons,211,5.18
"THEFT, PERSON",M,65+,No weapon / unknown,194,4.76
"THEFT, PERSON",F,21-24,No weapon / unknown,152,3.73
"THEFT, PERSON",F,50-64,Personal weapons,142,3.48
"THEFT, PERSON",F,21-24,Personal weapons,133,3.26
"THEFT, PERSON",M,35-49,Personal weapons,123,3.02
"THEFT, PERSON",M,50-64,Personal weapons,117,2.87
"THEFT, PERSON",M,25-34,Personal weapons,115,2.82
"THEFT, PERSON",M,21-24,No weapon / unknown,97,2.38
"THEFT, PERSON",F,18-20,No weapon / unknown,85,2.09
"THEFT, PERSON",F,18-20,Personal weapons,77,1.89
"THEFT, PERSON",F,65+,Personal weapons,75,1.84
"THEFT, PERSON",M,65+,Personal weapons,71,1.74
"THEFT, PERSON",M,21-24,Personal weapons,59,1.45
"THEFT, PERSON",F,13-17,No weapon / unknown,50,1.23
"THEFT, PERSON",M,18-20,No weapon / unknown,47,1.15
"THEFT, PERSON",F,13-17,Personal weapons,40,0.98
"THEFT, PERSON",M,13-17,No weapon / unknown,37,0.91
"THEFT, PERSON",M,18-20,Personal weapons,30,0.74
"THEFT, PERSON",M,13-17,Personal weapons,27,0.66
"THEFT, PERSON",F,35-49,Other weapon,10,0.25
"THEFT, PERSON",M,25-34,Other weapon,8,0.2
"THEFT, PERSON",M,50-64,Other weapon,8,0.2
"THEFT, PERSON",F,25-34,Other weapon,7,0.17
"THEFT, PERSON",M,35-49,Other weapon,7,0.17
"THEFT, PERSON",F,10-12,No weapon / unknown,6,0.15
"THEFT, PERSON",F,2-9,No weapon / unknown,5,0.12
"THEFT, PERSON",F,10-12,Personal weapons,5,0.12
"THEFT, PERSON",F,21-24,Other weapon,5,0.12
"THEFT, PERSON",F,50-64,Other weapon,5,0.12
"THEFT, PERSON",M,10-12,No weapon / unknown,5,0.12
"THEFT, PERSON",M,21-24,Other weapon,5,0.12
"THEFT, PERSON",F,65+,Other weapon,3,0.07
"THEFT, PERSON",M,10-12,Personal weapons,3,0.07
"THEFT, PERSON",M,13-17,Other weapon,3,0.07
"THEFT, PERSON",F,18-20,Other weapon,2,0.05
"THEFT, PERSON",M,2-9,No weapon / unknown,2,0.05
"THEFT, PERSON",M,18-20,Other weapon,2,0.05
"THEFT, PERSON",F,2-9,Personal weapons,1,0.02
"THEFT, PERSON",F,21-24,Blunt object,1,0.02
"THEFT, PERSON",F,21-24,Firearm,1,0.02
"THEFT, PERSON",F,21-24,Knife / sharp object,1,0.02
"THEFT, PERSON",F,25-34,Blunt object,1,0.02
"THEFT, PERSON",F,25-34,Firearm,1,0.02
"THEFT, PERSON",F,50-64,Firearm,1,0.02
"THEFT, PERSON",M,2-9,Personal weapons,1,0.02
"THEFT, PERSON",M,10-12,Other weapon,1,0.02
"THEFT, PERSON",M,18-20,Firearm,1,0.02
"THEFT, PERSON",M,21-24,Blunt object,1,0.02
"THEFT, PERSON",M,21-24,Firearm,1,0.02
"THEFT, PERSON",M,25-34,Firearm,1,0.02
"THEFT, PERSON",M,35-49,Firearm,1,0.02
"THEFT, PERSON",M,35-49,Knife / sharp object,1,0.02
"THEFT, PERSON",M,65+,Other weapon,1,0.02
"THEFT, PERSON",X,18-20,Personal weapons,1,0.02
"THEFT, PERSON",X,21-24,No weapon / unknown,1,0.02
"THEFT, PERSON",X,25-34,No weapon / unknown,1,0.02
"THEFT, PERSON",X,35-49,Personal weapons,1,0.02
"THEFT, PERSON",X,50-64,Personal weapons,1,0.02
"THEFT-GRAND ($950.01 & OVER)EXCPT,GUNS,FOWL,LIVESTK,PROD",M,35-49,No weapon / unknown,4647,16.79
"THEFT-GRAND ($950.01 & OVER)EXCPT,GUNS,FOWL,LIVESTK,PROD",M,25-34,No weapon / unknown,4184,15.11
"THEFT-GRAND ($950.01 & OVER)EXCPT,GUNS,FOWL,LIVESTK,PROD",F,25-34,No weapon / unknown,3641,13.15
"THEFT-GRAND ($950.01 & OVER)EXCPT,GUNS,FOWL,LIVESTK,PROD",F,35-49,No weapon / unknown,3398,12.27
"THEFT-GRAND ($950.01 & OVER)EXCPT,GUNS,FOWL,LIVESTK,PROD",M,50-64,No weapon / unknown,2601,9.4
"THEFT-GRAND ($950.01 & OVER)EXCPT,GUNS,FOWL,LIVESTK,PROD",F,50-64,No weapon / unknown,1992,7.2
"THEFT-GRAND ($950.01 & OVER)EXCPT,GUNS,FOWL,LIVESTK,PROD",F,65+,No weapon / unknown,1217,4.4
"THEFT-GRAND ($950.01 & OVER)EXCPT,GUNS,FOWL,LIVESTK,PROD",M,65+,No weapon / unknown,1096,3.96
"THEFT-GRAND ($950.01 & OVER)EXCPT,GUNS,FOWL,LIVESTK,PROD",M,21-24,No weapon / unknown,1084,3.92
"THEFT-GRAND ($950.01 & OVER)EXCPT,GUNS,FOWL,LIVESTK,PROD",F,21-24,No weapon / unknown,1050,3.79
"THEFT-GRAND ($950.01 & OVER)EXCPT,GUNS,FOWL,LIVESTK,PROD",M,18-20,No weapon / unknown,473,1.71
"THEFT-GRAND ($950.01 & OVER)EXCPT,GUNS,FOWL,LIVESTK,PROD",F,18-20,No weapon / unknown,393,1.42
"THEFT-GRAND ($950.01 & OVER)EXCPT,GUNS,FOWL,LIVESTK,PROD",X,21-24,No weapon / unknown,262,0.95
"THEFT-GRAND ($950.01 & OVER)EXCPT,GUNS,FOWL,LIVESTK,PROD",M,35-49,Other weapon,153,0.55
"THEFT-GRAND ($950.01 & OVER)EXCPT,GUNS,FOWL,LIVESTK,PROD",F,35-49,Other weapon,135,0.49
"THEFT-GRAND ($950.01 & OVER)EXCPT,GUNS,FOWL,LIVESTK,PROD",M,25-34,Other weapon,117,0.42
"THEFT-GRAND ($950.01 & OVER)EXCPT,GUNS,FOWL,LIVESTK,PROD",M,50-64,Other weapon,111,0.4
"THEFT-GRAND ($950.01 & OVER)EXCPT,GUNS,FOWL,LIVESTK,PROD",F,25-34,Other weapon,107,0.39
"THEFT-GRAND ($950.01 & OVER)EXCPT,GUNS,FOWL,LIVESTK,PROD",M,13-17,No weapon / unknown,93,0.34
"THEFT-GRAND ($950.01 & OVER)EXCPT,GUNS,FOWL,LIVESTK,PROD",F,25-34,Personal weapons,87,0.31
"THEFT-GRAND ($950.01 & OVER)EXCPT,GUNS,FOWL,LIVESTK,PROD",F,50-64,Other weapon,80,0.29
"THEFT-GRAND ($950.01 & OVER)EXCPT,GUNS,FOWL,LIVESTK,PROD",F,13-17,No weapon / unknown,71,0.26
"THEFT-GRAND ($950.01 & OVER)EXCPT,GUNS,FOWL,LIVESTK,PROD",X,18-20,No weapon / unknown,69,0.25
"THEFT-GRAND ($950.01 & OVER)EXCPT,GUNS,FOWL,LIVESTK,PROD",F,35-49,Personal weapons,58,0.21
"THEFT-GRAND ($950.01 & OVER)EXCPT,GUNS,FOWL,LIVESTK,PROD",M,25-34,Personal weapons,51,0.18
"THEFT-GRAND ($950.01 & OVER)EXCPT,GUNS,FOWL,LIVESTK,PROD",M,35-49,Personal weapons,48,0.17
"THEFT-GRAND ($950.01 & OVER)EXCPT,GUNS,FOWL,LIVESTK,PROD",F,65+,Other weapon,43,0.16
"THEFT-GRAND ($950.01 & OVER)EXCPT,GUNS,FOWL,LIVESTK,PROD",X,25-34,No weapon / unknown,39,0.14
"THEFT-GRAND ($950.01 & OVER)EXCPT,GUNS,FOWL,LIVESTK,PROD",X,35-49,No weapon / unknown,39,0.14
"THEFT-GRAND ($950.01 & OVER)EXCPT,GUNS,FOWL,LIVESTK,PROD",F,21-24,Personal weapons,35,0.13
"THEFT-GRAND ($950.01 & OVER)EXCPT,GUNS,FOWL,LIVESTK,PROD",F,50-64,Personal weapons,29,0.1
"THEFT-GRAND ($950.01 & OVER)EXCPT,GUNS,FOWL,LIVESTK,PROD",M,21-24,Other weapon,29,0.1
"THEFT-GRAND ($950.01 & OVER)EXCPT,GUNS,FOWL,LIVESTK,PROD",F,21-24,Other weapon,27,0.1
"THEFT-GRAND ($950.01 & OVER)EXCPT,GUNS,FOWL,LIVESTK,PROD",M,65+,Other weapon,25,0.09
"THEFT-GRAND ($950.01 & OVER)EXCPT,GUNS,FOWL,LIVESTK,PROD",M,50-64,Personal weapons,23,0.08
"THEFT-GRAND ($950.01 & OVER)EXCPT,GUNS,FOWL,LIVESTK,PROD",M,21-24,Personal weapons,20,0.07
"THEFT-GRAND ($950.01 & OVER)EXCPT,GUNS,FOWL,LIVESTK,PROD",F,18-20,Personal weapons,19,0.07
"THEFT-GRAND ($950.01 & OVER)EXCPT,GUNS,FOWL,LIVESTK,PROD",X,50-64,No weapon / unknown,13,0.05
"THEFT-GRAND ($950.01 & OVER)EXCPT,GUNS,FOWL,LIVESTK,PROD",F,13-17,Personal weapons,12,0.04
"THEFT-GRAND ($950.01 & OVER)EXCPT,GUNS,FOWL,LIVESTK,PROD",F,18-20,Other weapon,12,0.04
"THEFT-GRAND ($950.01 & OVER)EXCPT,GUNS,FOWL,LIVESTK,PROD",M,10-12,No weapon / unknown,12,0.04
"THEFT-GRAND ($950.01 & OVER)EXCPT,GUNS,FOWL,LIVESTK,PROD",F,65+,Personal weapons,9,0.03
"THEFT-GRAND ($950.01 & OVER)EXCPT,GUNS,FOWL,LIVESTK,PROD",M,65+,Personal weapons,9,0.03
"THEFT-GRAND ($950.01 & OVER)EXCPT,GUNS,FOWL,LIVESTK,PROD",F,10-12,No weapon / unknown,8,0.03
"THEFT-GRAND ($950.01 & OVER)EXCPT,GUNS,FOWL,LIVESTK,PROD",M,18-20,Personal weapons,7,0.03
"THEFT-GRAND ($950.01 & OVER)EXCPT,GUNS,FOWL,LIVESTK,PROD",M,13-17,Personal weapons,6,0.02
"THEFT-GRAND ($950.01 & OVER)EXCPT,GUNS,FOWL,LIVESTK,PROD",X,21-24,Personal weapons,6,0.02
"THEFT-GRAND ($950.01 & OVER)EXCPT,GUNS,FOWL,LIVESTK,PROD",M,18-20,Other weapon,5,0.02
"THEFT-GRAND ($950.01 & OVER)EXCPT,GUNS,FOWL,LIVESTK,PROD",M,2-9,No weapon / unknown,3,0.01
"THEFT-GRAND ($950.01 & OVER)EXCPT,GUNS,FOWL,LIVESTK,PROD",M,50-64,Firearm,3,0.01
"THEFT-GRAND ($950.01 & OVER)EXCPT,GUNS,FOWL,LIVESTK,PROD",X,65+,No weapon / unknown,3,0.01
"THEFT-GRAND ($950.01 & OVER)EXCPT,GUNS,FOWL,LIVESTK,PROD",F,13-17,Firearm,2,0.01
"THEFT-GRAND ($950.01 & OVER)EXCPT,GUNS,FOWL,LIVESTK,PROD",F,13-17,Other weapon,2,0.01
"THEFT-GRAND ($950.01 & OVER)EXCPT,GUNS,FOWL,LIVESTK,PROD",M,25-34,Firearm,2,0.01
"THEFT-GRAND ($950.01 & OVER)EXCPT,GUNS,FOWL,LIVESTK,PROD",X,18-20,Personal weapons,2,0.01
"THEFT-GRAND ($950.01 & OVER)EXCPT,GUNS,FOWL,LIVESTK,PROD",X,35-49,Other weapon,2,0.01
"THEFT-GRAND ($950.01 & OVER)EXCPT,GUNS,FOWL,LIVESTK,PROD",F,2-9,No weapon / unknown,1,0.0
"THEFT-GRAND ($950.01 & OVER)EXCPT,GUNS,FOWL,LIVESTK,PROD",F,2-9,Personal weapons,1,0.0
"THEFT-GRAND ($950.01 & OVER)EXCPT,GUNS,FOWL,LIVESTK,PROD",F,21-24,Firearm,1,0.0
"THEFT-GRAND ($950.01 & OVER)EXCPT,GUNS,FOWL,LIVESTK,PROD",F,21-24,Knife / sharp object,1,0.0
"THEFT-GRAND ($950.01 & OVER)EXCPT,GUNS,FOWL,LIVESTK,PROD",F,25-34,Firearm,1,0.0
"THEFT-GRAND ($950.01 & OVER)EXCPT,GUNS,FOWL,LIVESTK,PROD",F,35-49,Knife / sharp object,1,0.0
"THEFT-GRAND ($950.01 & OVER)EXCPT,GUNS,FOWL,LIVESTK,PROD",M,10-12,Personal weapons,1,0.0
"THEFT-GRAND ($950.01 & OVER)EXCPT,GUNS,FOWL,LIVESTK,PROD",M,13-17,Firearm,1,0.0
"THEFT-GRAND ($950.01 & OVER)EXCPT,GUNS,FOWL,LIVESTK,PROD",M,13-17,Other weapon,1,0.0
"THEFT-GRAND ($950.01 & OVER)EXCPT,GUNS,FOWL,LIVESTK,PROD",M,18-20,Firearm,1,0.0
"THEFT-GRAND ($950.01 & OVER)EXCPT,GUNS,FOWL,LIVESTK,PROD",M,21-24,Firearm,1,0.0
"THEFT-GRAND ($950.01 & OVER)EXCPT,GUNS,FOWL,LIVESTK,PROD",M,21-24,Knife / sharp object,1,0.0
"THEFT-GRAND ($950.01 & OVER)EXCPT,GUNS,FOWL,LIVESTK,PROD",M,25-34,Knife / sharp object,1,0.0
"THEFT-GRAND ($950.01 & OVER)EXCPT,GUNS,FOWL,LIVESTK,PROD",M,35-49,Knife / sharp object,1,0.0
"THEFT-GRAND ($950.01 & OVER)EXCPT,GUNS,FOWL,LIVESTK,PROD",M,50-64,Knife / sharp object,1,0.0
"THEFT-GRAND ($950.01 & OVER)EXCPT,GUNS,FOWL,LIVESTK,PROD",X,2-9,No weapon / unknown,1,0.0
"THEFT-GRAND ($950.01 & OVER)EXCPT,GUNS,FOWL,LIVESTK,PROD",X,10-12,No weapon / unknown,1,0.0
"THEFT-GRAND ($950.01 & OVER)EXCPT,GUNS,FOWL,LIVESTK,PROD",X,18-20,Other weapon,1,0.0
"THEFT-GRAND ($950.01 & OVER)EXCPT,GUNS,FOWL,LIVESTK,PROD",X,21-24,Other weapon,1,0.0
"THEFT-GRAND ($950.01 & OVER)EXCPT,GUNS,FOWL,LIVESTK,PROD",X,25-34,Personal weapons,1,0.0
THREATENING PHONE CALLS/LETTERS,F,25-34,Other weapon,91,20.54
THREATENING PHONE CALLS/LETTERS,F,35-49,Other weapon,69,15.58
THREATENING PHONE CALLS/LETTERS,M,35-49,Other weapon,57,12.87
THREATENING PHONE CALLS/LETTERS,M,25-34,Other weapon,45,10.16
THREATENING PHONE CALLS/LETTERS,M,50-64,Other weapon,38,8.58
THREATENING PHONE CALLS/LETTERS,F,50-64,Other weapon,31,7.0
THREATENING PHONE CALLS/LETTERS,F,21-24,Other weapon,18,4.06
THREATENING PHONE CALLS/LETTERS,M,21-24,Other weapon,18,4.06
THREATENING PHONE CALLS/LETTERS,F,18-20,Other weapon,16,3.61
THREATENING PHONE CALLS/LETTERS,M,13-17,Other weapon,12,2.71
THREATENING PHONE CALLS/LETTERS,F,13-17,Other weapon,10,2.26
THREATENING PHONE CALLS/LETTERS,F,65+,Other weapon,6,1.35
THREATENING PHONE CALLS/LETTERS,M,65+,Other weapon,6,1.35
THREATENING PHONE CALLS/LETTERS,M,18-20,Other weapon,5,1.13
THREATENING PHONE CALLS/LETTERS,F,10-12,Other weapon,3,0.68
THREATENING PHONE CALLS/LETTERS,F,35-49,Personal weapons,3,0.68
THREATENING PHONE CALLS/LETTERS,M,10-12,Other weapon,3,0.68
THREATENING PHONE CALLS/LETTERS,X,21-24,Other weapon,3,0.68
THREATENING PHONE CALLS/LETTERS,F,13-17,Firearm,1,0.23
THREATENING PHONE CALLS/LETTERS,F,18-20,Personal weapons,1,0.23
THREATENING PHONE CALLS/LETTERS,F,21-24,No weapon / unknown,1,0.23
THREATENING PHONE CALLS/LETTERS,F,25-34,Personal weapons,1,0.23
THREATENING PHONE CALLS/LETTERS,F,35-49,No weapon / unknown,1,0.23
THREATENING PHONE CALLS/LETTERS,F,65+,No weapon / unknown,1,0.23
THREATENING PHONE CALLS/LETTERS,M,35-49,No weapon / unknown,1,0.23
THREATENING PHONE CALLS/LETTERS,X,35-49,Other weapon,1,0.23
THREATENING PHONE CALLS/LETTERS,X,65+,Other weapon,1,0.23
THROWING OBJECT AT MOVING VEHICLE,M,35-49,Other weapon,125,17.83
THROWING OBJECT AT MOVING VEHICLE,M,25-34,Other weapon,98,13.98
THROWING OBJECT AT MOVING VEHICLE,F,35-49,Other weapon,96,13.69
THROWING OBJECT AT MOVING VEHICLE,F,25-34,Other weapon,92,13.12
THROWING OBJECT AT MOVING VEHICLE,M,50-64,Other weapon,77,10.98
THROWING OBJECT AT MOVING VEHICLE,F,50-64,Other weapon,45,6.42
THROWING OBJECT AT MOVING VEHICLE,M,21-24,Other weapon,27,3.85
THROWING OBJECT AT MOVING VEHICLE,F,21-24,Other weapon,19,2.71
THROWING OBJECT AT MOVING VEHICLE,M,65+,Other weapon,18,2.57
THROWING OBJECT AT MOVING VEHICLE,F,65+,Other weapon,10,1.43
THROWING OBJECT AT MOVING VEHICLE,M,18-20,Other weapon,10,1.43
THROWING OBJECT AT MOVING VEHICLE,F,18-20,Other weapon,6,0.86
THROWING OBJECT AT MOVING VEHICLE,M,25-34,No weapon / unknown,6,0.86
THROWING OBJECT AT MOVING VEHICLE,F,35-49,Blunt object,4,0.57
THROWING OBJECT AT MOVING VEHICLE,M,13-17,Other weapon,4,0.57
THROWING OBJECT AT MOVING VEHICLE,M,25-34,Personal weapons,4,0.57
THROWING OBJECT AT MOVING VEHICLE,M,35-49,No weapon / unknown,4,0.57
THROWING OBJECT AT MOVING VEHICLE,X,21-24,Other weapon,4,0.57
THROWING OBJECT AT MOVING VEHICLE,F,25-34,No weapon / unknown,3,0.43
THROWING OBJECT AT MOVING VEHICLE,F,25-34,Personal weapons,3,0.43
THROWING OBJECT AT MOVING VEHICLE,F,35-49,No weapon / unknown,3,0.43
THROWING OBJECT AT MOVING VEHICLE,F,35-49,Personal weapons,3,0.43
THROWING OBJECT AT MOVING VEHICLE,M,2-9,Other weapon,3,0.43
THROWING OBJECT AT MOVING VEHICLE,M,35-49,Personal weapons,3,0.43
THROWING OBJECT AT MOVING VEHICLE,M,50-64,No weapon / unknown,3,0.43
THROWING OBJECT AT MOVING VEHICLE,M,50-64,Personal weapons,3,0.43
THROWING OBJECT AT MOVING VEHICLE,F,25-34,Blunt object,2,0.29
THROWING OBJECT AT MOVING VEHICLE,F,50-64,Personal weapons,2,0.29
THROWING OBJECT AT MOVING VEHICLE,M,25-34,Blunt object,2,0.29
THROWING OBJECT AT MOVING VEHICLE,M,35-49,Blunt object,2,0.29
THROWING OBJECT AT MOVING VEHICLE,X,18-20,Other weapon,2,0.29
THROWING OBJECT AT MOVING VEHICLE,F,2-9,Other weapon,1,0.14
THROWING OBJECT AT MOVING VEHICLE,F,13-17,Other weapon,1,0.14
THROWING OBJECT AT MOVING VEHICLE,F,18-20,Blunt object,1,0.14
THROWING OBJECT AT MOVING VEHICLE,F,18-20,No weapon / unknown,1,0.14
THROWING OBJECT AT MOVING VEHICLE,F,21-24,Blunt object,1,0.14
THROWING OBJECT AT MOVING VEHICLE,F,21-24,No weapon / unknown,1,0.14
THROWING OBJECT AT MOVING VEHICLE,F,21-24,Personal weapons,1,0.14
THROWING OBJECT AT MOVING VEHICLE,F,50-64,No weapon / unknown,1,0.14
THROWING OBJECT AT MOVING VEHICLE,M,10-12,Other weapon,1,0.14
THROWING OBJECT AT MOVING VEHICLE,M,18-20,No weapon / unknown,1,0.14
THROWING OBJECT AT MOVING VEHICLE,M,18-20,Personal weapons,1,0.14
THROWING OBJECT AT MOVING VEHICLE,M,21-24,No weapon / unknown,1,0.14
THROWING OBJECT AT MOVING VEHICLE,M,21-24,Personal weapons,1,0.14
THROWING OBJECT AT MOVING VEHICLE,M,35-49,Firearm,1,0.14
THROWING OBJECT AT MOVING VEHICLE,M,50-64,Blunt object,1,0.14
THROWING OBJECT AT MOVING VEHICLE,M,65+,Personal weapons,1,0.14
THROWING OBJECT AT MOVING VEHICLE,X,13-17,Other weapon,1,0.14
THROWING OBJECT AT MOVING VEHICLE,X,35-49,Other weapon,1,0.14
TILL TAP - GRAND THEFT ($950.01 & OVER),M,50-64,No weapon / unknown,2,22.22
TILL TAP - GRAND THEFT ($950.01 & OVER),F,21-24,No weapon / unknown,1,11.11
TILL TAP - GRAND THEFT ($950.01 & OVER),F,25-34,No weapon / unknown,1,11.11
TILL TAP - GRAND THEFT ($950.01 & OVER),F,50-64,No weapon / unknown,1,11.11
TILL TAP - GRAND THEFT ($950.01 & OVER),M,18-20,No weapon / unknown,1,11.11
TILL TAP - GRAND THEFT ($950.01 & OVER),M,21-24,No weapon / unknown,1,11.11
TILL TAP - GRAND THEFT ($950.01 & OVER),M,25-34,No weapon / unknown,1,11.11
TILL TAP - GRAND THEFT ($950.01 & OVER),M,35-49,No weapon / unknown,1,11.11
TILL TAP - PETTY ($950 & UNDER),M,50-64,No weapon / unknown,2,22.22
TILL TAP - PETTY ($950 & UNDER),F,18-20,No weapon / unknown,1,11.11
TILL TAP - PETTY ($950 & UNDER),F,25-34,No weapon / unknown,1,11.11
TILL TAP - PETTY ($950 & UNDER),F,35-49,No weapon / unknown,1,11.11
TILL TAP - PETTY ($950 & UNDER),F,50-64,No weapon / unknown,1,11.11
TILL TAP - PETTY ($950 & UNDER),M,18-20,No weapon / unknown,1,11.11
TILL TAP - PETTY ($950 & UNDER),M,25-34,No weapon / unknown,1,11.11
TILL TAP - PETTY ($950 & UNDER),X,18-20,No weapon / unknown,1,11.11
TRAIN WRECKING,M,50-64,Other weapon,1,100.0
TRESPASSING,M,35-49,No weapon / unknown,1532,17.46
TRESPASSING,M,50-64,No weapon / unknown,1112,12.68
TRESPASSING,F,35-49,No weapon / unknown,1081,12.32
TRESPASSING,F,50-64,No weapon / unknown,870,9.92
TRESPASSING,M,25-34,No weapon / unknown,826,9.42
TRESPASSING,F,25-34,No weapon / unknown,764,8.71
TRESPASSING,X,21-24,No weapon / unknown,722,8.23
TRESPASSING,F,65+,No weapon / unknown,516,5.88
TRESPASSING,M,65+,No weapon / unknown,493,5.62
TRESPASSING,F,21-24,No weapon / unknown,169,1.93
TRESPASSING,M,21-24,No weapon / unknown,157,1.79
TRESPASSING,X,18-20,No weapon / unknown,63,0.72
TRESPASSING,M,18-20,No weapon / unknown,61,0.7
TRESPASSING,F,18-20,No weapon / unknown,57,0.65
TRESPASSING,X,21-24,Other weapon,30,0.34
TRESPASSING,M,35-49,Other weapon,26,0.3
TRESPASSING,F,25-34,Other weapon,18,0.21
TRESPASSING,F,35-49,Personal weapons,18,0.21
TRESPASSING,M,25-34,Personal weapons,16,0.18
TRESPASSING,M,50-64,Other weapon,16,0.18
TRESPASSING,F,35-49,Other weapon,15,0.17
TRESPASSING,M,50-64,Personal weapons,15,0.17
TRESPASSING,X,25-34,No weapon / unknown,15,0.17
TRESPASSING,F,25-34,Personal weapons,13,0.15
TRESPASSING,F,13-17,No weapon / unknown,12,0.14
TRESPASSING,F,50-64,Other weapon,12,0.14
TRESPASSING,F,50-64,Personal weapons,12,0.14
TRESPASSING,M,13-17,No weapon / unknown,11,0.13
TRESPASSING,F,65+,Personal weapons,10,0.11
TRESPASSING,M,25-34,Other weapon,10,0.11
TRESPASSING,M,65+,Personal weapons,10,0.11
TRESPASSING,F,65+,Other weapon,9,0.1
TRESPASSING,M,35-49,Personal weapons,9,0.1
TRESPASSING,M,21-24,Personal weapons,7,0.08
TRESPASSING,M,65+,Other weapon,6,0.07
TRESPASSING,X,35-49,No weapon / unknown,6,0.07
TRESPASSING,X,50-64,No weapon / unknown,6,0.07
TRESPASSING,F,21-24,Other weapon,4,0.05
TRESPASSING,X,65+,No weapon / unknown,4,0.05
TRESPASSING,F,21-24,Personal weapons,3,0.03
TRESPASSING,M,21-24,Other weapon,3,0.03
TRESPASSING,M,50-64,Firearm,3,0.03
TRESPASSING,F,18-20,Other weapon,2,0.02
TRESPASSING,F,25-34,Firearm,2,0.02
TRESPASSING,F,35-49,Knife / sharp object,2,0.02
TRESPASSING,M,2-9,No weapon / unknown,2,0.02
TRESPASSING,M,18-20,Other weapon,2,0.02
TRESPASSING,M,18-20,Personal weapons,2,0.02
TRESPASSING,M,25-34,Firearm,2,0.02
TRESPASSING,X,2-9,No weapon / unknown,2,0.02
TRESPASSING,F,2-9,No weapon / unknown,1,0.01
TRESPASSING,F,10-12,No weapon / unknown,1,0.01
TRESPASSING,F,18-20,Personal weapons,1,0.01
TRESPASSING,F,25-34,Knife / sharp object,1,0.01
TRESPASSING,F,65+,Blunt object,1,0.01
TRESPASSING,F,65+,Firearm,1,0.01
TRESPASSING,F,65+,Knife / sharp object,1,0.01
TRESPASSING,M,10-12,No weapon / unknown,1,0.01
TRESPASSING,M,13-17,Personal weapons,1,0.01
TRESPASSING,M,25-34,Knife / sharp object,1,0.01
TRESPASSING,M,35-49,Blunt object,1,0.01
TRESPASSING,M,50-64,Knife / sharp object,1,0.01
TRESPASSING,X,13-17,No weapon / unknown,1,0.01
TRESPASSING,X,35-49,Other weapon,1,0.01
UNAUTHORIZED COMPUTER ACCESS,M,35-49,No weapon / unknown,98,21.17
UNAUTHORIZED COMPUTER ACCESS,F,35-49,No weapon / unknown,70,15.12
UNAUTHORIZED COMPUTER ACCESS,F,50-64,No weapon / unknown,60,12.96
UNAUTHORIZED COMPUTER ACCESS,F,25-34,No weapon / unknown,58,12.53
UNAUTHORIZED COMPUTER ACCESS,M,25-34,No weapon / unknown,40,8.64
UNAUTHORIZED COMPUTER ACCESS,F,65+,No weapon / unknown,35,7.56
UNAUTHORIZED COMPUTER ACCESS,M,50-64,No weapon / unknown,33,7.13
UNAUTHORIZED COMPUTER ACCESS,F,21-24,No weapon / unknown,21,4.54
UNAUTHORIZED COMPUTER ACCESS,M,65+,No weapon / unknown,16,3.46
UNAUTHORIZED COMPUTER ACCESS,M,21-24,No weapon / unknown,9,1.94
UNAUTHORIZED COMPUTER ACCESS,F,13-17,No weapon / unknown,8,1.73
UNAUTHORIZED COMPUTER ACCESS,M,18-20,No weapon / unknown,3,0.65
UNAUTHORIZED COMPUTER ACCESS,F,18-20,No weapon / unknown,2,0.43
UNAUTHORIZED COMPUTER ACCESS,X,21-24,No weapon / unknown,2,0.43
UNAUTHORIZED COMPUTER ACCESS,F,10-12,No weapon / unknown,1,0.22
UNAUTHORIZED COMPUTER ACCESS,F,13-17,Other weapon,1,0.22
UNAUTHORIZED COMPUTER ACCESS,F,21-24,Other weapon,1,0.22
UNAUTHORIZED COMPUTER ACCESS,F,25-34,Personal weapons,1,0.22
UNAUTHORIZED COMPUTER ACCESS,M,13-17,No weapon / unknown,1,0.22
UNAUTHORIZED COMPUTER ACCESS,M,25-34,Other weapon,1,0.22
UNAUTHORIZED COMPUTER ACCESS,X,18-20,No weapon / unknown,1,0.22
UNAUTHORIZED COMPUTER ACCESS,X,18-20,Other weapon,1,0.22
"VANDALISM - FELONY ($400 & OVER, ALL CHURCH VANDALISMS)",M,35-49,No weapon / unknown,7569,16.33
"VANDALISM - FELONY ($400 & OVER, ALL CHURCH VANDALISMS)",F,35-49,No weapon / unknown,6393,13.79
"VANDALISM - FELONY ($400 & OVER, ALL CHURCH VANDALISMS)",F,25-34,No weapon / unknown,5856,12.63
"VANDALISM - FELONY ($400 & OVER, ALL CHURCH VANDALISMS)",M,25-34,No weapon / unknown,5701,12.3
"VANDALISM - FELONY ($400 & OVER, ALL CHURCH VANDALISMS)",M,50-64,No weapon / unknown,5071,10.94
"VANDALISM - FELONY ($400 & OVER, ALL CHURCH VANDALISMS)",F,50-64,No weapon / unknown,3784,8.16
"VANDALISM - FELONY ($400 & OVER, ALL CHURCH VANDALISMS)",M,65+,No weapon / unknown,1809,3.9
"VANDALISM - FELONY ($400 & OVER, ALL CHURCH VANDALISMS)",F,21-24,No weapon / unknown,1577,3.4
"VANDALISM - FELONY ($400 & OVER, ALL CHURCH VANDALISMS)",F,65+,No weapon / unknown,1427,3.08
"VANDALISM - FELONY ($400 & OVER, ALL CHURCH VANDALISMS)",M,21-24,No weapon / unknown,1359,2.93
"VANDALISM - FELONY ($400 & OVER, ALL CHURCH VANDALISMS)",M,35-49,Other weapon,487,1.05
"VANDALISM - FELONY ($400 & OVER, ALL CHURCH VANDALISMS)",M,18-20,No weapon / unknown,472,1.02
"VANDALISM - FELONY ($400 & OVER, ALL CHURCH VANDALISMS)",X,21-24,No weapon / unknown,465,1.0
"VANDALISM - FELONY ($400 & OVER, ALL CHURCH VANDALISMS)",F,18-20,No weapon / unknown,395,0.85
"VANDALISM - FELONY ($400 & OVER, ALL CHURCH VANDALISMS)",M,50-64,Other weapon,361,0.78
"VANDALISM - FELONY ($400 & OVER, ALL CHURCH VANDALISMS)",M,25-34,Other weapon,325,0.7
"VANDALISM - FELONY ($400 & OVER, ALL CHURCH VANDALISMS)",F,35-49,Other weapon,320,0.69
"VANDALISM - FELONY ($400 & OVER, ALL CHURCH VANDALISMS)",F,25-34,Other weapon,311,0.67
"VANDALISM - FELONY ($400 & OVER, ALL CHURCH VANDALISMS)",X,18-20,No weapon / unknown,280,0.6
"VANDALISM - FELONY ($400 & OVER, ALL CHURCH VANDALISMS)",F,50-64,Other weapon,207,0.45
"VANDALISM - FELONY ($400 & OVER, ALL CHURCH VANDALISMS)",M,35-49,Personal weapons,162,0.35
"VANDALISM - FELONY ($400 & OVER, ALL CHURCH VANDALISMS)",F,35-49,Personal weapons,160,0.35
"VANDALISM - FELONY ($400 & OVER, ALL CHURCH VANDALISMS)",M,50-64,Personal weapons,126,0.27
"VANDALISM - FELONY ($400 & OVER, ALL CHURCH VANDALISMS)",F,25-34,Personal weapons,121,0.26
"VANDALISM - FELONY ($400 & OVER, ALL CHURCH VANDALISMS)",M,25-34,Personal weapons,118,0.25
"VANDALISM - FELONY ($400 & OVER, ALL CHURCH VANDALISMS)",F,21-24,Other weapon,106,0.23
"VANDALISM - FELONY ($400 & OVER, ALL CHURCH VANDALISMS)",M,65+,Other weapon,104,0.22
"VANDALISM - FELONY ($400 & OVER, ALL CHURCH VANDALISMS)",M,21-24,Other weapon,84,0.18
"VANDALISM - FELONY ($400 & OVER, ALL CHURCH VANDALISMS)",F,50-64,Personal weapons,82,0.18
"VANDALISM - FELONY ($400 & OVER, ALL CHURCH VANDALISMS)",F,65+,Other weapon,78,0.17
"VANDALISM - FELONY ($400 & OVER, ALL CHURCH VANDALISMS)",M,65+,Personal weapons,52,0.11
"VANDALISM - FELONY ($400 & OVER, ALL CHURCH VANDALISMS)",X,25-34,No weapon / unknown,50,0.11
"VANDALISM - FELONY ($400 & OVER, ALL CHURCH VANDALISMS)",F,21-24,Personal weapons,49,0.11
"VANDALISM - FELONY ($400 & OVER, ALL CHURCH VANDALISMS)",M,21-24,Personal weapons,43,0.09
"VANDALISM - FELONY ($400 & OVER, ALL CHURCH VANDALISMS)",X,21-24,Other weapon,42,0.09
"VANDALISM - FELONY ($400 & OVER, ALL CHURCH VANDALISMS)",M,25-34,Firearm,41,0.09
"VANDALISM - FELONY ($400 & OVER, ALL CHURCH VANDALISMS)",X,35-49,No weapon / unknown,41,0.09
"VANDALISM - FELONY ($400 & OVER, ALL CHURCH VANDALISMS)",X,18-20,Other weapon,40,0.09
"VANDALISM - FELONY ($400 & OVER, ALL CHURCH VANDALISMS)",M,35-49,Firearm,36,0.08
"VANDALISM - FELONY ($400 & OVER, ALL CHURCH VANDALISMS)",M,13-17,No weapon / unknown,32,0.07
"VANDALISM - FELONY ($400 & OVER, ALL CHURCH VANDALISMS)",F,25-34,Firearm,28,0.06
"VANDALISM - FELONY ($400 & OVER, ALL CHURCH VANDALISMS)",F,35-49,Firearm,27,0.06
"VANDALISM - FELONY ($400 & OVER, ALL CHURCH VANDALISMS)",M,18-20,Other weapon,27,0.06
"VANDALISM - FELONY ($400 & OVER, ALL CHURCH VANDALISMS)",M,35-49,Blunt object,27,0.06
"VANDALISM - FELONY ($400 & OVER, ALL CHURCH VANDALISMS)",F,13-17,No weapon / unknown,26,0.06
"VANDALISM - FELONY ($400 & OVER, ALL CHURCH VANDALISMS)",M,50-64,Firearm,25,0.05
"VANDALISM - FELONY ($400 & OVER, ALL CHURCH VANDALISMS)",X,50-64,No weapon / unknown,23,0.05
"VANDALISM - FELONY ($400 & OVER, ALL CHURCH VANDALISMS)",F,65+,Personal weapons,22,0.05
"VANDALISM - FELONY ($400 & OVER, ALL CHURCH VANDALISMS)",M,35-49,Knife / sharp object,22,0.05
"VANDALISM - FELONY ($400 & OVER, ALL CHURCH VANDALISMS)",M,25-34,Knife / sharp object,21,0.05
"VANDALISM - FELONY ($400 & OVER, ALL CHURCH VANDALISMS)",F,25-34,Blunt object,20,0.04
"VANDALISM - FELONY ($400 & OVER, ALL CHURCH VANDALISMS)",F,25-34,Knife / sharp object,19,0.04
"VANDALISM - FELONY ($400 & OVER, ALL CHURCH VANDALISMS)",F,50-64,Firearm,19,0.04
"VANDALISM - FELONY ($400 & OVER, ALL CHURCH VANDALISMS)",X,18-20,Personal weapons,19,0.04
"VANDALISM - FELONY ($400 & OVER, ALL CHURCH VANDALISMS)",F,18-20,Other weapon,18,0.04
"VANDALISM - FELONY ($400 & OVER, ALL CHURCH VANDALISMS)",M,50-64,Knife / sharp object,17,0.04
"VANDALISM - FELONY ($400 & OVER, ALL CHURCH VANDALISMS)",F,18-20,Personal weapons,15,0.03
"VANDALISM - FELONY ($400 & OVER, ALL CHURCH VANDALISMS)",F,35-49,Blunt object,15,0.03
"VANDALISM - FELONY ($400 & OVER, ALL CHURCH VANDALISMS)",X,21-24,Personal weapons,15,0.03
"VANDALISM - FELONY ($400 & OVER, ALL CHURCH VANDALISMS)",M,25-34,Blunt object,14,0.03
"VANDALISM - FELONY ($400 & OVER, ALL CHURCH VANDALISMS)",F,35-49,Knife / sharp object,13,0.03
"VANDALISM - FELONY ($400 & OVER, ALL CHURCH VANDALISMS)",M,18-20,Personal weapons,13,0.03
"VANDALISM - FELONY ($400 & OVER, ALL CHURCH VANDALISMS)",M,2-9,No weapon / unknown,12,0.03
"VANDALISM - FELONY ($400 & OVER, ALL CHURCH VANDALISMS)",M,50-64,Blunt object,12,0.03
"VANDALISM - FELONY ($400 & OVER, ALL CHURCH VANDALISMS)",F,50-64,Blunt object,11,0.02
"VANDALISM - FELONY ($400 & OVER, ALL CHURCH VANDALISMS)",M,65+,Firearm,10,0.02
"VANDALISM - FELONY ($400 & OVER, ALL CHURCH VANDALISMS)",X,65+,No weapon / unknown,10,0.02
"VANDALISM - FELONY ($400 & OVER, ALL CHURCH VANDALISMS)",M,18-20,Firearm,8,0.02
"VANDALISM - FELONY ($400 & OVER, ALL CHURCH VANDALISMS)",M,21-24,Blunt object,8,0.02
"VANDALISM - FELONY ($400 & OVER, ALL CHURCH VANDALISMS)",M,21-24,Firearm,8,0.02
"VANDALISM - FELONY ($400 & OVER, ALL CHURCH VANDALISMS)",X,21-24,Firearm,8,0.02
"VANDALISM - FELONY ($400 & OVER, ALL CHURCH VANDALISMS)",F,21-24,Firearm,7,0.02
"VANDALISM - FELONY ($400 & OVER, ALL CHURCH VANDALISMS)",F,65+,Firearm,7,0.02
"VANDALISM - FELONY ($400 & OVER, ALL CHURCH VANDALISMS)",F,50-64,Knife / sharp object,6,0.01
"VANDALISM - FELONY ($400 & OVER, ALL CHURCH VANDALISMS)",X,35-49,Other weapon,6,0.01
"VANDALISM - FELONY ($400 & OVER, ALL CHURCH VANDALISMS)",F,21-24,Blunt object,4,0.01
"VANDALISM - FELONY ($400 & OVER, ALL CHURCH VANDALISMS)",M,18-20,Blunt object,4,0.01
"VANDALISM - FELONY ($400 & OVER, ALL CHURCH VANDALISMS)",X,2-9,No weapon / unknown,4,0.01
"VANDALISM - FELONY ($400 & OVER, ALL CHURCH VANDALISMS)",X,18-20,Firearm,4,0.01
"VANDALISM - FELONY ($400 & OVER, ALL CHURCH VANDALISMS)",X,50-64,Other weapon,4,0.01
"VANDALISM - FELONY ($400 & OVER, ALL CHURCH VANDALISMS)",F,65+,Blunt object,3,0.01
"VANDALISM - FELONY ($400 & OVER, ALL CHURCH VANDALISMS)",M,13-17,Personal weapons,3,0.01
"VANDALISM - FELONY ($400 & OVER, ALL CHURCH VANDALISMS)",M,65+,Knife / sharp object,3,0.01
"VANDALISM - FELONY ($400 & OVER, ALL CHURCH VANDALISMS)",F,13-17,Other weapon,2,0.0
"VANDALISM - FELONY ($400 & OVER, ALL CHURCH VANDALISMS)",F,13-17,Personal weapons,2,0.0
"VANDALISM - FELONY ($400 & OVER, ALL CHURCH VANDALISMS)",F,18-20,Blunt object,2,0.0
"VANDALISM - FELONY ($400 & OVER, ALL CHURCH VANDALISMS)",F,21-24,Knife / sharp object,2,0.0
"VANDALISM - FELONY ($400 & OVER, ALL CHURCH VANDALISMS)",M,10-12,No weapon / unknown,2,0.0
"VANDALISM - FELONY ($400 & OVER, ALL CHURCH VANDALISMS)",M,21-24,Knife / sharp object,2,0.0
"VANDALISM - FELONY ($400 & OVER, ALL CHURCH VANDALISMS)",M,65+,Blunt object,2,0.0
"VANDALISM - FELONY ($400 & OVER, ALL CHURCH VANDALISMS)",X,18-20,Blunt object,2,0.0
"VANDALISM - FELONY ($400 & OVER, ALL CHURCH VANDALISMS)",X,21-24,Knife / sharp object,2,0.0
"VANDALISM - FELONY ($400 & OVER, ALL CHURCH VANDALISMS)",X,65+,Other weapon,2,0.0
"VANDALISM - FELONY ($400 & OVER, ALL CHURCH VANDALISMS)",F,2-9,No weapon / unknown,1,0.0
"VANDALISM - FELONY ($400 & OVER, ALL CHURCH VANDALISMS)",F,10-12,No weapon / unknown,1,0.0
"VANDALISM - FELONY ($400 & OVER, ALL CHURCH VANDALISMS)",F,18-20,Knife / sharp object,1,0.0
"VANDALISM - FELONY ($400 & OVER, ALL CHURCH VANDALISMS)",F,65+,Knife / sharp object,1,0.0
"VANDALISM - FELONY ($400 & OVER, ALL CHURCH VANDALISMS)",M,13-17,Other weapon,1,0.0
"VANDALISM - FELONY ($400 & OVER, ALL CHURCH VANDALISMS)",M,18-20,Knife / sharp object,1,0.0
"VANDALISM - FELONY ($400 & OVER, ALL CHURCH VANDALISMS)",X,2-9,Personal weapons,1,0.0
"VANDALISM - FELONY ($400 & OVER, ALL CHURCH VANDALISMS)",X,10-12,No weapon / unknown,1,0.0
"VANDALISM - FELONY ($400 & OVER, ALL CHURCH VANDALISMS)",X,21-24,Blunt object,1,0.0
"VANDALISM - FELONY ($400 & OVER, ALL CHURCH VANDALISMS)",X,25-34,Other weapon,1,0.0
"VANDALISM - FELONY ($400 & OVER, ALL CHURCH VANDALISMS)",X,35-49,Personal weapons,1,0.0
"VANDALISM - FELONY ($400 & OVER, ALL CHURCH VANDALISMS)",X,50-64,Personal weapons,1,0.0
VANDALISM - MISDEAMEANOR ($399 OR UNDER),F,35-49,No weapon / unknown,2855,14.22
VANDALISM - MISDEAMEANOR ($399 OR UNDER),M,35-49,No weapon / unknown,2731,13.6
VANDALISM - MISDEAMEANOR ($399 OR UNDER),F,25-34,No weapon / unknown,2490,12.4
VANDALISM - MISDEAMEANOR ($399 OR UNDER),M,50-64,No weapon / unknown,2300,11.45
VANDALISM - MISDEAMEANOR ($399 OR UNDER),M,25-34,No weapon / unknown,1974,9.83
VANDALISM - MISDEAMEANOR ($399 OR UNDER),F,50-64,No weapon / unknown,1958,9.75
VANDALISM - MISDEAMEANOR ($399 OR UNDER),M,65+,No weapon / unknown,979,4.88
VANDALISM - MISDEAMEANOR ($399 OR UNDER),F,65+,No weapon / unknown,870,4.33
VANDALISM - MISDEAMEANOR ($399 OR UNDER),F,21-24,No weapon / unknown,662,3.3
VANDALISM - MISDEAMEANOR ($399 OR UNDER),M,21-24,No weapon / unknown,471,2.35
VANDALISM - MISDEAMEANOR ($399 OR UNDER),F,18-20,No weapon / unknown,227,1.13
VANDALISM - MISDEAMEANOR ($399 OR UNDER),M,18-20,No weapon / unknown,188,0.94
VANDALISM - MISDEAMEANOR ($399 OR UNDER),F,35-49,Other weapon,187,0.93
VANDALISM - MISDEAMEANOR ($399 OR UNDER),M,35-49,Other weapon,186,0.93
VANDALISM - MISDEAMEANOR ($399 OR UNDER),X,21-24,No weapon / unknown,153,0.76
VANDALISM - MISDEAMEANOR ($399 OR UNDER),M,50-64,Other weapon,152,0.76
VANDALISM - MISDEAMEANOR ($399 OR UNDER),F,25-34,Other weapon,144,0.72
VANDALISM - MISDEAMEANOR ($399 OR UNDER),F,35-49,Personal weapons,129,0.64
VANDALISM - MISDEAMEANOR ($399 OR UNDER),X,18-20,No weapon / unknown,127,0.63
VANDALISM - MISDEAMEANOR ($399 OR UNDER),M,25-34,Other weapon,124,0.62
VANDALISM - MISDEAMEANOR ($399 OR UNDER),F,50-64,Other weapon,116,0.58
VANDALISM - MISDEAMEANOR ($399 OR UNDER),M,35-49,Personal weapons,96,0.48
VANDALISM - MISDEAMEANOR ($399 OR UNDER),F,25-34,Personal weapons,82,0.41
VANDALISM - MISDEAMEANOR ($399 OR UNDER),F,50-64,Personal weapons,77,0.38
VANDALISM - MISDEAMEANOR ($399 OR UNDER),M,25-34,Personal weapons,67,0.33
VANDALISM - MISDEAMEANOR ($399 OR UNDER),M,50-64,Personal weapons,66,0.33
VANDALISM - MISDEAMEANOR ($399 OR UNDER),M,65+,Other weapon,59,0.29
VANDALISM - MISDEAMEANOR ($399 OR UNDER),F,21-24,Other weapon,46,0.23
VANDALISM - MISDEAMEANOR ($399 OR UNDER),F,65+,Other weapon,43,0.21
VANDALISM - MISDEAMEANOR ($399 OR UNDER),M,65+,Personal weapons,30,0.15
VANDALISM - MISDEAMEANOR ($399 OR UNDER),F,65+,Personal weapons,28,0.14
VANDALISM - MISDEAMEANOR ($399 OR UNDER),M,21-24,Personal weapons,28,0.14
VANDALISM - MISDEAMEANOR ($399 OR UNDER),F,21-24,Personal weapons,27,0.13
VANDALISM - MISDEAMEANOR ($399 OR UNDER),M,35-49,Firearm,25,0.12
VANDALISM - MISDEAMEANOR ($399 OR UNDER),M,21-24,Other weapon,23,0.11
VANDALISM - MISDEAMEANOR ($399 OR UNDER),F,25-34,Knife / sharp object,19,0.09
VANDALISM - MISDEAMEANOR ($399 OR UNDER),X,35-49,No weapon / unknown,16,0.08
VANDALISM - MISDEAMEANOR ($399 OR UNDER),M,35-49,Knife / sharp object,15,0.07
VANDALISM - MISDEAMEANOR ($399 OR UNDER),M,50-64,Knife / sharp object,15,0.07
VANDALISM - MISDEAMEANOR ($399 OR UNDER),F,13-17,No weapon / unknown,14,0.07
VANDALISM - MISDEAMEANOR ($399 OR UNDER),F,18-20,Other weapon,14,0.07
VANDALISM - MISDEAMEANOR ($399 OR UNDER),M,50-64,Firearm,14,0.07
VANDALISM - MISDEAMEANOR ($399 OR UNDER),F,35-49,Knife / sharp object,13,0.06
VANDALISM - MISDEAMEANOR ($399 OR UNDER),M,13-17,No weapon / unknown,12,0.06
VANDALISM - MISDEAMEANOR ($399 OR UNDER),X,25-34,No weapon / unknown,12,0.06
VANDALISM - MISDEAMEANOR ($399 OR UNDER),M,18-20,Other weapon,11,0.05
VANDALISM - MISDEAMEANOR ($399 OR UNDER),M,18-20,Personal weapons,11,0.05
VANDALISM - MISDEAMEANOR ($399 OR UNDER),F,35-49,Blunt object,10,0.05
VANDALISM - MISDEAMEANOR ($399 OR UNDER),F,50-64,Knife / sharp object,10,0.05
VANDALISM - MISDEAMEANOR ($399 OR UNDER),M,25-34,Knife / sharp object,10,0.05
VANDALISM - MISDEAMEANOR ($399 OR UNDER),X,18-20,Personal weapons,10,0.05
VANDALISM - MISDEAMEANOR ($399 OR UNDER),M,25-34,Firearm,9,0.04
VANDALISM - MISDEAMEANOR ($399 OR UNDER),F,18-20,Personal weapons,8,0.04
VANDALISM - MISDEAMEANOR ($399 OR UNDER),X,21-24,Other weapon,8,0.04
VANDALISM - MISDEAMEANOR ($399 OR UNDER),F,35-49,Firearm,7,0.03
VANDALISM - MISDEAMEANOR ($399 OR UNDER),F,50-64,Firearm,7,0.03
VANDALISM - MISDEAMEANOR ($399 OR UNDER),M,21-24,Knife / sharp object,7,0.03
VANDALISM - MISDEAMEANOR ($399 OR UNDER),M,35-49,Blunt object,7,0.03
VANDALISM - MISDEAMEANOR ($399 OR UNDER),X,50-64,No weapon / unknown,7,0.03
VANDALISM - MISDEAMEANOR ($399 OR UNDER),M,65+,Blunt object,6,0.03
VANDALISM - MISDEAMEANOR ($399 OR UNDER),M,13-17,Personal weapons,5,0.02
VANDALISM - MISDEAMEANOR ($399 OR UNDER),F,21-24,Knife / sharp object,4,0.02
VANDALISM - MISDEAMEANOR ($399 OR UNDER),F,25-34,Blunt object,4,0.02
VANDALISM - MISDEAMEANOR ($399 OR UNDER),F,25-34,Firearm,4,0.02
VANDALISM - MISDEAMEANOR ($399 OR UNDER),F,65+,Knife / sharp object,4,0.02
VANDALISM - MISDEAMEANOR ($399 OR UNDER),M,2-9,No weapon / unknown,4,0.02
VANDALISM - MISDEAMEANOR ($399 OR UNDER),M,50-64,Blunt object,4,0.02
VANDALISM - MISDEAMEANOR ($399 OR UNDER),X,18-20,Other weapon,4,0.02
VANDALISM - MISDEAMEANOR ($399 OR UNDER),X,65+,No weapon / unknown,4,0.02
VANDALISM - MISDEAMEANOR ($399 OR UNDER),F,18-20,Knife / sharp object,3,0.01
VANDALISM - MISDEAMEANOR ($399 OR UNDER),F,50-64,Blunt object,3,0.01
VANDALISM - MISDEAMEANOR ($399 OR UNDER),M,21-24,Blunt object,3,0.01
VANDALISM - MISDEAMEANOR ($399 OR UNDER),M,25-34,Blunt object,3,0.01
VANDALISM - MISDEAMEANOR ($399 OR UNDER),M,65+,Knife / sharp object,3,0.01
VANDALISM - MISDEAMEANOR ($399 OR UNDER),X,21-24,Personal weapons,3,0.01
VANDALISM - MISDEAMEANOR ($399 OR UNDER),F,10-12,No weapon / unknown,2,0.01
VANDALISM - MISDEAMEANOR ($399 OR UNDER),F,18-20,Firearm,2,0.01
VANDALISM - MISDEAMEANOR ($399 OR UNDER),F,21-24,Blunt object,2,0.01
VANDALISM - MISDEAMEANOR ($399 OR UNDER),F,21-24,Firearm,2,0.01
VANDALISM - MISDEAMEANOR ($399 OR UNDER),F,65+,Firearm,2,0.01
VANDALISM - MISDEAMEANOR ($399 OR UNDER),M,18-20,Firearm,2,0.01
VANDALISM - MISDEAMEANOR ($399 OR UNDER),M,21-24,Firearm,2,0.01
VANDALISM - MISDEAMEANOR ($399 OR UNDER),M,65+,Firearm,2,0.01
VANDALISM - MISDEAMEANOR ($399 OR UNDER),X,2-9,No weapon / unknown,2,0.01
VANDALISM - MISDEAMEANOR ($399 OR UNDER),X,10-12,No weapon / unknown,2,0.01
VANDALISM - MISDEAMEANOR ($399 OR UNDER),X,25-34,Firearm,2,0.01
VANDALISM - MISDEAMEANOR ($399 OR UNDER),F,2-9,No weapon / unknown,1,0.0
VANDALISM - MISDEAMEANOR ($399 OR UNDER),F,13-17,Other weapon,1,0.0
VANDALISM - MISDEAMEANOR ($399 OR UNDER),F,65+,Blunt object,1,0.0
VANDALISM - MISDEAMEANOR ($399 OR UNDER),M,10-12,No weapon / unknown,1,0.0
VANDALISM - MISDEAMEANOR ($399 OR UNDER),M,18-20,Knife / sharp object,1,0.0
VANDALISM - MISDEAMEANOR ($399 OR UNDER),X,13-17,No weapon / unknown,1,0.0
VANDALISM - MISDEAMEANOR ($399 OR UNDER),X,18-20,Firearm,1,0.0
VANDALISM - MISDEAMEANOR ($399 OR UNDER),X,18-20,Knife / sharp object,1,0.0
VANDALISM - MISDEAMEANOR ($399 OR UNDER),X,21-24,Firearm,1,0.0
VANDALISM - MISDEAMEANOR ($399 OR UNDER),X,25-34,Other weapon,1,0.0
VANDALISM - MISDEAMEANOR ($399 OR UNDER),X,25-34,Personal weapons,1,0.0
VANDALISM - MISDEAMEANOR ($399 OR UNDER),X,35-49,Other weapon,1,0.0
VEHICLE - ATTEMPT STOLEN,M,35-49,No weapon / unknown,623,17.32
VEHICLE - ATTEMPT STOLEN,M,50-64,No weapon / unknown,512,14.23
VEHICLE - ATTEMPT STOLEN,M,25-34,No weapon / unknown,463,12.87
VEHICLE - ATTEMPT STOLEN,F,35-49,No weapon / unknown,412,11.45
VEHICLE - ATTEMPT STOLEN,F,25-34,No weapon / unknown,389,10.81
VEHICLE - ATTEMPT STOLEN,F,50-64,No weapon / unknown,293,8.15
VEHICLE - ATTEMPT STOLEN,M,65+,No weapon / unknown,189,5.25
VEHICLE - ATTEMPT STOLEN,M,21-24,No weapon / unknown,135,3.75
VEHICLE - ATTEMPT STOLEN,F,65+,No weapon / unknown,125,3.48
VEHICLE - ATTEMPT STOLEN,F,21-24,No weapon / unknown,121,3.36
VEHICLE - ATTEMPT STOLEN,M,35-49,Other weapon,46,1.28
VEHICLE - ATTEMPT STOLEN,M,18-20,No weapon / unknown,39,1.08
VEHICLE - ATTEMPT STOLEN,M,25-34,Other weapon,38,1.06
VEHICLE - ATTEMPT STOLEN,F,35-49,Other weapon,26,0.72
VEHICLE - ATTEMPT STOLEN,F,25-34,Other weapon,25,0.7
VEHICLE - ATTEMPT STOLEN,M,50-64,Other weapon,25,0.7
VEHICLE - ATTEMPT STOLEN,F,18-20,No weapon / unknown,24,0.67
VEHICLE - ATTEMPT STOLEN,F,50-64,Other weapon,11,0.31
VEHICLE - ATTEMPT STOLEN,X,21-24,No weapon / unknown,11,0.31
VEHICLE - ATTEMPT STOLEN,F,21-24,Other weapon,9,0.25
VEHICLE - ATTEMPT STOLEN,M,21-24,Other weapon,9,0.25
VEHICLE - ATTEMPT STOLEN,M,65+,Other weapon,9,0.25
VEHICLE - ATTEMPT STOLEN,F,18-20,Other weapon,6,0.17
VEHICLE - ATTEMPT STOLEN,M,50-64,Personal weapons,6,0.17
VEHICLE - ATTEMPT STOLEN,M,35-49,Personal weapons,5,0.14
VEHICLE - ATTEMPT STOLEN,X,18-20,No weapon / unknown,5,0.14
VEHICLE - ATTEMPT STOLEN,F,35-49,Personal weapons,4,0.11
VEHICLE - ATTEMPT STOLEN,F,50-64,Personal weapons,3,0.08
VEHICLE - ATTEMPT STOLEN,F,65+,Other weapon,3,0.08
VEHICLE - ATTEMPT STOLEN,M,35-49,Knife / sharp object,3,0.08
VEHICLE - ATTEMPT STOLEN,X,25-34,No weapon / unknown,3,0.08
VEHICLE - ATTEMPT STOLEN,F,25-34,Personal weapons,2,0.06
VEHICLE - ATTEMPT STOLEN,F,35-49,Firearm,2,0.06
VEHICLE - ATTEMPT STOLEN,M,18-20,Other weapon,2,0.06
VEHICLE - ATTEMPT STOLEN,M,25-34,Knife / sharp object,2,0.06
VEHICLE - ATTEMPT STOLEN,M,25-34,Personal weapons,2,0.06
VEHICLE - ATTEMPT STOLEN,M,50-64,Firearm,2,0.06
VEHICLE - ATTEMPT STOLEN,M,65+,Personal weapons,2,0.06
VEHICLE - ATTEMPT STOLEN,F,13-17,No weapon / unknown,1,0.03
VEHICLE - ATTEMPT STOLEN,F,21-24,Personal weapons,1,0.03
VEHICLE - ATTEMPT STOLEN,F,25-34,Blunt object,1,0.03
VEHICLE - ATTEMPT STOLEN,F,25-34,Firearm,1,0.03
VEHICLE - ATTEMPT STOLEN,F,50-64,Knife / sharp object,1,0.03
VEHICLE - ATTEMPT STOLEN,F,65+,Personal weapons,1,0.03
VEHICLE - ATTEMPT STOLEN,M,13-17,No weapon / unknown,1,0.03
VEHICLE - ATTEMPT STOLEN,M,13-17,Personal weapons,1,0.03
VEHICLE - ATTEMPT STOLEN,M,25-34,Firearm,1,0.03
VEHICLE - ATTEMPT STOLEN,M,50-64,Blunt object,1,0.03
VEHICLE - ATTEMPT STOLEN,X,21-24,Other weapon,1,0.03
VEHICLE - STOLEN,M,35-49,No weapon / unknown,59,17.2
VEHICLE - STOLEN,M,25-34,No weapon / unknown,58,16.91
VEHICLE - STOLEN,M,50-64,No weapon / unknown,53,15.45
VEHICLE - STOLEN,F,35-49,No weapon / unknown,31,9.04
VEHICLE - STOLEN,F,25-34,No weapon / unknown,27,7.87
VEHICLE - STOLEN,F,50-64,No weapon / unknown,15,4.37
VEHICLE - STOLEN,M,21-24,No weapon / unknown,12,3.5
VEHICLE - STOLEN,M,65+,No weapon / unknown,12,3.5
VEHICLE - STOLEN,F,21-24,No weapon / unknown,10,2.92
VEHICLE - STOLEN,F,65+,No weapon / unknown,7,2.04
VEHICLE - STOLEN,M,35-49,Personal weapons,7,2.04
VEHICLE - STOLEN,F,35-49,Other weapon,4,1.17
VEHICLE - STOLEN,M,18-20,No weapon / unknown,3,0.87
VEHICLE - STOLEN,M,21-24,Personal weapons,3,0.87
VEHICLE - STOLEN,M,25-34,Firearm,3,0.87
VEHICLE - STOLEN,M,50-64,Other weapon,3,0.87
VEHICLE - STOLEN,M,50-64,Personal weapons,3,0.87
VEHICLE - STOLEN,X,21-24,No weapon / unknown,3,0.87
VEHICLE - STOLEN,F,18-20,No weapon / unknown,2,0.58
VEHICLE - STOLEN,F,25-34,Personal weapons,2,0.58
VEHICLE - STOLEN,F,35-49,Personal weapons,2,0.58
VEHICLE - STOLEN,M,21-24,Other weapon,2,0.58
VEHICLE - STOLEN,M,25-34,Other weapon,2,0.58
VEHICLE - STOLEN,M,35-49,Firearm,2,0.58
VEHICLE - STOLEN,M,35-49,Knife / sharp object,2,0.58
VEHICLE - STOLEN,X,18-20,No weapon / unknown,2,0.58
VEHICLE - STOLEN,F,18-20,Personal weapons,1,0.29
VEHICLE - STOLEN,F,21-24,Other weapon,1,0.29
VEHICLE - STOLEN,F,25-34,Other weapon,1,0.29
VEHICLE - STOLEN,F,35-49,Firearm,1,0.29
VEHICLE - STOLEN,F,50-64,Firearm,1,0.29
VEHICLE - STOLEN,F,50-64,Other weapon,1,0.29
VEHICLE - STOLEN,F,65+,Personal weapons,1,0.29
VEHICLE - STOLEN,M,13-17,No weapon / unknown,1,0.29
VEHICLE - STOLEN,M,18-20,Firearm,1,0.29
VEHICLE - STOLEN,M,25-34,Personal weapons,1,0.29
VEHICLE - STOLEN,M,35-49,Other weapon,1,0.29
VEHICLE - STOLEN,M,50-64,Firearm,1,0.29
VEHICLE - STOLEN,M,50-64,Knife / sharp object,1,0.29
VEHICLE - STOLEN,M,65+,Personal weapons,1,0.29
"VEHICLE, STOLEN - OTHER (MOTORIZED SCOOTERS, BIKES, ETC)",M,25-34,No weapon / unknown,174,23.2
"VEHICLE, STOLEN - OTHER (MOTORIZED SCOOTERS, BIKES, ETC)",M,35-49,No weapon / unknown,123,16.4
"VEHICLE, STOLEN - OTHER (MOTORIZED SCOOTERS, BIKES, ETC)",M,50-64,No weapon / unknown,71,9.47
"VEHICLE, STOLEN - OTHER (MOTORIZED SCOOTERS, BIKES, ETC)",M,18-20,No weapon / unknown,64,8.53
"VEHICLE, STOLEN - OTHER (MOTORIZED SCOOTERS, BIKES, ETC)",M,21-24,No weapon / unknown,64,8.53
"VEHICLE, STOLEN - OTHER (MOTORIZED SCOOTERS, BIKES, ETC)",F,25-34,No weapon / unknown,52,6.93
"VEHICLE, STOLEN - OTHER (MOTORIZED SCOOTERS, BIKES, ETC)",F,18-20,No weapon / unknown,48,6.4
"VEHICLE, STOLEN - OTHER (MOTORIZED SCOOTERS, BIKES, ETC)",F,35-49,No weapon / unknown,43,5.73
"VEHICLE, STOLEN - OTHER (MOTORIZED SCOOTERS, BIKES, ETC)",F,21-24,No weapon / unknown,31,4.13
"VEHICLE, STOLEN - OTHER (MOTORIZED SCOOTERS, BIKES, ETC)",F,50-64,No weapon / unknown,20,2.67
"VEHICLE, STOLEN - OTHER (MOTORIZED SCOOTERS, BIKES, ETC)",M,65+,No weapon / unknown,18,2.4
"VEHICLE, STOLEN - OTHER (MOTORIZED SCOOTERS, BIKES, ETC)",X,18-20,No weapon / unknown,8,1.07
"VEHICLE, STOLEN - OTHER (MOTORIZED SCOOTERS, BIKES, ETC)",F,65+,No weapon / unknown,7,0.93
"VEHICLE, STOLEN - OTHER (MOTORIZED SCOOTERS, BIKES, ETC)",X,21-24,No weapon / unknown,6,0.8
"VEHICLE, STOLEN - OTHER (MOTORIZED SCOOTERS, BIKES, ETC)",M,13-17,No weapon / unknown,4,0.53
"VEHICLE, STOLEN - OTHER (MOTORIZED SCOOTERS, BIKES, ETC)",X,25-34,No weapon / unknown,4,0.53
"VEHICLE, STOLEN - OTHER (MOTORIZED SCOOTERS, BIKES, ETC)",F,25-34,Other weapon,2,0.27
"VEHICLE, STOLEN - OTHER (MOTORIZED SCOOTERS, BIKES, ETC)",F,13-17,No weapon / unknown,1,0.13
"VEHICLE, STOLEN - OTHER (MOTORIZED SCOOTERS, BIKES, ETC)",F,21-24,Personal weapons,1,0.13
"VEHICLE, STOLEN - OTHER (MOTORIZED SCOOTERS, BIKES, ETC)",F,25-34,Personal weapons,1,0.13
"VEHICLE, STOLEN - OTHER (MOTORIZED SCOOTERS, BIKES, ETC)",M,10-12,No weapon / unknown,1,0.13
"VEHICLE, STOLEN - OTHER (MOTORIZED SCOOTERS, BIKES, ETC)",M,18-20,Other weapon,1,0.13
"VEHICLE, STOLEN - OTHER (MOTORIZED SCOOTERS, BIKES, ETC)",M,18-20,Personal weapons,1,0.13
"VEHICLE, STOLEN - OTHER (MOTORIZED SCOOTERS, BIKES, ETC)",M,25-34,Personal weapons,1,0.13
"VEHICLE, STOLEN - OTHER (MOTORIZED SCOOTERS, BIKES, ETC)",M,35-49,Other weapon,1,0.13
"VEHICLE, STOLEN - OTHER (MOTORIZED SCOOTERS, BIKES, ETC)",M,35-49,Personal weapons,1,0.13
"VEHICLE, STOLEN - OTHER (MOTORIZED SCOOTERS, BIKES, ETC)",M,65+,Other weapon,1,0.13
"VEHICLE, STOLEN - OTHER (MOTORIZED SCOOTERS, BIKES, ETC)",X,18-20,Personal weapons,1,0.13
VIOLATION OF COURT ORDER,F,35-49,No weapon / unknown,1554,24.97
VIOLATION OF COURT ORDER,F,25-34,No weapon / unknown,1107,17.79
VIOLATION OF COURT ORDER,F,50-64,No weapon / unknown,791,12.71
VIOLATION OF COURT ORDER,M,35-49,No weapon / unknown,647,10.4
VIOLATION OF COURT ORDER,M,50-64,No weapon / unknown,406,6.52
VIOLATION OF COURT ORDER,M,25-34,No weapon / unknown,382,6.14
VIOLATION OF COURT ORDER,F,65+,No weapon / unknown,295,4.74
VIOLATION OF COURT ORDER,M,65+,No weapon / unknown,264,4.24
VIOLATION OF COURT ORDER,F,21-24,No weapon / unknown,210,3.37
VIOLATION OF COURT ORDER,F,18-20,No weapon / unknown,83,1.33
VIOLATION OF COURT ORDER,F,35-49,Other weapon,55,0.88
VIOLATION OF COURT ORDER,M,21-24,No weapon / unknown,47,0.76
VIOLATION OF COURT ORDER,M,35-49,Other weapon,34,0.55
VIOLATION OF COURT ORDER,F,13-17,No weapon / unknown,29,0.47
VIOLATION OF COURT ORDER,M,13-17,No weapon / unknown,29,0.47
VIOLATION OF COURT ORDER,F,25-34,Other weapon,27,0.43
VIOLATION OF COURT ORDER,M,18-20,No weapon / unknown,27,0.43
VIOLATION OF COURT ORDER,F,2-9,No weapon / unknown,20,0.32
VIOLATION OF COURT ORDER,F,50-64,Other weapon,19,0.31
VIOLATION OF COURT ORDER,F,35-49,Personal weapons,16,0.26
VIOLATION OF COURT ORDER,M,50-64,Other weapon,16,0.26
VIOLATION OF COURT ORDER,F,21-24,Other weapon,15,0.24
VIOLATION OF COURT ORDER,M,2-9,No weapon / unknown,14,0.22
VIOLATION OF COURT ORDER,F,50-64,Personal weapons,12,0.19
VIOLATION OF COURT ORDER,M,10-12,No weapon / unknown,11,0.18
VIOLATION OF COURT ORDER,M,25-34,Other weapon,11,0.18
VIOLATION OF COURT ORDER,F,25-34,Personal weapons,10,0.16
VIOLATION OF COURT ORDER,M,65+,Other weapon,10,0.16
VIOLATION OF COURT ORDER,F,10-12,No weapon / unknown,7,0.11
VIOLATION OF COURT ORDER,F,65+,Personal weapons,7,0.11
VIOLATION OF COURT ORDER,X,2-9,No weapon / unknown,7,0.11
VIOLATION OF COURT ORDER,F,21-24,Personal weapons,6,0.1
VIOLATION OF COURT ORDER,F,65+,Other weapon,6,0.1
VIOLATION OF COURT ORDER,M,35-49,Personal weapons,5,0.08
VIOLATION OF COURT ORDER,M,50-64,Personal weapons,5,0.08
VIOLATION OF COURT ORDER,X,13-17,No weapon / unknown,5,0.08
VIOLATION OF COURT ORDER,F,18-20,Other weapon,4,0.06
VIOLATION OF COURT ORDER,M,25-34,Personal weapons,4,0.06
VIOLATION OF COURT ORDER,M,21-24,Other weapon,3,0.05
VIOLATION OF COURT ORDER,X,50-64,No weapon / unknown,3,0.05
VIOLATION OF COURT ORDER,F,2-9,Other weapon,2,0.03
VIOLATION OF COURT ORDER,F,35-49,Knife / sharp object,2,0.03
VIOLATION OF COURT ORDER,M,65+,Personal weapons,2,0.03
VIOLATION OF COURT ORDER,X,18-20,No weapon / unknown,2,0.03
VIOLATION OF COURT ORDER,X,21-24,No weapon / unknown,2,0.03
VIOLATION OF COURT ORDER,X,25-34,No weapon / unknown,2,0.03
VIOLATION OF COURT ORDER,X,35-49,No weapon / unknown,2,0.03
VIOLATION OF COURT ORDER,F,2-9,Personal weapons,1,0.02
VIOLATION OF COURT ORDER,F,18-20,Personal weapons,1,0.02
VIOLATION OF COURT ORDER,F,25-34,Knife / sharp object,1,0.02
VIOLATION OF COURT ORDER,M,2-9,Other weapon,1,0.02
VIOLATION OF COURT ORDER,M,2-9,Personal weapons,1,0.02
VIOLATION OF COURT ORDER,M,35-49,Knife / sharp object,1,0.02
VIOLATION OF COURT ORDER,X,10-12,No weapon / unknown,1,0.02
VIOLATION OF RESTRAINING ORDER,F,35-49,No weapon / unknown,2831,24.61
VIOLATION OF RESTRAINING ORDER,F,25-34,No weapon / unknown,2220,19.3
VIOLATION OF RESTRAINING ORDER,F,50-64,No weapon / unknown,1723,14.98
VIOLATION OF RESTRAINING ORDER,F,65+,No weapon / unknown,760,6.61
VIOLATION OF RESTRAINING ORDER,M,35-49,No weapon / unknown,752,6.54
VIOLATION OF RESTRAINING ORDER,M,50-64,No weapon / unknown,656,5.7
VIOLATION OF RESTRAINING ORDER,F,21-24,No weapon / unknown,505,4.39
VIOLATION OF RESTRAINING ORDER,M,65+,No weapon / unknown,448,3.89
VIOLATION OF RESTRAINING ORDER,M,25-34,No weapon / unknown,432,3.76
VIOLATION OF RESTRAINING ORDER,F,18-20,No weapon / unknown,176,1.53
VIOLATION OF RESTRAINING ORDER,F,35-49,Other weapon,112,0.97
VIOLATION OF RESTRAINING ORDER,M,21-24,No weapon / unknown,100,0.87
VIOLATION OF RESTRAINING ORDER,F,25-34,Other weapon,94,0.82
VIOLATION OF RESTRAINING ORDER,F,13-17,No weapon / unknown,69,0.6
VIOLATION OF RESTRAINING ORDER,F,50-64,Other weapon,68,0.59
VIOLATION OF RESTRAINING ORDER,M,13-17,No weapon / unknown,49,0.43
VIOLATION OF RESTRAINING ORDER,M,2-9,No weapon / unknown,47,0.41
VIOLATION OF RESTRAINING ORDER,M,18-20,No weapon / unknown,46,0.4
VIOLATION OF RESTRAINING ORDER,M,35-49,Other weapon,42,0.37
VIOLATION OF RESTRAINING ORDER,M,50-64,Other weapon,34,0.3
VIOLATION OF RESTRAINING ORDER,F,35-49,Personal weapons,32,0.28
VIOLATION OF RESTRAINING ORDER,F,21-24,Other weapon,31,0.27
VIOLATION OF RESTRAINING ORDER,F,2-9,No weapon / unknown,30,0.26
VIOLATION OF RESTRAINING ORDER,F,50-64,Personal weapons,25,0.22
VIOLATION OF RESTRAINING ORDER,F,25-34,Personal weapons,23,0.2
VIOLATION OF RESTRAINING ORDER,M,25-34,Other weapon,23,0.2
VIOLATION OF RESTRAINING ORDER,F,65+,Other weapon,19,0.17
VIOLATION OF RESTRAINING ORDER,M,65+,Other weapon,19,0.17
VIOLATION OF RESTRAINING ORDER,M,10-12,No weapon / unknown,18,0.16
VIOLATION OF RESTRAINING ORDER,M,35-49,Personal weapons,12,0.1
VIOLATION OF RESTRAINING ORDER,F,21-24,Personal weapons,10,0.09
VIOLATION OF RESTRAINING ORDER,F,10-12,No weapon / unknown,8,0.07
VIOLATION OF RESTRAINING ORDER,F,18-20,Other weapon,8,0.07
VIOLATION OF RESTRAINING ORDER,F,65+,Personal weapons,8,0.07
VIOLATION OF RESTRAINING ORDER,M,50-64,Personal weapons,8,0.07
VIOLATION OF RESTRAINING ORDER,M,65+,Personal weapons,7,0.06
VIOLATION OF RESTRAINING ORDER,X,50-64,No weapon / unknown,5,0.04
VIOLATION OF RESTRAINING ORDER,F,13-17,Other weapon,4,0.03
VIOLATION OF RESTRAINING ORDER,F,50-64,Firearm,4,0.03
VIOLATION OF RESTRAINING ORDER,X,2-9,No weapon / unknown,4,0.03
VIOLATION OF RESTRAINING ORDER,X,18-20,No weapon / unknown,4,0.03
VIOLATION OF RESTRAINING ORDER,F,25-34,Knife / sharp object,3,0.03
VIOLATION OF RESTRAINING ORDER,M,21-24,Other weapon,3,0.03
VIOLATION OF RESTRAINING ORDER,M,21-24,Personal weapons,3,0.03
VIOLATION OF RESTRAINING ORDER,X,10-12,No weapon / unknown,3,0.03
VIOLATION OF RESTRAINING ORDER,X,35-49,No weapon / unknown,3,0.03
VIOLATION OF RESTRAINING ORDER,X,35-49,Personal weapons,3,0.03
VIOLATION OF RESTRAINING ORDER,F,65+,Knife / sharp object,2,0.02
VIOLATION OF RESTRAINING ORDER,M,25-34,Personal weapons,2,0.02
VIOLATION OF RESTRAINING ORDER,X,13-17,No weapon / unknown,2,0.02
VIOLATION OF RESTRAINING ORDER,X,25-34,No weapon / unknown,2,0.02
VIOLATION OF RESTRAINING ORDER,F,10-12,Personal weapons,1,0.01
VIOLATION OF RESTRAINING ORDER,F,13-17,Personal weapons,1,0.01
VIOLATION OF RESTRAINING ORDER,F,18-20,Personal weapons,1,0.01
VIOLATION OF RESTRAINING ORDER,F,25-34,Firearm,1,0.01
VIOLATION OF RESTRAINING ORDER,F,35-49,Blunt object,1,0.01
VIOLATION OF RESTRAINING ORDER,F,50-64,Knife / sharp object,1,0.01
VIOLATION OF RESTRAINING ORDER,M,13-17,Personal weapons,1,0.01
VIOLATION OF RESTRAINING ORDER,M,35-49,Knife / sharp object,1,0.01
VIOLATION OF RESTRAINING ORDER,M,50-64,Firearm,1,0.01
VIOLATION OF RESTRAINING ORDER,X,21-24,Other weapon,1,0.01
VIOLATION OF RESTRAINING ORDER,X,25-34,Other weapon,1,0.01
VIOLATION OF RESTRAINING ORDER,X,65+,No weapon / unknown,1,0.01
VIOLATION OF TEMPORARY RESTRAINING ORDER,F,35-49,No weapon / unknown,236,26.19
VIOLATION OF TEMPORARY RESTRAINING ORDER,F,25-34,No weapon / unknown,170,18.87
VIOLATION OF TEMPORARY RESTRAINING ORDER,F,50-64,No weapon / unknown,120,13.32
VIOLATION OF TEMPORARY RESTRAINING ORDER,M,35-49,No weapon / unknown,60,6.66
VIOLATION OF TEMPORARY RESTRAINING ORDER,M,50-64,No weapon / unknown,56,6.22
VIOLATION OF TEMPORARY RESTRAINING ORDER,F,65+,No weapon / unknown,52,5.77
VIOLATION OF TEMPORARY RESTRAINING ORDER,M,25-34,No weapon / unknown,46,5.11
VIOLATION OF TEMPORARY RESTRAINING ORDER,M,65+,No weapon / unknown,34,3.77
VIOLATION OF TEMPORARY RESTRAINING ORDER,F,21-24,No weapon / unknown,30,3.33
VIOLATION OF TEMPORARY RESTRAINING ORDER,F,18-20,No weapon / unknown,21,2.33
VIOLATION OF TEMPORARY RESTRAINING ORDER,F,35-49,Other weapon,15,1.66
VIOLATION OF TEMPORARY RESTRAINING ORDER,M,21-24,No weapon / unknown,13,1.44
VIOLATION OF TEMPORARY RESTRAINING ORDER,F,13-17,No weapon / unknown,7,0.78
VIOLATION OF TEMPORARY RESTRAINING ORDER,F,25-34,Other weapon,7,0.78
VIOLATION OF TEMPORARY RESTRAINING ORDER,M,50-64,Other weapon,5,0.55
VIOLATION OF TEMPORARY RESTRAINING ORDER,M,2-9,No weapon / unknown,4,0.44
VIOLATION OF TEMPORARY RESTRAINING ORDER,M,10-12,No weapon / unknown,3,0.33
VIOLATION OF TEMPORARY RESTRAINING ORDER,F,10-12,No weapon / unknown,2,0.22
VIOLATION OF TEMPORARY RESTRAINING ORDER,F,50-64,Other weapon,2,0.22
VIOLATION OF TEMPORARY RESTRAINING ORDER,M,18-20,No weapon / unknown,2,0.22
VIOLATION OF TEMPORARY RESTRAINING ORDER,M,65+,Other weapon,2,0.22
VIOLATION OF TEMPORARY RESTRAINING ORDER,F,2-9,No weapon / unknown,1,0.11
VIOLATION OF TEMPORARY RESTRAINING ORDER,F,21-24,Other weapon,1,0.11
VIOLATION OF TEMPORARY RESTRAINING ORDER,F,25-34,Personal weapons,1,0.11
VIOLATION OF TEMPORARY RESTRAINING ORDER,F,35-49,Knife / sharp object,1,0.11
VIOLATION OF TEMPORARY RESTRAINING ORDER,F,35-49,Personal weapons,1,0.11
VIOLATION OF TEMPORARY RESTRAINING ORDER,F,50-64,Personal weapons,1,0.11
VIOLATION OF TEMPORARY RESTRAINING ORDER,F,65+,Knife / sharp object,1,0.11
VIOLATION OF TEMPORARY RESTRAINING ORDER,F,65+,Other weapon,1,0.11
VIOLATION OF TEMPORARY RESTRAINING ORDER,M,13-17,No weapon / unknown,1,0.11
VIOLATION OF TEMPORARY RESTRAINING ORDER,M,35-49,Other weapon,1,0.11
VIOLATION OF TEMPORARY RESTRAINING ORDER,M,50-64,Personal weapons,1,0.11
VIOLATION OF TEMPORARY RESTRAINING ORDER,M,65+,Personal weapons,1,0.11
VIOLATION OF TEMPORARY RESTRAINING ORDER,X,50-64,No weapon / unknown,1,0.11
VIOLATION OF TEMPORARY RESTRAINING ORDER,X,65+,No weapon / unknown,1,0.11
WEAPONS POSSESSION/BOMBING,M,35-49,Other weapon,3,21.43
WEAPONS POSSESSION/BOMBING,F,21-24,Other weapon,2,14.29
WEAPONS POSSESSION/BOMBING,M,25-34,Other weapon,2,14.29
WEAPONS POSSESSION/BOMBING,F,25-34,Personal weapons,1,7.14
WEAPONS POSSESSION/BOMBING,F,50-64,Other weapon,1,7.14
WEAPONS POSSESSION/BOMBING,M,21-24,Other weapon,1,7.14
WEAPONS POSSESSION/BOMBING,M,50-64,Other weapon,1,7.14
WEAPONS POSSESSION/BOMBING,M,65+,Other weapon,1,7.14
WEAPONS POSSESSION/BOMBING,X,18-20,Other weapon,1,7.14
WEAPONS POSSESSION/BOMBING,X,21-24,Firearm,1,7.14
